t,mode,px_des,py_des,pz_des,vx_des,vy_des,vz_des,ax_des,ay_des,az_des,yaw_des,px,py,pz,vx,vy,vz,qw,qx,qy,qz,wx,wy,wz,thrust_cmd,tau_x,tau_y,tau_z,rpm0,rpm1,rpm2,rpm3,rpm4,rpm5,rpm6,rpm7,alloc_residual,qp_iter
0.000243,0,-5.000000,0.000000,4.000000,0.000000,0.000000,0.000000,0.000000,0.000000,0.000000,0.000000,-5.000000,-0.000000,3.999999,-0.000000,-0.000000,-0.002389,1.000000,0.000000,0.000000,0.000000,0.000000,0.000000,0.000000,4512.600000,0.000000,0.000000,0.000000,2000.188850,2110.881408,2000.188850,2110.881408,2000.188850,2110.881408,2000.188850,2110.881408,0.008248,75
0.005218,0,-5.000000,0.000000,4.000000,0.000000,0.000000,0.000000,0.000000,0.000000,0.000000,0.000000,-5.000000,-0.000000,3.999747,-0.000000,-0.000000,-0.050736,1.000000,0.000000,0.000000,0.000000,0.000000,0.000000,-0.000000,4515.261388,-0.000000,-0.000000,-0.000000,2000.760103,2111.491116,2000.760103,2111.491116,2000.760103,2111.491116,2000.760103,2111.491116,0.008228,75
0.010250,0,-5.000000,0.000000,4.000000,0.000000,0.000000,0.000000,0.000000,0.000000,0.000000,0.000000,-5.000000,-0.000000,3.999266,-0.000000,-0.000000,-0.095668,1.000000,0.000000,0.000000,-0.000000,-0.000000,0.000000,-0.000000,4569.370878,-0.000000,-0.000000,0.000000,2012.332357,2123.868684,2012.332357,2123.868684,2012.332357,2123.868684,2012.332357,2123.868684,0.007832,75
0.015268,0,-5.000000,0.000000,4.000000,0.000000,0.000000,0.000000,0.000000,0.000000,0.000000,0.000000,-5.000000,-0.000000,3.998583,-0.000000,-0.000000,-0.136107,1.000000,-0.000000,0.000000,-0.000000,-0.000000,-0.000000,-0.000000,4619.917621,0.000000,-0.000000,0.000000,2023.069448,2135.391799,2023.069448,2135.391799,2023.069448,2135.391799,2023.069448,2135.391799,0.007453,75
0.020348,0,-5.000000,0.000000,4.000000,0.000000,0.000000,0.000000,0.000000,0.000000,0.000000,0.000000,-5.000000,-0.000000,3.997707,-0.000000,-0.000000,-0.172410,1.000000,-0.000000,0.000000,-0.000000,-0.000000,-0.000000,-0.000000,4665.673122,0.000000,0.000000,0.000000,2032.727617,2145.773114,2032.727617,2145.773114,2032.727617,2145.773114,2032.727617,2145.773114,0.007102,75
0.025327,0,-5.000000,0.000000,4.000000,0.000000,0.000000,0.000000,0.000000,0.000000,0.000000,0.000000,-5.000000,-0.000000,3.996694,-0.000000,-0.000000,-0.203476,1.000000,-0.000000,-0.000000,-0.000000,-0.000000,-0.000000,-0.000000,4707.025222,0.000000,0.000000,0.000000,2041.407413,2155.095809,2041.407413,2155.095809,2041.407413,2155.095809,2041.407413,2155.095809,0.006780,75
0.030319,0,-5.000000,0.000000,4.000000,0.000000,0.000000,0.000000,0.000000,0.000000,0.000000,0.000000,-5.000000,-0.000000,3.995544,-0.000000,-0.000000,-0.230274,1.000000,-0.000000,-0.000000,-0.000000,-0.000000,-0.000000,0.000000,4742.689834,0.000000,0.000000,0.000000,2048.857892,2163.077191,2048.857892,2163.077191,2048.857892,2163.077191,2048.857892,2163.077191,0.006497,75
0.035378,0,-5.000000,0.000000,4.000000,0.000000,0.000000,0.000000,0.000000,0.000000,0.000000,0.000000,-5.000000,-0.000000,3.994263,-0.000000,-0.000000,-0.253305,1.000000,-0.000000,-0.000000,-0.000000,-0.000000,-0.000000,0.000000,4773.745641,0.000000,0.000000,-0.000000,2055.319490,2169.976800,2055.319490,2169.976800,2055.319490,2169.976800,2055.319490,2169.976800,0.006248,75
0.040378,0,-5.000000,0.000000,4.000000,0.000000,0.000000,0.000000,0.000000,0.000000,0.000000,0.000000,-5.000000,-0.000000,3.992901,-0.000000,-0.000000,-0.272410,1.000000,-0.000000,-0.000000,-0.000000,-0.000000,-0.000000,0.000000,4800.744423,0.000000,0.000000,-0.000000,2060.921151,2175.937468,2060.921151,2175.937468,2060.921151,2175.937468,2060.921151,2175.937468,0.006466,75
0.045352,0,-5.000000,0.000000,4.000000,0.000000,0.000000,0.000000,0.000000,0.000000,0.000000,0.000000,-5.000000,-0.000000,3.991467,-0.000000,-0.000000,-0.288153,1.000000,-0.000000,-0.000000,-0.000000,-0.000000,-0.000000,0.000000,4823.455665,0.000000,0.000000,-0.000000,2065.622133,2180.923942,2065.622133,2180.923942,2065.622133,2180.923942,2065.622133,2180.923942,0.006989,75
0.050335,0,-5.000000,0.000000,4.000000,0.000000,0.000000,0.000000,0.000000,0.000000,0.000000,0.000000,-5.000000,-0.000000,3.989967,-0.000000,-0.000000,-0.301063,1.000000,-0.000000,-0.000000,-0.000000,-0.000000,-0.000000,0.000000,4842.498549,0.000000,0.000000,-0.000000,2069.556466,2185.085921,2069.556466,2185.085921,2069.556466,2185.085921,2069.556466,2185.085921,0.007430,75
0.055271,0,-5.000000,0.000000,4.000000,0.000000,0.000000,0.000000,0.000000,0.000000,0.000000,0.000000,-5.000000,-0.000000,3.988430,-0.000000,-0.000000,-0.311377,1.000000,-0.000000,-0.000000,-0.000000,-0.000000,-0.000000,0.000000,4858.455789,0.000000,0.000000,-0.000000,2072.848359,2188.560682,2072.848359,2188.560682,2072.848359,2188.560682,2072.848359,2188.560682,0.007801,75
0.060344,0,-5.000000,0.000000,4.000000,0.000000,0.000000,0.000000,0.000000,0.000000,0.000000,0.000000,-5.000000,-0.000000,3.986809,-0.000000,-0.000000,-0.319679,1.000000,-0.000000,-0.000000,-0.000000,-0.000000,-0.000000,0.000000,4871.561185,0.000000,0.000000,-0.000000,2075.548632,2191.406216,2075.548632,2191.406216,2075.548632,2191.406216,2075.548632,2191.406216,0.008108,75
0.065363,0,-5.000000,0.000000,4.000000,0.000000,0.000000,0.000000,0.000000,0.000000,0.000000,0.000000,-5.000000,-0.000000,3.985173,-0.000000,-0.000000,-0.325943,1.000000,-0.000000,-0.000000,-0.000000,-0.000000,-0.000000,0.000000,4882.515038,0.000000,0.000000,-0.000000,2077.803308,2193.779309,2077.803308,2193.779309,2077.803308,2193.779309,2077.803308,2193.779309,0.008365,75
0.070239,0,-5.000000,0.000000,4.000000,0.000000,0.000000,0.000000,0.000000,0.000000,0.000000,0.000000,-5.000000,-0.000000,3.983561,-0.000000,-0.000000,-0.330452,1.000000,-0.000000,-0.000000,-0.000000,-0.000000,-0.000000,0.000000,4891.214725,0.000000,0.000000,-0.000000,2079.592498,2195.660892,2079.592498,2195.660892,2079.592498,2195.660892,2079.592498,2195.660892,0.008569,75
0.075209,0,-5.000000,0.000000,4.000000,0.000000,0.000000,0.000000,0.000000,0.000000,0.000000,0.000000,-5.000000,-0.000000,3.981903,-0.000000,-0.000000,-0.333641,1.000000,-0.000000,-0.000000,-0.000000,-0.000000,-0.000000,0.000000,4897.932545,0.000000,0.000000,-0.000000,2080.973165,2197.112073,2080.973165,2197.112073,2080.973165,2197.112073,2080.973165,2197.112073,0.008728,75
0.080204,0,-5.000000,0.000000,4.000000,0.000000,0.000000,0.000000,0.000000,0.000000,0.000000,0.000000,-5.000000,-0.000000,3.980227,-0.000000,-0.000000,-0.335640,1.000000,-0.000000,-0.000000,-0.000000,-0.000000,-0.000000,0.000000,4903.231231,0.000000,0.000000,-0.000000,2082.061585,2198.255693,2082.061585,2198.255693,2082.061585,2198.255693,2082.061585,2198.255693,0.008853,75
0.085375,0,-5.000000,0.000000,4.000000,0.000000,0.000000,0.000000,0.000000,0.000000,0.000000,0.000000,-5.000000,-0.000000,3.978486,-0.000000,-0.000000,-0.336615,1.000000,-0.000000,-0.000000,-0.000000,-0.000000,-0.000000,0.000000,4907.223402,0.000000,0.000000,-0.000000,2082.881283,2199.116784,2082.881283,2199.116784,2082.881283,2199.116784,2082.881283,2199.116784,0.008947,75
0.090321,0,-5.000000,0.000000,4.000000,0.000000,0.000000,0.000000,0.000000,0.000000,0.000000,0.000000,-5.000000,-0.000000,3.976821,-0.000000,-0.000000,-0.336709,1.000000,-0.000000,-0.000000,-0.000000,-0.000000,-0.000000,0.000000,4910.142700,0.000000,0.000000,-0.000000,2083.480502,2199.746183,2083.480502,2199.746183,2083.480502,2199.746183,2083.480502,2199.746183,0.009016,75
0.095405,0,-5.000000,0.000000,4.000000,0.000000,0.000000,0.000000,0.000000,0.000000,0.000000,0.000000,-5.000000,-0.000000,3.975112,-0.000000,-0.000000,-0.336058,1.000000,-0.000000,-0.000000,-0.000000,-0.000000,-0.000000,0.000000,4912.001203,0.000000,0.000000,-0.000000,2083.861893,2200.146758,2083.861893,2200.146758,2083.861893,2200.146758,2083.861893,2200.146758,0.009060,75
0.100400,0,-5.000000,0.000000,4.000000,0.000000,0.000000,0.000000,0.000000,0.000000,0.000000,0.000000,-5.000000,-0.000000,3.973440,-0.000000,-0.000000,-0.334813,1.000000,-0.000000,-0.000000,-0.000000,-0.000000,-0.000000,0.000000,4913.075222,0.000000,0.000000,-0.000000,2084.082267,2200.378209,2084.082267,2200.378209,2084.082267,2200.378209,2084.082267,2200.378209,0.009086,75
0.105223,0,-5.000000,0.000000,4.000000,0.000000,0.000000,0.000000,0.000000,0.000000,0.000000,0.000000,-5.000000,-0.000000,3.971833,-0.000000,-0.000000,-0.333139,1.000000,-0.000000,-0.000000,-0.000000,-0.000000,-0.000000,0.000000,4913.450636,0.000000,0.000000,-0.000000,2084.159291,2200.459103,2084.159291,2200.459103,2084.159291,2200.459103,2084.159291,2200.459103,0.009095,75
0.110243,0,-5.000000,0.000000,4.000000,0.000000,0.000000,0.000000,0.000000,0.000000,0.000000,0.000000,-5.000000,-0.000000,3.970171,-0.000000,-0.000000,-0.330963,1.000000,-0.000000,-0.000000,0.000000,-0.000000,-0.000000,0.000000,4913.277814,0.000000,0.000000,-0.000000,2084.123833,2200.421864,2084.123833,2200.421864,2084.123833,2200.421864,2084.123833,2200.421864,0.009091,75
0.115223,0,-5.000000,0.000000,4.000000,0.000000,0.000000,0.000000,0.000000,0.000000,0.000000,0.000000,-5.000000,-0.000000,3.968536,-0.000000,-0.000000,-0.328450,1.000000,-0.000000,-0.000000,0.000000,-0.000000,-0.000000,0.000000,4912.604835,0.000000,0.000000,-0.000000,2083.985753,2200.276844,2083.985753,2200.276844,2083.985753,2200.276844,2083.985753,2200.276844,0.009075,75
0.120234,0,-5.000000,0.000000,4.000000,0.000000,0.000000,0.000000,0.000000,0.000000,0.000000,0.000000,-5.000000,-0.000000,3.966904,-0.000000,-0.000000,-0.325620,1.000000,-0.000000,-0.000000,0.000000,-0.000000,-0.000000,0.000000,4911.528349,0.000000,0.000000,-0.000000,2083.764863,2200.044850,2083.764863,2200.044850,2083.764863,2200.044850,2083.764863,2200.044850,0.009049,75
0.125316,0,-5.000000,0.000000,4.000000,0.000000,0.000000,0.000000,0.000000,0.000000,0.000000,0.000000,-5.000000,-0.000000,3.965265,-0.000000,-0.000000,-0.322496,1.000000,-0.000000,-0.000000,0.000000,-0.000000,-0.000000,0.000000,4910.095975,0.000000,0.000000,-0.000000,2083.470912,2199.736111,2083.470912,2199.736111,2083.470912,2199.736111,2083.470912,2199.736111,0.009015,75
0.130306,0,-5.000000,0.000000,4.000000,0.000000,0.000000,0.000000,0.000000,0.000000,0.000000,0.000000,-5.000000,-0.000000,3.963672,-0.000000,-0.000000,-0.319225,1.000000,-0.000000,-0.000000,0.000000,-0.000000,-0.000000,0.000000,4908.342401,0.000000,0.000000,-0.000000,2083.110990,2199.358067,2083.110990,2199.358067,2083.110990,2199.358067,2083.110990,2199.358067,0.008974,75
0.135302,0,-5.000000,0.000000,4.000000,0.000000,0.000000,0.000000,0.000000,0.000000,0.000000,0.000000,-5.000000,-0.000000,3.962094,-0.000000,-0.000000,-0.315785,1.000000,-0.000000,-0.000000,0.000000,-0.000000,-0.000000,0.000000,4906.377942,0.000000,0.000000,-0.000000,2082.707713,2198.934460,2082.707713,2198.934460,2082.707713,2198.934460,2082.707713,2198.934460,0.008927,75
0.140320,0,-5.000000,0.000000,4.000000,0.000000,0.000000,0.000000,0.000000,0.000000,0.000000,0.000000,-5.000000,-0.000000,3.960528,-0.000000,-0.000000,-0.312194,1.000000,-0.000000,-0.000000,0.000000,-0.000000,-0.000000,0.000000,4904.208158,0.000000,0.000000,-0.000000,2082.262202,2198.466454,2082.262202,2198.466454,2082.262202,2198.466454,2082.262202,2198.466454,0.008876,75
0.145309,0,-5.000000,0.000000,4.000000,0.000000,0.000000,0.000000,0.000000,0.000000,0.000000,0.000000,-5.000000,-0.000000,3.958989,-0.000000,-0.000000,-0.308515,1.000000,-0.000000,-0.000000,0.000000,-0.000000,-0.000000,0.000000,4901.858688,0.000000,0.000000,-0.000000,2081.779697,2197.959537,2081.779697,2197.959537,2081.779697,2197.959537,2081.779697,2197.959537,0.008820,75
0.150317,0,-5.000000,0.000000,4.000000,0.000000,0.000000,0.000000,0.000000,0.000000,0.000000,0.000000,-5.000000,-0.000000,3.957463,-0.000000,-0.000000,-0.304736,1.000000,-0.000000,-0.000000,0.000000,-0.000000,-0.000000,0.000000,4899.383006,0.000000,0.000000,-0.000000,2081.271160,2197.425212,2081.271160,2197.425212,2081.271160,2197.425212,2081.271160,2197.425212,0.008762,75
0.155322,0,-5.000000,0.000000,4.000000,0.000000,0.000000,0.000000,0.000000,0.000000,0.000000,0.000000,-5.000000,-0.000000,3.955957,-0.000000,-0.000000,-0.300893,1.000000,-0.000000,-0.000000,0.000000,-0.000000,-0.000000,0.000000,4896.781800,0.000000,0.000000,-0.000000,2080.736719,2196.863593,2080.736719,2196.863593,2080.736719,2196.863593,2080.736719,2196.863593,0.008701,75
0.160263,0,-5.000000,0.000000,4.000000,0.000000,0.000000,0.000000,0.000000,0.000000,0.000000,0.000000,-5.000000,-0.000000,3.954489,-0.000000,-0.000000,-0.297048,1.000000,-0.000000,-0.000000,0.000000,-0.000000,-0.000000,0.000000,4894.087330,0.000000,0.000000,-0.000000,2080.182985,2196.281611,2080.182985,2196.281611,2080.182985,2196.281611,2080.182985,2196.281611,0.008637,75
0.165229,0,-5.000000,0.000000,4.000000,0.000000,0.000000,0.000000,0.000000,0.000000,0.000000,0.000000,-5.000000,-0.000000,3.953033,-0.000000,-0.000000,-0.293147,1.000000,-0.000000,-0.000000,0.000000,-0.000000,-0.000000,0.000000,4891.351160,0.000000,0.000000,-0.000000,2079.620546,2195.690380,2079.620546,2195.690380,2079.620546,2195.690380,2079.620546,2195.690380,0.008573,75
0.170225,0,-5.000000,0.000000,4.000000,0.000000,0.000000,0.000000,0.000000,0.000000,0.000000,0.000000,-5.000000,-0.000000,3.951588,-0.000000,-0.000000,-0.289195,1.000000,-0.000000,-0.000000,0.000000,-0.000000,-0.000000,0.000000,4888.539980,0.000000,0.000000,-0.000000,2079.042549,2195.082677,2079.042549,2195.082677,2079.042549,2195.082677,2079.042549,2195.082677,0.008506,75
0.175352,0,-5.000000,0.000000,4.000000,0.000000,0.000000,0.000000,0.000000,0.000000,0.000000,0.000000,-5.000000,-0.000000,3.950127,-0.000000,-0.000000,-0.285123,1.000000,-0.000000,-0.000000,0.000000,-0.000000,-0.000000,0.000000,4885.661135,0.000000,0.000000,-0.000000,2078.450494,2194.460062,2078.450494,2194.460062,2078.450494,2194.460062,2078.450494,2194.460062,0.008439,75
0.180348,0,-5.000000,0.000000,4.000000,0.000000,0.000000,0.000000,0.000000,0.000000,0.000000,0.000000,-5.000000,-0.000000,3.948722,-0.000000,-0.000000,-0.281146,1.000000,-0.000000,-0.000000,0.000000,-0.000000,-0.000000,0.000000,4882.665340,0.000000,0.000000,-0.000000,2077.834231,2193.811840,2077.834231,2193.811840,2077.834231,2193.811840,2077.834231,2193.811840,0.008368,75
0.185265,0,-5.000000,0.000000,4.000000,0.000000,0.000000,0.000000,0.000000,0.000000,0.000000,0.000000,-5.000000,-0.000000,3.947359,-0.000000,-0.000000,-0.277230,1.000000,-0.000000,-0.000000,0.000000,-0.000000,-0.000000,0.000000,4879.715447,0.000000,0.000000,-0.000000,2077.227256,2193.173228,2077.227256,2193.173228,2077.227256,2193.173228,2077.227256,2193.173228,0.008299,75
0.190317,0,-5.000000,0.000000,4.000000,0.000000,0.000000,0.000000,0.000000,0.000000,0.000000,0.000000,-5.000000,-0.000000,3.945979,-0.000000,0.000000,-0.273211,1.000000,-0.000000,-0.000000,0.000000,-0.000000,-0.000000,0.000000,4876.790342,0.000000,0.000000,-0.000000,2076.625232,2192.539660,2076.625232,2192.539660,2076.625232,2192.539660,2076.625232,2192.539660,0.008230,75
0.195321,0,-5.000000,0.000000,4.000000,0.000000,0.000000,0.000000,0.000000,0.000000,0.000000,0.000000,-5.000000,-0.000000,3.944631,-0.000000,0.000000,-0.269238,1.000000,-0.000000,-0.000000,0.000000,-0.000000,-0.000000,0.000000,4873.767667,0.000000,0.000000,-0.000000,2076.002969,2191.884612,2076.002969,2191.884612,2076.002969,2191.884612,2076.002969,2191.884612,0.008159,75
0.200372,0,-5.000000,0.000000,4.000000,0.000000,0.000000,0.000000,0.000000,0.000000,0.000000,0.000000,-5.000000,-0.000000,3.943292,-0.000000,0.000000,-0.265241,1.000000,-0.000000,-0.000000,0.000000,-0.000000,-0.000000,0.000000,4870.762126,0.000000,0.000000,-0.000000,2075.384077,2191.232921,2075.384077,2191.232921,2075.384077,2191.232921,2075.384077,2191.232921,0.008089,75
0.205327,0,-5.000000,0.000000,4.000000,0.000000,0.000000,0.000000,0.000000,0.000000,0.000000,0.000000,-5.000000,-0.000000,3.941997,-0.000000,0.000000,-0.261336,1.000000,-0.000000,-0.000000,0.000000,-0.000000,-0.000000,0.000000,4867.721904,0.000000,0.000000,-0.000000,2074.757883,2190.573341,2074.757883,2190.573341,2074.757883,2190.573341,2074.757883,2190.573341,0.008018,75
0.210370,0,-5.000000,0.000000,4.000000,0.000000,0.000000,0.000000,0.000000,0.000000,0.000000,0.000000,-5.000000,-0.000000,3.940699,-0.000000,0.000000,-0.257380,1.000000,-0.000000,-0.000000,0.000000,-0.000000,-0.000000,0.000000,4864.736735,0.000000,0.000000,-0.000000,2074.142874,2189.925336,2074.142874,2189.925336,2074.142874,2189.925336,2074.142874,2189.925336,0.007948,75
0.215217,0,-5.000000,0.000000,4.000000,0.000000,0.000000,0.000000,0.000000,0.000000,0.000000,0.000000,-5.000000,-0.000000,3.939470,-0.000000,0.000000,-0.253598,1.000000,-0.000000,-0.000000,0.000000,-0.000000,-0.000000,0.000000,4861.698210,0.000000,0.000000,-0.000000,2073.516713,2189.265368,2073.516713,2189.265368,2073.516713,2189.265368,2073.516713,2189.265368,0.007877,75
0.220223,0,-5.000000,0.000000,4.000000,0.000000,0.000000,0.000000,0.000000,0.000000,0.000000,0.000000,-5.000000,-0.000000,3.938220,-0.000000,0.000000,-0.249716,1.000000,-0.000000,-0.000000,0.000000,-0.000000,-0.000000,0.000000,4858.781253,0.000000,0.000000,-0.000000,2072.915455,2188.631437,2072.915455,2188.631437,2072.915455,2188.631437,2072.915455,2188.631437,0.007809,75
0.225373,0,-5.000000,0.000000,4.000000,0.000000,0.000000,0.000000,0.000000,0.000000,0.000000,0.000000,-5.000000,-0.000000,3.936954,-0.000000,0.000000,-0.245747,1.000000,-0.000000,-0.000000,0.000000,-0.000000,0.000000,0.000000,4855.773770,0.000000,0.000000,-0.000000,2072.295383,2187.977448,2072.295383,2187.977448,2072.295383,2187.977448,2072.295383,2187.977448,0.007739,75
0.230336,0,-5.000000,0.000000,4.000000,0.000000,0.000000,0.000000,0.000000,0.000000,0.000000,0.000000,-5.000000,-0.000000,3.935753,-0.000000,0.000000,-0.241948,1.000000,-0.000000,-0.000000,0.000000,-0.000000,0.000000,0.000000,4852.686840,0.000000,0.000000,-0.000000,2071.658767,2187.305774,2071.658767,2187.305774,2071.658767,2187.305774,2071.658767,2187.305774,0.007667,75
0.235355,0,-5.000000,0.000000,4.000000,0.000000,0.000000,0.000000,0.000000,0.000000,0.000000,0.000000,-5.000000,-0.000000,3.934558,-0.000000,0.000000,-0.238134,1.000000,-0.000000,-0.000000,0.000000,-0.000000,0.000000,0.000000,4849.721017,0.000000,0.000000,-0.000000,2071.046972,2186.660054,2071.046972,2186.660054,2071.046972,2186.660054,2071.046972,2186.660054,0.007598,75
0.240323,0,-5.000000,0.000000,4.000000,0.000000,0.000000,0.000000,0.000000,0.000000,0.000000,0.000000,-5.000000,-0.000000,3.933394,-0.000000,0.000000,-0.234386,1.000000,-0.000000,-0.000000,0.000000,-0.000000,0.000000,0.000000,4846.732064,0.000000,0.000000,-0.000000,2070.430250,2186.008900,2070.430250,2186.008900,2070.430250,2186.008900,2070.430250,2186.008900,0.007528,75
0.245332,0,-5.000000,0.000000,4.000000,0.000000,0.000000,0.000000,0.000000,0.000000,0.000000,0.000000,-5.000000,-0.000000,3.932238,-0.000000,0.000000,-0.230636,1.000000,-0.000000,-0.000000,0.000000,-0.000000,0.000000,0.000000,4843.784651,0.000000,0.000000,-0.000000,2069.821946,2185.366400,2069.821946,2185.366400,2069.821946,2185.366400,2069.821946,2185.366400,0.007460,75
0.250288,0,-5.000000,0.000000,4.000000,0.000000,0.000000,0.000000,0.000000,0.000000,0.000000,0.000000,-5.000000,-0.000000,3.931114,-0.000000,0.000000,-0.226954,1.000000,-0.000000,-0.000000,0.000000,-0.000000,0.000000,0.000000,4840.824849,0.000000,0.000000,-0.000000,2069.210932,2184.720799,2069.210932,2184.720799,2069.210932,2184.720799,2069.210932,2184.720799,0.007391,75
0.255219,0,-5.000000,0.000000,4.000000,0.000000,0.000000,0.000000,0.000000,0.000000,0.000000,0.000000,-5.000000,-0.000000,3.930012,-0.000000,0.000000,-0.223320,1.000000,-0.000000,-0.000000,0.000000,-0.000000,0.000000,0.000000,4837.909405,0.000000,0.000000,-0.000000,2068.608924,2184.084480,2068.608924,2184.084480,2068.608924,2184.084480,2068.608924,2184.084480,0.007323,75
0.260244,0,-5.000000,0.000000,4.000000,0.000000,0.000000,0.000000,0.000000,0.000000,0.000000,0.000000,-5.000000,-0.000000,3.928908,-0.000000,0.000000,-0.219647,1.000000,-0.000000,-0.000000,0.000000,-0.000000,0.000000,0.000000,4835.021927,0.000000,0.000000,-0.000000,2068.012542,2183.453875,2068.012542,2183.453875,2068.012542,2183.453875,2068.012542,2183.453875,0.007257,75
0.265330,0,-5.000000,0.000000,4.000000,0.000000,0.000000,0.000000,0.000000,0.000000,0.000000,0.000000,-5.000000,-0.000000,3.927810,-0.000000,0.000000,-0.215961,1.000000,-0.000000,-0.000000,0.000000,-0.000000,0.000000,0.000000,4832.093199,0.000000,0.000000,-0.000000,2067.407488,2182.813862,2067.407488,2182.813862,2067.407488,2182.813862,2067.407488,2182.813862,0.007189,75
0.270316,0,-5.000000,0.000000,4.000000,0.000000,0.000000,0.000000,0.000000,0.000000,0.000000,0.000000,-5.000000,-0.000000,3.926751,-0.000000,0.000000,-0.212377,1.000000,-0.000000,-0.000000,0.000000,-0.000000,0.000000,0.000000,4829.145072,0.000000,0.000000,-0.000000,2066.798270,2182.169201,2066.798270,2182.169201,2066.798270,2182.169201,2066.798270,2182.169201,0.007120,75
0.275346,0,-5.000000,0.000000,4.000000,0.000000,0.000000,0.000000,0.000000,0.000000,0.000000,0.000000,-5.000000,-0.000000,3.925701,-0.000000,0.000000,-0.208793,1.000000,-0.000000,-0.000000,0.000000,-0.000000,0.000000,0.000000,4826.269070,0.000000,0.000000,-0.000000,2066.203805,2181.539915,2066.203805,2181.539915,2066.203805,2181.539915,2066.203805,2181.539915,0.007054,75
0.280327,0,-5.000000,0.000000,4.000000,0.000000,0.000000,0.000000,0.000000,0.000000,0.000000,0.000000,-5.000000,-0.000000,3.924679,-0.000000,0.000000,-0.205275,1.000000,-0.000000,-0.000000,0.000000,-0.000000,0.000000,0.000000,4823.383989,0.000000,0.000000,-0.000000,2065.607312,2180.908245,2065.607312,2180.908245,2065.607312,2180.908245,2065.607312,2180.908245,0.006987,75
0.285332,0,-5.000000,0.000000,4.000000,0.000000,0.000000,0.000000,0.000000,0.000000,0.000000,0.000000,-5.000000,-0.000000,3.923669,-0.000000,0.000000,-0.201769,1.000000,-0.000000,-0.000000,0.000000,0.000000,0.000000,0.000000,4820.542361,0.000000,-0.000000,-0.000000,2065.019654,2180.285697,2065.019654,2180.285697,2065.019654,2180.285697,2065.019654,2180.285697,0.006922,75
0.290321,0,-5.000000,0.000000,4.000000,0.000000,0.000000,0.000000,0.000000,0.000000,0.000000,0.000000,-5.000000,0.000000,3.922679,-0.000000,0.000000,-0.198306,1.000000,-0.000000,-0.000000,0.000000,0.000000,0.000000,0.000000,4817.702402,0.000000,-0.000000,-0.000000,2064.432191,2179.663127,2064.432191,2179.663127,2064.432191,2179.663127,2064.432191,2179.663127,0.006856,75
0.295220,0,-5.000000,0.000000,4.000000,0.000000,0.000000,0.000000,0.000000,0.000000,0.000000,0.000000,-5.000000,0.000000,3.921724,-0.000000,0.000000,-0.194936,1.000000,-0.000000,-0.000000,0.000000,-0.000000,0.000000,0.000000,4814.887832,0.000000,-0.000000,-0.000000,2063.849831,2179.045738,2063.849831,2179.045738,2063.849831,2179.045738,2063.849831,2179.045738,0.006791,75
0.300252,0,-5.000000,0.000000,4.000000,0.000000,0.000000,0.000000,0.000000,0.000000,0.000000,0.000000,-5.000000,0.000000,3.920761,-0.000000,0.000000,-0.191505,1.000000,-0.000000,-0.000000,0.000000,0.000000,0.000000,0.000000,4812.139684,0.000000,-0.000000,-0.000000,2063.281071,2178.442547,2063.281071,2178.442547,2063.281071,2178.442547,2063.281071,2178.442547,0.006728,75
0.305359,0,-5.000000,0.000000,4.000000,0.000000,0.000000,0.000000,0.000000,0.000000,0.000000,0.000000,-5.000000,0.000000,3.919800,-0.000000,0.000000,-0.188054,1.000000,-0.000000,-0.000000,0.000000,-0.000000,0.000000,0.000000,4809.333417,0.000000,-0.000000,-0.000000,2062.700135,2177.826221,2062.700135,2177.826221,2062.700135,2177.826221,2062.700135,2177.826221,0.006664,75
0.310217,0,-5.000000,0.000000,4.000000,0.000000,0.000000,0.000000,0.000000,0.000000,0.000000,0.000000,-5.000000,0.000000,3.918902,-0.000000,0.000000,-0.184801,1.000000,-0.000000,-0.000000,0.000000,-0.000000,0.000000,0.000000,4806.502499,0.000000,-0.000000,-0.000000,2062.113943,2177.204090,2062.113943,2177.204090,2062.113943,2177.204090,2062.113943,2177.204090,0.006599,75
0.315213,0,-5.000000,0.000000,4.000000,0.000000,0.000000,0.000000,0.000000,0.000000,0.000000,0.000000,-5.000000,0.000000,3.917996,-0.000000,0.000000,-0.181485,1.000000,-0.000000,-0.000000,0.000000,-0.000000,0.000000,0.000000,4803.824643,0.000000,-0.000000,-0.000000,2061.559302,2176.615236,2061.559302,2176.615236,2061.559302,2176.615236,2061.559302,2176.615236,0.006537,75
0.320262,0,-5.000000,0.000000,4.000000,0.000000,0.000000,0.000000,0.000000,0.000000,0.000000,0.000000,-5.000000,0.000000,3.917096,-0.000000,0.000000,-0.178166,1.000000,-0.000000,-0.000000,0.000000,-0.000000,0.000000,0.000000,4801.087316,0.000000,-0.000000,-0.000000,2060.992200,2176.012941,2060.992200,2176.012941,2060.992200,2176.012941,2060.992200,2176.012941,0.006474,75
0.325353,0,-5.000000,0.000000,4.000000,0.000000,0.000000,0.000000,0.000000,0.000000,0.000000,0.000000,-5.000000,0.000000,3.916206,-0.000000,0.000000,-0.174850,1.000000,-0.000000,-0.000000,0.000000,-0.000000,0.000000,0.000000,4798.338186,0.000000,-0.000000,-0.000000,2060.422503,2175.407679,2060.422503,2175.407679,2060.422503,2175.407679,2060.422503,2175.407679,0.006411,75
0.330348,0,-5.000000,0.000000,4.000000,0.000000,0.000000,0.000000,0.000000,0.000000,0.000000,0.000000,-5.000000,0.000000,3.915349,-0.000000,0.000000,-0.171627,1.000000,-0.000000,-0.000000,0.000000,-0.000000,0.000000,0.000000,4795.582906,0.000000,-0.000000,-0.000000,2059.851382,2174.800689,2059.851382,2174.800689,2059.851382,2174.800689,2059.851382,2174.800689,0.006348,75
0.335349,0,-5.000000,0.000000,4.000000,0.000000,0.000000,0.000000,0.000000,0.000000,0.000000,0.000000,-5.000000,0.000000,3.914507,-0.000000,0.000000,-0.168430,1.000000,-0.000000,-0.000000,0.000000,-0.000000,0.000000,0.000000,4792.896161,0.000000,-0.000000,-0.000000,2059.294321,2174.208439,2059.294321,2174.208439,2059.294321,2174.208439,2059.294321,2174.208439,0.006287,75
0.340349,0,-5.000000,0.000000,4.000000,0.000000,0.000000,0.000000,0.000000,0.000000,0.000000,0.000000,-5.000000,0.000000,3.913680,-0.000000,0.000000,-0.165263,1.000000,-0.000000,-0.000000,0.000000,-0.000000,0.000000,0.000000,4790.222750,0.000000,-0.000000,-0.000000,2058.739879,2173.618774,2058.739879,2173.618774,2058.739879,2173.618774,2058.739879,2173.618774,0.006225,75
0.345344,0,-5.000000,0.000000,4.000000,0.000000,0.000000,0.000000,0.000000,0.000000,0.000000,0.000000,-5.000000,0.000000,3.912870,-0.000000,0.000000,-0.162129,1.000000,-0.000000,-0.000000,0.000000,0.000000,0.000000,0.000000,4787.566486,0.000000,-0.000000,-0.000000,2058.188850,2173.032544,2058.188850,2173.032544,2058.188850,2173.032544,2058.188850,2173.032544,0.006165,75
0.350367,0,-5.000000,0.000000,4.000000,0.000000,0.000000,0.000000,0.000000,0.000000,0.000000,0.000000,-5.000000,0.000000,3.912072,-0.000000,0.000000,-0.159007,1.000000,-0.000000,-0.000000,0.000000,0.000000,0.000000,0.000000,4784.929207,0.000000,-0.000000,-0.000000,2057.641626,2172.450171,2057.641626,2172.450171,2057.641626,2172.450171,2057.641626,2172.450171,0.006158,75
0.355255,0,-5.000000,0.000000,4.000000,0.000000,0.000000,0.000000,0.000000,0.000000,0.000000,0.000000,-5.000000,0.000000,3.911309,-0.000000,0.000000,-0.155997,1.000000,-0.000000,-0.000000,0.000000,0.000000,0.000000,0.000000,4782.293515,0.000000,-0.000000,-0.000000,2057.094593,2171.867812,2057.094593,2171.867812,2057.094593,2171.867812,2057.094593,2171.867812,0.006179,75
0.360261,0,-5.000000,0.000000,4.000000,0.000000,0.000000,0.000000,0.000000,0.000000,0.000000,0.000000,-5.000000,0.000000,3.910543,-0.000000,0.000000,-0.152944,1.000000,-0.000000,0.000000,0.000000,0.000000,0.000000,0.000000,4779.744558,0.000000,-0.000000,-0.000000,2056.565423,2171.304293,2056.565423,2171.304293,2056.565423,2171.304293,2056.565423,2171.304293,0.006200,75
0.365346,0,-5.000000,0.000000,4.000000,0.000000,0.000000,0.000000,0.000000,0.000000,0.000000,0.000000,-5.000000,0.000000,3.909781,-0.000000,0.000000,-0.149873,1.000000,-0.000000,0.000000,0.000000,0.000000,0.000000,0.000000,4777.150766,0.000000,-0.000000,-0.000000,2056.026805,2170.730533,2056.026805,2170.730533,2056.026805,2170.730533,2056.026805,2170.730533,0.006221,75
0.370353,0,-5.000000,0.000000,4.000000,0.000000,0.000000,0.000000,0.000000,0.000000,0.000000,0.000000,-5.000000,0.000000,3.909046,-0.000000,0.000000,-0.146877,1.000000,-0.000000,0.000000,0.000000,0.000000,0.000000,0.000000,4774.532707,0.000000,-0.000000,-0.000000,2055.483002,2170.151070,2055.483002,2170.151070,2055.483002,2170.151070,2055.483002,2170.151070,0.006242,75
0.375224,0,-5.000000,0.000000,4.000000,0.000000,0.000000,0.000000,0.000000,0.000000,0.000000,0.000000,-5.000000,0.000000,3.908345,-0.000000,0.000000,-0.143991,1.000000,-0.000000,0.000000,0.000000,0.000000,0.000000,0.000000,4771.971387,0.000000,-0.000000,-0.000000,2054.950842,2169.583839,2054.950842,2169.583839,2054.950842,2169.583839,2054.950842,2169.583839,0.006263,75
0.380261,0,-5.000000,0.000000,4.000000,0.000000,0.000000,0.000000,0.000000,0.000000,0.000000,0.000000,-5.000000,0.000000,3.907634,-0.000000,0.000000,-0.141034,1.000000,-0.000000,0.000000,0.000000,-0.000000,0.000000,0.000000,4769.495389,0.000000,-0.000000,-0.000000,2054.436274,2169.035198,2054.436274,2169.035198,2054.436274,2169.035198,2054.436274,2169.035198,0.006283,75
0.385335,0,-5.000000,0.000000,4.000000,0.000000,0.000000,0.000000,0.000000,0.000000,0.000000,0.000000,-5.000000,0.000000,3.906934,-0.000000,0.000000,-0.138086,1.000000,-0.000000,0.000000,0.000000,-0.000000,0.000000,0.000000,4766.950801,0.000000,-0.000000,-0.000000,2053.907312,2168.471045,2053.907312,2168.471045,2053.907312,2168.471045,2053.907312,2168.471045,0.006303,75
0.390351,0,-5.000000,0.000000,4.000000,0.000000,0.000000,0.000000,0.000000,0.000000,0.000000,0.000000,-5.000000,0.000000,3.906255,-0.000000,0.000000,-0.135199,1.000000,-0.000000,0.000000,0.000000,0.000000,0.000000,0.000000,4764.404933,0.000000,-0.000000,-0.000000,2053.377941,2167.906291,2053.377941,2167.906291,2053.377941,2167.906291,2053.377941,2167.906291,0.006324,75
0.395370,0,-5.000000,0.000000,4.000000,0.000000,0.000000,0.000000,0.000000,0.000000,0.000000,0.000000,-5.000000,0.000000,3.905591,-0.000000,0.000000,-0.132338,1.000000,-0.000000,0.000000,0.000000,-0.000000,0.000000,0.000000,4761.903953,0.000000,-0.000000,-0.000000,2052.857763,2167.351186,2052.857763,2167.351186,2052.857763,2167.351186,2052.857763,2167.351186,0.006344,75
0.400353,0,-5.000000,0.000000,4.000000,0.000000,0.000000,0.000000,0.000000,0.000000,0.000000,0.000000,-5.000000,0.000000,3.904946,-0.000000,0.000000,-0.129526,1.000000,-0.000000,0.000000,0.000000,-0.000000,0.000000,0.000000,4759.418047,0.000000,-0.000000,-0.000000,2052.340582,2166.799125,2052.340582,2166.799125,2052.340582,2166.799125,2052.340582,2166.799125,0.006364,75
0.405223,0,-5.000000,0.000000,4.000000,0.000000,0.000000,0.000000,0.000000,0.000000,0.000000,0.000000,-5.000000,0.000000,3.904328,-0.000000,0.000000,-0.126803,1.000000,-0.000000,0.000000,0.000000,0.000000,0.000000,0.000000,4756.965764,0.000000,-0.000000,-0.000000,2051.830259,2166.254235,2051.830259,2166.254235,2051.830259,2166.254235,2051.830259,2166.254235,0.006383,75
0.410270,0,-5.000000,0.000000,4.000000,0.000000,0.000000,0.000000,0.000000,0.000000,0.000000,0.000000,-5.000000,0.000000,3.903702,-0.000000,0.000000,-0.124011,1.000000,-0.000000,0.000000,0.000000,0.000000,0.000000,0.000000,4754.584206,0.000000,-0.000000,-0.000000,2051.334524,2165.724780,2051.334524,2165.724780,2051.334524,2165.724780,2051.334524,2165.724780,0.006402,75
0.415269,0,-5.000000,0.000000,4.000000,0.000000,0.000000,0.000000,0.000000,0.000000,0.000000,0.000000,-5.000000,0.000000,3.903096,-0.000000,0.000000,-0.121271,1.000000,-0.000000,0.000000,0.000000,0.000000,0.000000,0.000000,4752.133011,0.000000,-0.000000,-0.000000,2050.824157,2165.179557,2050.824157,2165.179557,2050.824157,2165.179557,2050.824157,2165.179557,0.006422,75
0.420264,0,-5.000000,0.000000,4.000000,0.000000,0.000000,0.000000,0.000000,0.000000,0.000000,0.000000,-5.000000,0.000000,3.902504,-0.000000,0.000000,-0.118561,1.000000,-0.000000,0.000000,0.000000,0.000000,0.000000,0.000000,4749.720251,0.000000,-0.000000,-0.000000,2050.321657,2164.642598,2050.321657,2164.642598,2050.321657,2164.642598,2050.321657,2164.642598,0.006441,75
0.425346,0,-5.000000,0.000000,4.000000,0.000000,0.000000,0.000000,0.000000,0.000000,0.000000,0.000000,-5.000000,0.000000,3.901915,-0.000000,0.000000,-0.115831,1.000000,-0.000000,0.000000,0.000000,0.000000,0.000000,0.000000,4747.325642,0.000000,-0.000000,-0.000000,2049.822803,2164.109400,2049.822803,2164.109400,2049.822803,2164.109400,2049.822803,2164.109400,0.006460,75
0.430343,0,-5.000000,0.000000,4.000000,0.000000,0.000000,0.000000,0.000000,0.000000,0.000000,0.000000,-5.000000,0.000000,3.901350,-0.000000,0.000000,-0.113174,1.000000,-0.000000,0.000000,0.000000,0.000000,0.000000,-0.000000,4744.905845,0.000000,-0.000000,-0.000000,2049.318566,2163.570313,2049.318566,2163.570313,2049.318566,2163.570313,2049.318566,2163.570313,0.006480,75
0.435338,0,-5.000000,0.000000,4.000000,0.000000,0.000000,0.000000,0.000000,0.000000,0.000000,0.000000,-5.000000,0.000000,3.900798,-0.000000,0.000000,-0.110544,1.000000,-0.000000,0.000000,0.000000,0.000000,0.000000,-0.000000,4742.541960,0.000000,-0.000000,-0.000000,2048.827065,2163.044222,2048.827065,2163.044222,2048.827065,2163.044222,2048.827065,2163.044222,0.006499,75
0.440215,0,-5.000000,0.000000,4.000000,0.000000,0.000000,0.000000,0.000000,0.000000,0.000000,0.000000,-5.000000,0.000000,3.900271,-0.000000,0.000000,-0.108002,1.000000,-0.000000,0.000000,0.000000,0.000000,0.000000,-0.000000,4740.194890,0.000000,-0.000000,-0.000000,2048.337709,2162.520795,2048.337709,2162.520795,2048.337709,2162.520795,2048.337709,2162.520795,0.006517,75
0.445342,0,-5.000000,0.000000,4.000000,0.000000,0.000000,0.000000,0.000000,0.000000,0.000000,0.000000,-5.000000,0.000000,3.899731,-0.000000,0.000000,-0.105357,1.000000,-0.000000,0.000000,0.000000,0.000000,0.000000,-0.000000,4737.918513,-0.000000,-0.000000,-0.000000,2047.862966,2162.012881,2047.862966,2162.012881,2047.862966,2162.012881,2047.862966,2162.012881,0.006536,75
0.450358,0,-5.000000,0.000000,4.000000,0.000000,0.000000,0.000000,0.000000,0.000000,0.000000,0.000000,-5.000000,0.000000,3.899215,-0.000000,0.000000,-0.102795,1.000000,-0.000000,0.000000,0.000000,0.000000,0.000000,-0.000000,4735.541613,-0.000000,-0.000000,-0.000000,2047.367126,2161.482275,2047.367126,2161.482275,2047.367126,2161.482275,2047.367126,2161.482275,0.006554,75
0.455339,0,-5.000000,0.000000,4.000000,0.000000,0.000000,0.000000,0.000000,0.000000,0.000000,0.000000,-5.000000,0.000000,3.898716,-0.000000,0.000000,-0.100277,1.000000,-0.000000,0.000000,0.000000,0.000000,0.000000,-0.000000,4733.231575,-0.000000,-0.000000,-0.000000,2046.885103,2160.966336,2046.885103,2160.966336,2046.885103,2160.966336,2046.885103,2160.966336,0.006573,75
0.460213,0,-5.000000,0.000000,4.000000,0.000000,0.000000,0.000000,0.000000,0.000000,0.000000,0.000000,-5.000000,0.000000,3.898239,-0.000000,0.000000,-0.097837,1.000000,-0.000000,0.000000,0.000000,0.000000,0.000000,-0.000000,4730.953332,-0.000000,-0.000000,-0.000000,2046.409587,2160.457251,2046.409587,2160.457251,2046.409587,2160.457251,2046.409587,2160.457251,0.006591,75
0.465311,0,-5.000000,0.000000,4.000000,0.000000,0.000000,0.000000,0.000000,0.000000,0.000000,0.000000,-5.000000,0.000000,3.897753,-0.000000,0.000000,-0.095312,1.000000,-0.000000,0.000000,0.000000,0.000000,0.000000,-0.000000,4728.738653,-0.000000,-0.000000,-0.000000,2045.947215,2159.962135,2045.947215,2159.962135,2045.947215,2159.962135,2045.947215,2159.962135,0.006608,75
0.470332,0,-5.000000,0.000000,4.000000,0.000000,0.000000,0.000000,0.000000,0.000000,0.000000,0.000000,-5.000000,0.000000,3.897287,-0.000000,0.000000,-0.092850,1.000000,-0.000000,0.000000,0.000000,0.000000,0.000000,-0.000000,4726.438027,-0.000000,-0.000000,-0.000000,2045.466772,2159.447559,2045.466772,2159.447559,2045.466772,2159.447559,2045.466772,2159.447559,0.006627,75
0.475329,0,-5.000000,0.000000,4.000000,0.000000,0.000000,0.000000,0.000000,0.000000,0.000000,0.000000,-5.000000,0.000000,3.896835,-0.000000,0.000000,-0.090426,1.000000,-0.000000,0.000000,0.000000,0.000000,0.000000,-0.000000,4724.187705,-0.000000,-0.000000,-0.000000,2044.996708,2158.943995,2044.996708,2158.943995,2044.996708,2158.943995,2044.996708,2158.943995,0.006645,75
0.480327,0,-5.000000,0.000000,4.000000,0.000000,0.000000,0.000000,0.000000,0.000000,0.000000,0.000000,-5.000000,0.000000,3.896395,-0.000000,0.000000,-0.088026,1.000000,-0.000000,0.000000,0.000000,0.000000,0.000000,-0.000000,4721.963302,-0.000000,-0.000000,-0.000000,2044.531933,2158.445999,2044.531933,2158.445999,2044.531933,2158.445999,2044.531933,2158.445999,0.006662,75
0.485334,0,-5.000000,0.000000,4.000000,0.000000,0.000000,0.000000,0.000000,0.000000,0.000000,0.000000,-5.000000,0.000000,3.895966,-0.000000,0.000000,-0.085647,1.000000,-0.000000,0.000000,0.000000,0.000000,0.000000,-0.000000,4719.754120,-0.000000,-0.000000,-0.000000,2044.070209,2157.951183,2044.070209,2157.951183,2044.070209,2157.951183,2044.070209,2157.951183,0.006680,75
0.490334,0,-5.000000,0.000000,4.000000,0.000000,0.000000,0.000000,0.000000,0.000000,0.000000,0.000000,-5.000000,0.000000,3.895550,-0.000000,0.000000,-0.083296,1.000000,-0.000000,0.000000,0.000000,0.000000,0.000000,-0.000000,4717.555962,-0.000000,-0.000000,-0.000000,2043.610663,2157.458612,2043.610663,2157.458612,2043.610663,2157.458612,2043.610663,2157.458612,0.006697,75
0.495346,0,-5.000000,0.000000,4.000000,0.000000,0.000000,0.000000,0.000000,0.000000,0.000000,0.000000,-5.000000,0.000000,3.895144,-0.000000,0.000000,-0.080963,1.000000,-0.000000,0.000000,0.000000,0.000000,0.000000,-0.000000,4715.376054,-0.000000,-0.000000,-0.000000,2043.154813,2156.969912,2043.154813,2156.969912,2043.154813,2156.969912,2043.154813,2156.969912,0.006714,75
0.500402,0,-5.000000,0.000000,4.000000,0.000000,0.000000,0.000000,0.000000,0.000000,0.000000,0.000000,-5.000000,0.000000,3.894746,-0.000000,0.000000,-0.078635,1.000000,-0.000000,0.000000,0.000000,0.000000,0.000000,-0.000000,4713.205596,-0.000000,-0.000000,-0.000000,2042.700819,2156.483117,2042.700819,2156.483117,2042.700819,2156.483117,2042.700819,2156.483117,0.006731,75
0.505234,0,-5.000000,0.000000,4.000000,0.000000,0.000000,0.000000,0.000000,0.000000,0.000000,0.000000,-5.000000,0.000000,3.894377,-0.000000,0.000000,-0.076433,1.000000,-0.000000,0.000000,0.000000,0.000000,0.000000,-0.000000,4711.031977,-0.000000,-0.000000,-0.000000,2042.246043,2155.995399,2042.246043,2155.995399,2042.246043,2155.995399,2042.246043,2155.995399,0.006748,75
0.510230,0,-5.000000,0.000000,4.000000,0.000000,0.000000,0.000000,0.000000,0.000000,0.000000,0.000000,-5.000000,0.000000,3.894006,-0.000000,0.000000,-0.074180,1.000000,-0.000000,0.000000,0.000000,0.000000,0.000000,-0.000000,4708.968290,-0.000000,-0.000000,-0.000000,2041.814157,2155.532152,2041.814157,2155.532152,2041.814157,2155.532152,2041.814157,2155.532152,0.006765,75
0.515343,0,-5.000000,0.000000,4.000000,0.000000,0.000000,0.000000,0.000000,0.000000,0.000000,0.000000,-5.000000,0.000000,3.893639,-0.000000,0.000000,-0.071899,1.000000,-0.000000,0.000000,0.000000,0.000000,0.000000,-0.000000,4706.849505,-0.000000,-0.000000,0.000000,2041.370625,2155.056341,2041.370625,2155.056341,2041.370625,2155.056341,2041.370625,2155.056341,0.006781,75
0.520333,0,-5.000000,0.000000,4.000000,0.000000,0.000000,0.000000,0.000000,0.000000,0.000000,0.000000,-5.000000,0.000000,3.893291,-0.000000,0.000000,-0.069697,1.000000,-0.000000,0.000000,0.000000,0.000000,0.000000,-0.000000,4704.696892,-0.000000,-0.000000,0.000000,2040.919894,2154.572730,2040.919894,2154.572730,2040.919894,2154.572730,2040.919894,2154.572730,0.006798,75
0.525339,0,-5.000000,0.000000,4.000000,0.000000,0.000000,0.000000,0.000000,0.000000,0.000000,0.000000,-5.000000,0.000000,3.892953,-0.000000,0.000000,-0.067511,1.000000,-0.000000,0.000000,0.000000,0.000000,0.000000,-0.000000,4702.610490,-0.000000,-0.000000,0.000000,2040.482913,2154.103803,2040.482913,2154.103803,2040.482913,2154.103803,2040.482913,2154.103803,0.006815,75
0.530333,0,-5.000000,0.000000,4.000000,0.000000,0.000000,0.000000,0.000000,0.000000,0.000000,0.000000,-5.000000,0.000000,3.892626,-0.000000,0.000000,-0.065354,1.000000,-0.000000,0.000000,0.000000,0.000000,0.000000,-0.000000,4700.532390,-0.000000,-0.000000,0.000000,2040.047557,2153.636556,2040.047557,2153.636556,2040.047557,2153.636556,2040.047557,2153.636556,0.006831,75
0.535263,0,-5.000000,0.000000,4.000000,0.000000,0.000000,0.000000,0.000000,0.000000,0.000000,0.000000,-5.000000,0.000000,3.892315,-0.000000,0.000000,-0.063247,1.000000,-0.000000,0.000000,0.000000,0.000000,0.000000,-0.000000,4698.473843,-0.000000,-0.000000,0.000000,2039.616188,2153.173524,2039.616188,2153.173524,2039.616188,2153.173524,2039.616188,2153.173524,0.006847,75
0.540252,0,-5.000000,0.000000,4.000000,0.000000,0.000000,0.000000,0.000000,0.000000,0.000000,0.000000,-5.000000,0.000000,3.892010,-0.000000,0.000000,-0.061138,1.000000,-0.000000,0.000000,0.000000,0.000000,0.000000,-0.000000,4696.455920,-0.000000,-0.000000,0.000000,2039.193223,2152.719457,2039.193223,2152.719457,2039.193223,2152.719457,2039.193223,2152.719457,0.006863,75
0.545339,0,-5.000000,0.000000,4.000000,0.000000,0.000000,0.000000,0.000000,0.000000,0.000000,0.000000,-5.000000,0.000000,3.891709,-0.000000,0.000000,-0.059011,1.000000,-0.000000,0.000000,0.000000,0.000000,0.000000,-0.000000,4694.428179,-0.000000,-0.000000,0.000000,2038.768093,2152.263010,2038.768093,2152.263010,2038.768093,2152.263010,2038.768093,2152.263010,0.006879,75
0.550245,0,-5.000000,0.000000,4.000000,0.000000,0.000000,0.000000,0.000000,0.000000,0.000000,0.000000,-5.000000,0.000000,3.891430,-0.000000,0.000000,-0.056982,1.000000,-0.000000,0.000000,0.000000,0.000000,0.000000,-0.000000,4692.375386,-0.000000,-0.000000,0.000000,2038.337600,2151.800752,2038.337600,2151.800752,2038.337600,2151.800752,2038.337600,2151.800752,0.006895,75
0.555253,0,-5.000000,0.000000,4.000000,0.000000,0.000000,0.000000,0.000000,0.000000,0.000000,0.000000,-5.000000,0.000000,3.891155,-0.000000,0.000000,-0.054933,1.000000,0.000000,0.000000,0.000000,0.000000,0.000000,-0.000000,4690.409775,-0.000000,-0.000000,0.000000,2037.925286,2151.357967,2037.925286,2151.357967,2037.925286,2151.357967,2037.925286,2151.357967,0.006910,75
0.560251,0,-5.000000,0.000000,4.000000,0.000000,0.000000,0.000000,0.000000,0.000000,0.000000,0.000000,-5.000000,0.000000,3.890890,-0.000000,0.000000,-0.052911,1.000000,0.000000,0.000000,0.000000,0.000000,0.000000,-0.000000,4688.417670,-0.000000,-0.000000,0.000000,2037.507311,2150.909056,2037.507311,2150.909056,2037.507311,2150.909056,2037.507311,2150.909056,0.006926,75
0.565335,0,-5.000000,0.000000,4.000000,0.000000,0.000000,0.000000,0.000000,0.000000,0.000000,0.000000,-5.000000,0.000000,3.890632,-0.000000,0.000000,-0.050876,1.000000,0.000000,0.000000,0.000000,0.000000,0.000000,-0.000000,4686.444109,-0.000000,-0.000000,0.000000,2037.093122,2150.464169,2037.093122,2150.464169,2037.093122,2150.464169,2037.093122,2150.464169,0.006941,75
0.570325,0,-5.000000,0.000000,4.000000,0.000000,0.000000,0.000000,0.000000,0.000000,0.000000,0.000000,-5.000000,0.000000,3.890388,-0.000000,0.000000,-0.048902,1.000000,0.000000,0.000000,0.000000,0.000000,0.000000,-0.000000,4684.451053,-0.000000,-0.000000,0.000000,2036.674737,2150.014734,2036.674737,2150.014734,2036.674737,2150.014734,2036.674737,2150.014734,0.006957,75
0.575321,0,-5.000000,0.000000,4.000000,0.000000,0.000000,0.000000,0.000000,0.000000,0.000000,0.000000,-5.000000,0.000000,3.890153,-0.000000,0.000000,-0.046947,1.000000,0.000000,0.000000,0.000000,0.000000,0.000000,-0.000000,4682.508900,-0.000000,-0.000000,0.000000,2036.266936,2149.576631,2036.266936,2149.576631,2036.266936,2149.576631,2036.266936,2149.576631,0.006972,75
0.580268,0,-5.000000,0.000000,4.000000,0.000000,0.000000,0.000000,0.000000,0.000000,0.000000,0.000000,-5.000000,0.000000,3.889930,-0.000000,0.000000,-0.045032,1.000000,0.000000,0.000000,0.000000,0.000000,0.000000,-0.000000,4680.578544,-0.000000,-0.000000,0.000000,2035.861512,2149.141048,2035.861512,2149.141048,2035.861512,2149.141048,2035.861512,2149.141048,0.006987,75
0.585226,0,-5.000000,0.000000,4.000000,0.000000,0.000000,0.000000,0.000000,0.000000,0.000000,0.000000,-5.000000,0.000000,3.889716,-0.000000,0.000000,-0.043135,1.000000,0.000000,0.000000,0.000000,0.000000,0.000000,-0.000000,4678.681223,-0.000000,-0.000000,0.000000,2035.462929,2148.712783,2035.462929,2148.712783,2035.462929,2148.712783,2035.462929,2148.712783,0.007002,75
0.590343,0,-5.000000,0.000000,4.000000,0.000000,0.000000,0.000000,0.000000,0.000000,0.000000,0.000000,-5.000000,0.000000,3.889506,-0.000000,0.000000,-0.041199,1.000000,0.000000,0.000000,0.000000,0.000000,0.000000,-0.000000,4676.793122,-0.000000,-0.000000,0.000000,2035.066187,2148.286468,2035.066187,2148.286468,2035.066187,2148.286468,2035.066187,2148.286468,0.007016,75
0.595332,0,-5.000000,0.000000,4.000000,0.000000,0.000000,0.000000,0.000000,0.000000,0.000000,0.000000,-5.000000,0.000000,3.889309,-0.000000,0.000000,-0.039332,1.000000,0.000000,0.000000,0.000000,0.000000,0.000000,-0.000000,4674.859050,-0.000000,-0.000000,0.000000,2034.659686,2147.849639,2034.659686,2147.849639,2034.659686,2147.849639,2034.659686,2147.849639,0.007031,75
0.600359,0,-5.000000,0.000000,4.000000,0.000000,0.000000,0.000000,0.000000,0.000000,0.000000,0.000000,-5.000000,0.000000,3.889121,-0.000000,0.000000,-0.037473,1.000000,0.000000,0.000000,0.000000,0.000000,0.000000,-0.000000,4672.987270,-0.000000,-0.000000,0.000000,2034.266181,2147.426752,2034.266181,2147.426752,2034.266181,2147.426752,2034.266181,2147.426752,0.007046,75
0.605239,0,-5.000000,0.000000,4.000000,0.000000,0.000000,0.000000,0.000000,0.000000,0.000000,0.000000,-5.000000,0.000000,3.888947,-0.000000,0.000000,-0.035689,1.000000,0.000000,0.000000,0.000000,0.000000,0.000000,-0.000000,4671.115214,-0.000000,-0.000000,0.000000,2033.872523,2147.003679,2033.872523,2147.003679,2033.872523,2147.003679,2033.872523,2147.003679,0.007060,75
0.610245,0,-5.000000,0.000000,4.000000,0.000000,0.000000,0.000000,0.000000,0.000000,0.000000,0.000000,-5.000000,0.000000,3.888777,-0.000000,0.000000,-0.033879,1.000000,0.000000,0.000000,0.000000,0.000000,0.000000,-0.000000,4669.311096,-0.000000,-0.000000,0.000000,2033.493062,2146.595844,2033.493062,2146.595844,2033.493062,2146.595844,2033.493062,2146.595844,0.007074,75
0.615236,0,-5.000000,0.000000,4.000000,0.000000,0.000000,0.000000,0.000000,0.000000,0.000000,0.000000,-5.000000,0.000000,3.888617,-0.000000,0.000000,-0.032095,1.000000,0.000000,0.000000,0.000000,0.000000,0.000000,-0.000000,4667.474188,-0.000000,-0.000000,0.000000,2033.106614,2146.180482,2033.106614,2146.180482,2033.106614,2146.180482,2033.106614,2146.180482,0.007088,75
0.620234,0,-5.000000,0.000000,4.000000,0.000000,0.000000,0.000000,0.000000,0.000000,0.000000,0.000000,-5.000000,0.000000,3.888466,-0.000000,0.000000,-0.030329,1.000000,0.000000,0.000000,0.000000,0.000000,0.000000,-0.000000,4665.656109,-0.000000,-0.000000,0.000000,2032.724036,2145.769265,2032.724036,2145.769265,2032.724036,2145.769265,2032.724036,2145.769265,0.007103,75
0.625355,0,-5.000000,0.000000,4.000000,0.000000,0.000000,0.000000,0.000000,0.000000,0.000000,0.000000,-5.000000,0.000000,3.888319,-0.000000,0.000000,-0.028541,1.000000,0.000000,0.000000,0.000000,0.000000,0.000000,-0.000000,4663.849442,-0.000000,-0.000000,0.000000,2032.343771,2145.360520,2032.343771,2145.360520,2032.343771,2145.360520,2032.343771,2145.360520,0.007117,75
0.630328,0,-5.000000,0.000000,4.000000,0.000000,0.000000,0.000000,0.000000,0.000000,0.000000,0.000000,-5.000000,0.000000,3.888186,-0.000000,0.000000,-0.026825,1.000000,0.000000,0.000000,0.000000,0.000000,0.000000,-0.000000,4662.012325,-0.000000,-0.000000,0.000000,2031.957006,2144.944777,2031.957006,2144.944777,2031.957006,2144.944777,2031.957006,2144.944777,0.007131,75
0.635338,0,-5.000000,0.000000,4.000000,0.000000,0.000000,0.000000,0.000000,0.000000,0.000000,0.000000,-5.000000,0.000000,3.888060,-0.000000,0.000000,-0.025117,1.000000,0.000000,0.000000,0.000000,0.000000,0.000000,-0.000000,4660.241348,-0.000000,-0.000000,0.000000,2031.584078,2144.543897,2031.584078,2144.543897,2031.584078,2144.543897,2031.584078,2144.543897,0.007144,75
0.640343,0,-5.000000,0.000000,4.000000,0.000000,0.000000,0.000000,0.000000,0.000000,0.000000,0.000000,-5.000000,0.000000,3.887943,-0.000000,0.000000,-0.023429,1.000000,0.000000,0.000000,0.000000,0.000000,0.000000,-0.000000,4658.471141,-0.000000,-0.000000,0.000000,2031.211227,2144.143092,2031.211227,2144.143092,2031.211227,2144.143092,2031.211227,2144.143092,0.007158,75
0.645344,0,-5.000000,0.000000,4.000000,0.000000,0.000000,0.000000,0.000000,0.000000,0.000000,0.000000,-5.000000,0.000000,3.887834,-0.000000,0.000000,-0.021763,1.000000,0.000000,0.000000,0.000000,0.000000,0.000000,-0.000000,4656.715566,-0.000000,-0.000000,0.000000,2030.841373,2143.745502,2030.841373,2143.745502,2030.841373,2143.745502,2030.841373,2143.745502,0.007172,75
0.650263,0,-5.000000,0.000000,4.000000,0.000000,0.000000,0.000000,0.000000,0.000000,0.000000,0.000000,-5.000000,0.000000,3.887735,-0.000000,0.000000,-0.020144,1.000000,0.000000,0.000000,0.000000,0.000000,0.000000,-0.000000,4654.974944,-0.000000,-0.000000,0.000000,2030.474585,2143.351205,2030.474585,2143.351205,2030.474585,2143.351205,2030.474585,2143.351205,0.007185,75
0.655265,0,-5.000000,0.000000,4.000000,0.000000,0.000000,0.000000,0.000000,0.000000,0.000000,0.000000,-5.000000,0.000000,3.887642,-0.000000,0.000000,-0.018516,1.000000,0.000000,0.000000,0.000000,0.000000,0.000000,-0.000000,4653.275632,-0.000000,-0.000000,0.000000,2030.116423,2142.966175,2030.116423,2142.966175,2030.116423,2142.966175,2030.116423,2142.966175,0.007198,75
0.660339,0,-5.000000,0.000000,4.000000,0.000000,0.000000,0.000000,0.000000,0.000000,0.000000,0.000000,-5.000000,0.000000,3.887557,-0.000000,0.000000,-0.016886,1.000000,0.000000,0.000000,0.000000,0.000000,0.000000,-0.000000,4651.560780,-0.000000,-0.000000,0.000000,2029.754905,2142.577537,2029.754905,2142.577537,2029.754905,2142.577537,2029.754905,2142.577537,0.007211,75
0.665219,0,-5.000000,0.000000,4.000000,0.000000,0.000000,0.000000,0.000000,0.000000,0.000000,0.000000,-5.000000,0.000000,3.887482,-0.000000,0.000000,-0.015336,1.000000,0.000000,0.000000,0.000000,0.000000,0.000000,-0.000000,4649.834995,-0.000000,-0.000000,0.000000,2029.391000,2142.186333,2029.391000,2142.186333,2029.391000,2142.186333,2029.391000,2142.186333,0.007224,75
0.670206,0,-5.000000,0.000000,4.000000,0.000000,0.000000,0.000000,0.000000,0.000000,0.000000,0.000000,-5.000000,0.000000,3.887413,-0.000000,0.000000,-0.013770,1.000000,0.000000,0.000000,0.000000,0.000000,0.000000,-0.000000,4648.187460,-0.000000,-0.000000,0.000000,2029.043519,2141.812785,2029.043519,2141.812785,2029.043519,2141.812785,2029.043519,2141.812785,0.007237,75
0.675302,0,-5.000000,0.000000,4.000000,0.000000,0.000000,0.000000,0.000000,0.000000,0.000000,0.000000,-5.000000,0.000000,3.887351,-0.000000,0.000000,-0.012190,1.000000,0.000000,0.000000,0.000000,0.000000,0.000000,-0.000000,4646.516362,-0.000000,-0.000000,0.000000,2028.690992,2141.433814,2028.690992,2141.433814,2028.690992,2141.433814,2028.690992,2141.433814,0.007250,75
0.680402,0,-5.000000,0.000000,4.000000,0.000000,0.000000,0.000000,0.000000,0.000000,0.000000,0.000000,-5.000000,0.000000,3.887297,-0.000000,0.000000,-0.010629,1.000000,0.000000,0.000000,0.000000,0.000000,0.000000,-0.000000,4644.822487,-0.000000,-0.000000,0.000000,2028.333582,2141.049597,2028.333582,2141.049597,2028.333582,2141.049597,2028.333582,2141.049597,0.007263,75
0.685216,0,-5.000000,0.000000,4.000000,0.000000,0.000000,0.000000,0.000000,0.000000,0.000000,0.000000,-5.000000,0.000000,3.887253,-0.000000,0.000000,-0.009172,1.000000,0.000000,0.000000,0.000000,0.000000,0.000000,-0.000000,4643.140801,-0.000000,-0.000000,0.000000,2027.978665,2140.668066,2027.978665,2140.668066,2027.978665,2140.668066,2027.978665,2140.668066,0.007276,75
0.690387,0,-5.000000,0.000000,4.000000,0.000000,0.000000,0.000000,0.000000,0.000000,0.000000,0.000000,-5.000000,0.000000,3.887213,-0.000000,0.000000,-0.007628,1.000000,0.000000,0.000000,0.000000,0.000000,0.000000,-0.000000,4641.564944,-0.000000,-0.000000,0.000000,2027.646012,2140.310473,2027.646012,2140.310473,2027.646012,2140.310473,2027.646012,2140.310473,0.007288,75
0.695391,0,-5.000000,0.000000,4.000000,0.000000,0.000000,0.000000,0.000000,0.000000,0.000000,0.000000,-5.000000,0.000000,3.887182,0.000000,0.000000,-0.006151,1.000000,0.000000,0.000000,0.000000,0.000000,0.000000,0.000000,4639.886124,-0.000000,-0.000000,0.000000,2027.291549,2139.929441,2027.291549,2139.929441,2027.291549,2139.929441,2027.291549,2139.929441,0.007301,75
0.700222,0,-5.000000,0.000000,4.000000,0.000000,0.000000,0.000000,0.000000,0.000000,0.000000,0.000000,-5.000000,0.000000,3.887160,0.000000,0.000000,-0.004743,1.000000,0.000000,0.000000,0.000000,0.000000,0.000000,0.000000,4638.274345,-0.000000,-0.000000,-0.000000,2026.951168,2139.563554,2026.951168,2139.563554,2026.951168,2139.563554,2026.951168,2139.563554,0.007313,75
0.705219,0,-5.000000,0.000000,4.000000,0.000000,0.000000,0.000000,0.000000,0.000000,0.000000,0.000000,-5.000000,0.000000,3.887143,0.000000,0.000000,-0.003304,1.000000,0.000000,0.000000,0.000000,0.000000,0.000000,0.000000,4636.729795,-0.000000,-0.000000,-0.000000,2026.624917,2139.212864,2026.624917,2139.212864,2026.624917,2139.212864,2026.624917,2139.212864,0.007325,75
0.710409,0,-5.000000,0.000000,4.000000,0.000000,0.000000,0.000000,0.000000,0.000000,0.000000,0.000000,-5.000000,0.000000,3.887134,0.000000,-0.000000,-0.001829,1.000000,0.000000,0.000000,0.000000,0.000000,0.000000,0.000000,4635.144641,-0.000000,-0.000000,-0.000000,2026.290021,2138.852890,2026.290021,2138.852890,2026.290021,2138.852890,2026.290021,2138.852890,0.007337,75
0.715438,0,-5.000000,0.000000,4.000000,0.000000,0.000000,0.000000,0.000000,0.000000,0.000000,0.000000,-5.000000,0.000000,3.887131,0.000000,-0.000000,-0.000417,1.000000,0.000000,0.000000,0.000000,0.000000,0.000000,0.000000,4633.511935,-0.000000,-0.000000,-0.000000,2025.945005,2138.482049,2025.945005,2138.482049,2025.945005,2138.482049,2025.945005,2138.482049,0.007349,75
0.720328,0,-5.000000,0.000000,4.000000,0.000000,0.000000,0.000000,0.000000,0.000000,0.000000,0.000000,-5.000000,0.000000,3.887136,0.000000,-0.000000,0.000938,1.000000,0.000000,0.000000,0.000000,0.000000,0.000000,0.000000,4631.942229,-0.000000,-0.000000,-0.000000,2025.613233,2138.125454,2025.613233,2138.125454,2025.613233,2138.125454,2025.613233,2138.125454,0.007361,75
0.725310,0,-5.000000,0.000000,4.000000,0.000000,0.000000,0.000000,0.000000,0.000000,0.000000,0.000000,-5.000000,0.000000,3.887147,0.000000,-0.000000,0.002301,1.000000,0.000000,0.000000,0.000000,0.000000,0.000000,0.000000,4630.428070,-0.000000,-0.000000,-0.000000,2025.293136,2137.781419,2025.293136,2137.781419,2025.293136,2137.781419,2025.293136,2137.781419,0.007373,75
0.730330,0,-5.000000,0.000000,4.000000,0.000000,0.000000,0.000000,0.000000,0.000000,0.000000,0.000000,-5.000000,0.000000,3.887166,0.000000,-0.000000,0.003658,1.000000,0.000000,0.000000,0.000000,0.000000,0.000000,0.000000,4628.897447,-0.000000,-0.000000,-0.000000,2024.969494,2137.433586,2024.969494,2137.433586,2024.969494,2137.433586,2024.969494,2137.433586,0.007385,75
0.735332,0,-5.000000,0.000000,4.000000,0.000000,0.000000,0.000000,0.000000,0.000000,0.000000,0.000000,-5.000000,0.000000,3.887191,0.000000,-0.000000,0.004992,1.000000,0.000000,0.000000,0.000000,0.000000,0.000000,0.000000,4627.367493,-0.000000,-0.000000,-0.000000,2024.645929,2137.085848,2024.645929,2137.085848,2024.645929,2137.085848,2024.645929,2137.085848,0.007396,75
0.740219,0,-5.000000,0.000000,4.000000,0.000000,0.000000,0.000000,0.000000,0.000000,0.000000,0.000000,-5.000000,0.000000,3.887221,0.000000,-0.000000,0.006279,1.000000,0.000000,0.000000,0.000000,0.000000,0.000000,0.000000,4625.855160,-0.000000,-0.000000,-0.000000,2024.326026,2136.742059,2024.326026,2136.742059,2024.326026,2136.742059,2024.326026,2136.742059,0.007408,75
0.745214,0,-5.000000,0.000000,4.000000,0.000000,0.000000,0.000000,0.000000,0.000000,0.000000,0.000000,-5.000000,0.000000,3.887259,0.000000,-0.000000,0.007578,1.000000,0.000000,0.000000,0.000000,0.000000,-0.000000,0.000000,4624.389225,-0.000000,-0.000000,-0.000000,2024.015877,2136.408766,2024.015877,2136.408766,2024.015877,2136.408766,2024.015877,2136.408766,0.007419,75
0.750306,0,-5.000000,0.000000,4.000000,0.000000,0.000000,0.000000,0.000000,0.000000,0.000000,0.000000,-5.000000,0.000000,3.887305,0.000000,-0.000000,0.008885,1.000000,0.000000,0.000000,0.000000,0.000000,-0.000000,0.000000,4622.902918,-0.000000,-0.000000,-0.000000,2023.701357,2136.070790,2023.701357,2136.070790,2023.701357,2136.070790,2023.701357,2136.070790,0.007430,75
0.755331,0,-5.000000,0.000000,4.000000,0.000000,0.000000,0.000000,0.000000,0.000000,0.000000,0.000000,-5.000000,0.000000,3.887356,0.000000,-0.000000,0.010157,1.000000,0.000000,0.000000,0.000000,0.000000,-0.000000,0.000000,4621.400092,-0.000000,-0.000000,-0.000000,2023.383279,2135.729005,2023.383279,2135.729005,2023.383279,2135.729005,2023.383279,2135.729005,0.007442,75
0.760309,0,-5.000000,0.000000,4.000000,0.000000,0.000000,0.000000,0.000000,0.000000,0.000000,0.000000,-5.000000,0.000000,3.887412,0.000000,-0.000000,0.011402,1.000000,0.000000,0.000000,0.000000,0.000000,-0.000000,-0.000000,4619.929295,-0.000000,-0.000000,-0.000000,2023.071919,2135.394455,2023.071919,2135.394455,2023.071919,2135.394455,2023.071919,2135.394455,0.007453,75
0.765318,0,-5.000000,0.000000,4.000000,0.000000,0.000000,0.000000,0.000000,0.000000,0.000000,0.000000,-5.000000,0.000000,3.887476,0.000000,-0.000000,0.012637,1.000000,0.000000,0.000000,0.000000,0.000000,-0.000000,-0.000000,4618.483827,-0.000000,-0.000000,-0.000000,2022.765863,2135.065619,2022.765863,2135.065619,2022.765863,2135.065619,2022.765863,2135.065619,0.007464,75
0.770317,0,-5.000000,0.000000,4.000000,0.000000,0.000000,0.000000,0.000000,0.000000,0.000000,0.000000,-5.000000,0.000000,3.887545,0.000000,-0.000000,0.013853,1.000000,0.000000,0.000000,0.000000,0.000000,0.000000,-0.000000,4617.041257,-0.000000,-0.000000,0.000000,2022.460362,2134.737396,2022.460362,2134.737396,2022.460362,2134.737396,2022.460362,2134.737396,0.007475,75
0.775311,0,-5.000000,0.000000,4.000000,0.000000,0.000000,0.000000,0.000000,0.000000,0.000000,0.000000,-5.000000,0.000000,3.887620,0.000000,-0.000000,0.015053,1.000000,0.000000,0.000000,0.000000,0.000000,0.000000,-0.000000,4615.613514,-0.000000,-0.000000,0.000000,2022.157944,2134.412502,2022.157944,2134.412502,2022.157944,2134.412502,2022.157944,2134.412502,0.007485,75
0.780315,0,-5.000000,0.000000,4.000000,0.000000,0.000000,0.000000,0.000000,0.000000,0.000000,0.000000,-5.000000,0.000000,3.887701,0.000000,-0.000000,0.016238,1.000000,0.000000,0.000000,0.000000,0.000000,-0.000000,-0.000000,4614.198794,-0.000000,-0.000000,0.000000,2021.858229,2134.090527,2021.858229,2134.090527,2021.858229,2134.090527,2021.858229,2134.090527,0.007496,75
0.785213,0,-5.000000,0.000000,4.000000,0.000000,0.000000,0.000000,0.000000,0.000000,0.000000,0.000000,-5.000000,0.000000,3.887787,0.000000,-0.000000,0.017384,1.000000,0.000000,0.000000,0.000000,0.000000,-0.000000,-0.000000,4612.792702,-0.000000,-0.000000,0.000000,2021.560286,2133.770474,2021.560286,2133.770474,2021.560286,2133.770474,2021.560286,2133.770474,0.007507,75
0.790280,0,-5.000000,0.000000,4.000000,0.000000,0.000000,0.000000,0.000000,0.000000,0.000000,0.000000,-5.000000,0.000000,3.887881,0.000000,-0.000000,0.018552,1.000000,0.000000,0.000000,0.000000,0.000000,0.000000,-0.000000,4611.427736,-0.000000,-0.000000,0.000000,2021.271005,2133.459742,2021.271005,2133.459742,2021.271005,2133.459742,2021.271005,2133.459742,0.007517,75
0.795303,0,-5.000000,0.000000,4.000000,0.000000,0.000000,0.000000,0.000000,0.000000,0.000000,0.000000,-5.000000,0.000000,3.887979,0.000000,-0.000000,0.019694,1.000000,0.000000,0.000000,0.000000,0.000000,0.000000,-0.000000,4610.027281,-0.000000,-0.000000,0.000000,2020.974149,2133.140891,2020.974149,2133.140891,2020.974149,2133.140891,2020.974149,2133.140891,0.007528,75
0.800307,0,-5.000000,0.000000,4.000000,0.000000,0.000000,0.000000,0.000000,0.000000,0.000000,0.000000,-5.000000,0.000000,3.888084,0.000000,-0.000000,0.020817,1.000000,0.000000,0.000000,0.000000,0.000000,0.000000,-0.000000,4608.650851,-0.000000,-0.000000,0.000000,2020.682332,2132.827470,2020.682332,2132.827470,2020.682332,2132.827470,2020.682332,2132.827470,0.007538,75
0.805315,0,-5.000000,0.000000,4.000000,0.000000,0.000000,0.000000,0.000000,0.000000,0.000000,0.000000,-5.000000,0.000000,3.888193,0.000000,-0.000000,0.021925,1.000000,0.000000,0.000000,0.000000,0.000000,0.000000,-0.000000,4607.290714,-0.000000,-0.000000,0.000000,2020.393918,2132.517722,2020.393918,2132.517722,2020.393918,2132.517722,2020.393918,2132.517722,0.007548,75
0.810334,0,-5.000000,0.000000,4.000000,0.000000,0.000000,0.000000,0.000000,0.000000,0.000000,0.000000,-5.000000,0.000000,3.888309,0.000000,-0.000000,0.023020,1.000000,0.000000,0.000000,0.000000,-0.000000,0.000000,-0.000000,4605.940979,-0.000000,-0.000000,0.000000,2020.107658,2132.210306,2020.107658,2132.210306,2020.107658,2132.210306,2020.107658,2132.210306,0.007558,75
0.815333,0,-5.000000,0.000000,4.000000,0.000000,0.000000,0.000000,0.000000,0.000000,0.000000,0.000000,-5.000000,0.000000,3.888429,0.000000,-0.000000,0.024096,1.000000,0.000000,0.000000,0.000000,0.000000,-0.000000,-0.000000,4604.599719,-0.000000,-0.000000,0.000000,2019.823146,2131.904784,2019.823146,2131.904784,2019.823146,2131.904784,2019.823146,2131.904784,0.007569,75
0.820314,0,-5.000000,0.000000,4.000000,0.000000,0.000000,0.000000,0.000000,0.000000,0.000000,0.000000,-5.000000,0.000000,3.888555,0.000000,-0.000000,0.025153,1.000000,0.000000,0.000000,0.000000,0.000000,0.000000,-0.000000,4603.275058,-0.000000,-0.000000,0.000000,2019.542105,2131.603009,2019.542105,2131.603009,2019.542105,2131.603009,2019.542105,2131.603009,0.007578,75
0.825323,0,-5.000000,0.000000,4.000000,0.000000,0.000000,0.000000,0.000000,0.000000,0.000000,0.000000,-5.000000,0.000000,3.888686,0.000000,-0.000000,0.026201,1.000000,0.000000,0.000000,0.000000,0.000000,0.000000,-0.000000,4601.966182,-0.000000,-0.000000,0.000000,2019.264365,2131.304797,2019.264365,2131.304797,2019.264365,2131.304797,2019.264365,2131.304797,0.007588,75
0.830244,0,-5.000000,0.000000,4.000000,0.000000,0.000000,0.000000,0.000000,0.000000,0.000000,0.000000,-5.000000,0.000000,3.888820,0.000000,-0.000000,0.027216,1.000000,0.000000,0.000000,0.000000,0.000000,0.000000,-0.000000,4600.660949,-0.000000,-0.000000,0.000000,2018.987351,2131.007382,2018.987351,2131.007382,2018.987351,2131.007382,2018.987351,2131.007382,0.007598,75
0.835244,0,-5.000000,0.000000,4.000000,0.000000,0.000000,0.000000,0.000000,0.000000,0.000000,0.000000,-5.000000,0.000000,3.888961,0.000000,-0.000000,0.028232,1.000000,0.000000,0.000000,0.000000,0.000000,-0.000000,-0.000000,4599.389294,-0.000000,-0.000000,0.000000,2018.717418,2130.717587,2018.717418,2130.717587,2018.717418,2130.717587,2018.717418,2130.717587,0.007608,75
0.840320,0,-5.000000,0.000000,4.000000,0.000000,0.000000,0.000000,0.000000,0.000000,0.000000,0.000000,-5.000000,0.000000,3.889109,0.000000,-0.000000,0.029250,1.000000,0.000000,0.000000,0.000000,-0.000000,0.000000,-0.000000,4598.108363,-0.000000,-0.000000,0.000000,2018.445470,2130.425648,2018.445470,2130.425648,2018.445470,2130.425648,2018.445470,2130.425648,0.007617,75
0.845319,0,-5.000000,0.000000,4.000000,0.000000,0.000000,0.000000,0.000000,0.000000,0.000000,0.000000,-5.000000,0.000000,3.889261,0.000000,-0.000000,0.030237,1.000000,0.000000,0.000000,0.000000,-0.000000,0.000000,-0.000000,4596.819209,-0.000000,-0.000000,0.000000,2018.171730,2130.131804,2018.171730,2130.131804,2018.171730,2130.131804,2018.171730,2130.131804,0.007627,75
0.850319,0,-5.000000,0.000000,4.000000,0.000000,0.000000,0.000000,0.000000,0.000000,0.000000,0.000000,-5.000000,0.000000,3.889417,0.000000,-0.000000,0.031210,1.000000,0.000000,0.000000,-0.000000,-0.000000,-0.000000,-0.000000,4595.560205,-0.000000,-0.000000,0.000000,2017.904347,2129.844804,2017.904347,2129.844804,2017.904347,2129.844804,2017.904347,2129.844804,0.007636,75
0.855334,0,-5.000000,0.000000,4.000000,0.000000,0.000000,0.000000,0.000000,0.000000,0.000000,0.000000,-5.000000,0.000000,3.889578,0.000000,-0.000000,0.032172,1.000000,0.000000,0.000000,-0.000000,-0.000000,-0.000000,-0.000000,4594.311990,-0.000000,-0.000000,0.000000,2017.639213,2129.560234,2017.639213,2129.560234,2017.639213,2129.560234,2017.639213,2129.560234,0.007646,75
0.860257,0,-5.000000,0.000000,4.000000,0.000000,0.000000,0.000000,0.000000,0.000000,0.000000,0.000000,-5.000000,0.000000,3.889741,0.000000,-0.000000,0.033103,1.000000,0.000000,0.000000,-0.000000,-0.000000,-0.000000,-0.000000,4593.070719,-0.000000,-0.000000,0.000000,2017.375510,2129.277220,2017.375510,2129.277220,2017.375510,2129.277220,2017.375510,2129.277220,0.007655,75
0.865321,0,-5.000000,0.000000,4.000000,0.000000,0.000000,0.000000,0.000000,0.000000,0.000000,0.000000,-5.000000,0.000000,3.889913,0.000000,-0.000000,0.034046,1.000000,0.000000,0.000000,-0.000000,-0.000000,-0.000000,-0.000000,4591.862712,-0.000000,-0.000000,0.000000,2017.118833,2129.001765,2017.118833,2129.001765,2017.118833,2129.001765,2017.118833,2129.001765,0.007664,75
0.870381,0,-5.000000,0.000000,4.000000,0.000000,0.000000,0.000000,0.000000,0.000000,0.000000,0.000000,-5.000000,0.000000,3.890090,0.000000,-0.000000,0.034974,1.000000,0.000000,0.000000,-0.000000,-0.000000,-0.000000,-0.000000,4590.630920,-0.000000,-0.000000,0.000000,2016.857060,2128.720859,2016.857060,2128.720859,2016.857060,2128.720859,2016.857060,2128.720859,0.007673,75
0.875247,0,-5.000000,0.000000,4.000000,0.000000,0.000000,0.000000,0.000000,0.000000,0.000000,0.000000,-5.000000,0.000000,3.890265,0.000000,-0.000000,0.035854,1.000000,0.000000,0.000000,-0.000000,-0.000000,-0.000000,-0.000000,4589.410804,-0.000000,-0.000000,0.000000,2016.597726,2128.442591,2016.597726,2128.442591,2016.597726,2128.442591,2016.597726,2128.442591,0.007683,75
0.880247,0,-5.000000,0.000000,4.000000,0.000000,0.000000,0.000000,0.000000,0.000000,0.000000,0.000000,-5.000000,0.000000,3.890449,0.000000,-0.000000,0.036744,1.000000,0.000000,0.000000,-0.000000,-0.000000,-0.000000,-0.000000,4588.247572,-0.000000,-0.000000,0.000000,2016.350445,2128.177272,2016.350445,2128.177272,2016.350445,2128.177272,2016.350445,2128.177272,0.007691,75
0.885402,0,-5.000000,0.000000,4.000000,0.000000,0.000000,0.000000,0.000000,0.000000,0.000000,0.000000,-5.000000,0.000000,3.890643,0.000000,-0.000000,0.037647,1.000000,0.000000,0.000000,-0.000000,-0.000000,-0.000000,-0.000000,4587.062700,-0.000000,-0.000000,0.000000,2016.098525,2127.906993,2016.098525,2127.906993,2016.098525,2127.906993,2016.098525,2127.906993,0.007700,75
0.890313,0,-5.000000,0.000000,4.000000,0.000000,0.000000,0.000000,0.000000,0.000000,0.000000,0.000000,-5.000000,0.000000,3.890832,0.000000,-0.000000,0.038495,1.000000,0.000000,0.000000,-0.000000,-0.000000,-0.000000,-0.000000,4585.852001,-0.000000,-0.000000,0.000000,2015.841073,2127.630800,2015.841073,2127.630800,2015.841073,2127.630800,2015.841073,2127.630800,0.007709,75
0.895311,0,-5.000000,0.000000,4.000000,0.000000,0.000000,0.000000,0.000000,0.000000,0.000000,0.000000,-5.000000,0.000000,3.891028,0.000000,-0.000000,0.039345,1.000000,0.000000,0.000000,-0.000000,-0.000000,-0.000000,-0.000000,4584.708691,-0.000000,-0.000000,0.000000,2015.597914,2127.369957,2015.597914,2127.369957,2015.597914,2127.369957,2015.597914,2127.369957,0.007718,75
0.900418,0,-5.000000,0.000000,4.000000,0.000000,0.000000,0.000000,0.000000,0.000000,0.000000,0.000000,-5.000000,0.000000,3.891234,0.000000,-0.000000,0.040199,1.000000,0.000000,0.000000,-0.000000,-0.000000,-0.000000,-0.000000,4583.555177,-0.000000,-0.000000,0.000000,2015.352548,2127.106764,2015.352548,2127.106764,2015.352548,2127.106764,2015.352548,2127.106764,0.007726,75
0.905323,0,-5.000000,0.000000,4.000000,0.000000,0.000000,0.000000,0.000000,0.000000,0.000000,0.000000,-5.000000,0.000000,3.891435,0.000000,-0.000000,0.041008,1.000000,0.000000,0.000000,-0.000000,-0.000000,-0.000000,-0.000000,4582.387371,-0.000000,-0.000000,0.000000,2015.104104,2126.840289,2015.104104,2126.840289,2015.104104,2126.840289,2015.104104,2126.840289,0.007735,75
0.910249,0,-5.000000,0.000000,4.000000,0.000000,0.000000,0.000000,0.000000,0.000000,0.000000,0.000000,-5.000000,0.000000,3.891641,0.000000,-0.000000,0.041807,1.000000,0.000000,0.000000,-0.000000,-0.000000,-0.000000,-0.000000,4581.275478,-0.000000,-0.000000,0.000000,2014.867520,2126.586551,2014.867520,2126.586551,2014.867520,2126.586551,2014.867520,2126.586551,0.007743,75
0.915250,0,-5.000000,0.000000,4.000000,0.000000,0.000000,0.000000,0.000000,0.000000,0.000000,0.000000,-5.000000,0.000000,3.891854,0.000000,-0.000000,0.042605,1.000000,0.000000,0.000000,-0.000000,-0.000000,-0.000000,-0.000000,4580.168526,-0.000000,-0.000000,0.000000,2014.631953,2126.333922,2014.631953,2126.333922,2014.631953,2126.333922,2014.631953,2126.333922,0.007752,75
0.920406,0,-5.000000,0.000000,4.000000,0.000000,0.000000,0.000000,0.000000,0.000000,0.000000,0.000000,-5.000000,0.000000,3.892078,0.000000,-0.000000,0.043415,1.000000,0.000000,0.000000,-0.000000,-0.000000,-0.000000,-0.000000,4579.054794,-0.000000,-0.000000,0.000000,2014.394909,2126.079725,2014.394909,2126.079725,2014.394909,2126.079725,2014.394909,2126.079725,0.007760,75
0.925389,0,-5.000000,0.000000,4.000000,0.000000,0.000000,0.000000,0.000000,0.000000,0.000000,0.000000,-5.000000,0.000000,3.892298,0.000000,-0.000000,0.044185,1.000000,0.000000,0.000000,-0.000000,-0.000000,-0.000000,-0.000000,4577.917026,-0.000000,-0.000000,0.000000,2014.152714,2125.820023,2014.152714,2125.820023,2014.152714,2125.820023,2014.152714,2125.820023,0.007768,75
0.930401,0,-5.000000,0.000000,4.000000,0.000000,0.000000,0.000000,0.000000,0.000000,0.000000,0.000000,-5.000000,0.000000,3.892523,0.000000,-0.000000,0.044948,1.000000,0.000000,0.000000,-0.000000,-0.000000,-0.000000,-0.000000,4576.827345,-0.000000,-0.000000,0.000000,2013.920721,2125.571278,2013.920721,2125.571278,2013.920721,2125.571278,2013.920721,2125.571278,0.007776,75
0.935392,0,-5.000000,0.000000,4.000000,0.000000,0.000000,0.000000,0.000000,0.000000,0.000000,0.000000,-5.000000,0.000000,3.892751,0.000000,-0.000000,0.045694,1.000000,0.000000,0.000000,-0.000000,-0.000000,-0.000000,-0.000000,4575.741328,-0.000000,-0.000000,0.000000,2013.689475,2125.323351,2013.689475,2125.323351,2013.689475,2125.323351,2013.689475,2125.323351,0.007785,75
0.940391,0,-5.000000,0.000000,4.000000,0.000000,0.000000,0.000000,0.000000,0.000000,0.000000,0.000000,-5.000000,0.000000,3.892983,0.000000,-0.000000,0.046430,1.000000,0.000000,0.000000,-0.000000,-0.000000,-0.000000,-0.000000,4574.669442,-0.000000,-0.000000,0.000000,2013.461207,2125.078633,2013.461207,2125.078633,2013.461207,2125.078633,2013.461207,2125.078633,0.007792,75
0.945402,0,-5.000000,0.000000,4.000000,0.000000,0.000000,0.000000,0.000000,0.000000,0.000000,0.000000,-5.000000,0.000000,3.893220,0.000000,-0.000000,0.047155,1.000000,0.000000,0.000000,-0.000000,-0.000000,-0.000000,-0.000000,4573.605754,-0.000000,-0.000000,0.000000,2013.234652,2124.835769,2013.234652,2124.835769,2013.234652,2124.835769,2013.234652,2124.835769,0.007800,75
0.950251,0,-5.000000,0.000000,4.000000,0.000000,0.000000,0.000000,0.000000,0.000000,0.000000,0.000000,-5.000000,-0.000000,3.893452,0.000000,-0.000000,0.047846,1.000000,0.000000,0.000000,-0.000000,-0.000000,-0.000000,-0.000000,4572.549254,-0.000000,-0.000000,0.000000,2013.009598,2124.594529,2013.009598,2124.594529,2013.009598,2124.594529,2013.009598,2124.594529,0.007808,75
0.955238,0,-5.000000,0.000000,4.000000,0.000000,0.000000,0.000000,0.000000,0.000000,0.000000,0.000000,-5.000000,-0.000000,3.893694,0.000000,-0.000000,0.048544,1.000000,0.000000,0.000000,-0.000000,-0.000000,-0.000000,-0.000000,4571.535847,-0.000000,-0.000000,0.000000,2012.793694,2124.363114,2012.793694,2124.363114,2012.793694,2124.363114,2012.793694,2124.363114,0.007816,75
0.960387,0,-5.000000,0.000000,4.000000,0.000000,0.000000,0.000000,0.000000,0.000000,0.000000,0.000000,-5.000000,-0.000000,3.893947,0.000000,-0.000000,0.049253,1.000000,0.000000,0.000000,-0.000000,-0.000000,-0.000000,-0.000000,4570.502924,-0.000000,-0.000000,0.000000,2012.573603,2124.127226,2012.573603,2124.127226,2012.573603,2124.127226,2012.573603,2124.127226,0.007823,75
0.965350,0,-5.000000,0.000000,4.000000,0.000000,0.000000,0.000000,0.000000,0.000000,0.000000,0.000000,-5.000000,-0.000000,3.894195,0.000000,-0.000000,0.049924,1.000000,0.000000,0.000000,-0.000000,-0.000000,-0.000000,-0.000000,4569.446887,-0.000000,-0.000000,0.000000,2012.348556,2123.886043,2012.348556,2123.886043,2012.348556,2123.886043,2012.348556,2123.886043,0.007831,75
0.970372,0,-5.000000,0.000000,4.000000,0.000000,0.000000,0.000000,0.000000,0.000000,0.000000,0.000000,-5.000000,-0.000000,3.894449,0.000000,-0.000000,0.050592,1.000000,0.000000,0.000000,-0.000000,-0.000000,-0.000000,-0.000000,4568.438151,-0.000000,-0.000000,0.000000,2012.133560,2123.655649,2012.133560,2123.655649,2012.133560,2123.655649,2012.133560,2123.655649,0.007839,75
0.975317,0,-5.000000,0.000000,4.000000,0.000000,0.000000,0.000000,0.000000,0.000000,0.000000,0.000000,-5.000000,-0.000000,3.894702,0.000000,-0.000000,0.051238,1.000000,0.000000,0.000000,-0.000000,0.000000,-0.000000,-0.000000,4567.426822,-0.000000,-0.000000,0.000000,2011.917984,2123.424647,2011.917984,2123.424647,2011.917984,2123.424647,2011.917984,2123.424647,0.007846,75
0.980307,0,-5.000000,0.000000,4.000000,0.000000,0.000000,0.000000,0.000000,0.000000,0.000000,0.000000,-5.000000,-0.000000,3.894961,0.000000,-0.000000,0.051879,1.000000,0.000000,0.000000,-0.000000,-0.000000,-0.000000,-0.000000,4566.440163,-0.000000,-0.000000,0.000000,2011.707639,2123.199266,2011.707639,2123.199266,2011.707639,2123.199266,2011.707639,2123.199266,0.007854,75
0.985212,0,-5.000000,0.000000,4.000000,0.000000,0.000000,0.000000,0.000000,0.000000,0.000000,0.000000,-5.000000,-0.000000,3.895219,0.000000,-0.000000,0.052498,1.000000,0.000000,0.000000,-0.000000,-0.000000,-0.000000,-0.000000,4565.453743,-0.000000,-0.000000,0.000000,2011.497318,2122.973926,2011.497318,2122.973926,2011.497318,2122.973926,2011.497318,2122.973926,0.007861,75
0.990211,0,-5.000000,0.000000,4.000000,0.000000,0.000000,0.000000,0.000000,0.000000,0.000000,0.000000,-5.000000,-0.000000,3.895484,0.000000,-0.000000,0.053118,1.000000,0.000000,0.000000,-0.000000,-0.000000,-0.000000,-0.000000,4564.493094,-0.000000,-0.000000,0.000000,2011.292465,2122.754459,2011.292465,2122.754459,2011.292465,2122.754459,2011.292465,2122.754459,0.007868,75
0.995411,0,-5.000000,0.000000,4.000000,0.000000,0.000000,0.000000,0.000000,0.000000,0.000000,0.000000,-5.000000,-0.000000,3.895764,0.000000,-0.000000,0.053751,1.000000,0.000000,0.000000,-0.000000,-0.000000,-0.000000,-0.000000,4563.523233,-0.000000,-0.000000,0.000000,2011.085623,2122.532875,2011.085623,2122.532875,2011.085623,2122.532875,2011.085623,2122.532875,0.007875,75
1.000388,0,-5.000000,0.000000,4.000000,0.000000,0.000000,0.000000,0.000000,0.000000,0.000000,0.000000,-5.000000,-0.000000,3.896034,0.000000,-0.000000,0.054346,1.000000,0.000000,0.000000,-0.000000,-0.000000,-0.000000,-0.000000,4562.524067,-0.000000,-0.000000,0.000000,2010.872503,2122.304582,2010.872503,2122.304582,2010.872503,2122.304582,2010.872503,2122.304582,0.007883,75
1.005393,0,-5.000000,0.000000,4.000000,0.000000,0.000000,0.000000,0.000000,0.000000,0.000000,0.000000,-5.000000,-0.000000,3.896309,0.000000,-0.000000,0.054933,1.000000,0.000000,0.000000,-0.000000,-0.000000,-0.000000,0.000000,4561.576756,-0.000000,-0.000000,0.000000,2010.670418,2122.088123,2010.670418,2122.088123,2010.670418,2122.088123,2010.670418,2122.088123,0.007890,75
1.010254,0,-5.000000,0.000000,4.000000,0.000000,0.000000,0.000000,0.000000,0.000000,0.000000,0.000000,-5.000000,-0.000000,3.896579,0.000000,-0.000000,0.055493,1.000000,0.000000,0.000000,-0.000000,-0.000000,-0.000000,0.000000,4560.633258,-0.000000,-0.000000,0.000000,2010.469123,2121.872524,2010.469123,2121.872524,2010.469123,2121.872524,2010.469123,2121.872524,0.007897,75
1.015237,0,-5.000000,0.000000,4.000000,0.000000,0.000000,0.000000,0.000000,0.000000,0.000000,0.000000,-5.000000,-0.000000,3.896858,0.000000,-0.000000,0.056057,1.000000,0.000000,0.000000,-0.000000,-0.000000,-0.000000,0.000000,4559.725293,-0.000000,-0.000000,0.000000,2010.275385,2121.665033,2010.275385,2121.665033,2010.275385,2121.665033,2010.275385,2121.665033,0.007903,75
1.020336,0,-5.000000,0.000000,4.000000,0.000000,0.000000,0.000000,0.000000,0.000000,0.000000,0.000000,-5.000000,-0.000000,3.897147,0.000000,-0.000000,0.056622,1.000000,0.000000,0.000000,-0.000000,-0.000000,-0.000000,0.000000,4558.803311,-0.000000,-0.000000,0.000000,2010.078632,2121.454327,2010.078632,2121.454327,2010.078632,2121.454327,2010.078632,2121.454327,0.007910,75
1.025334,0,-5.000000,0.000000,4.000000,0.000000,0.000000,0.000000,0.000000,0.000000,0.000000,0.000000,-5.000000,-0.000000,3.897433,0.000000,-0.000000,0.057167,1.000000,0.000000,0.000000,-0.000000,-0.000000,-0.000000,0.000000,4557.868987,-0.000000,-0.000000,-0.000000,2009.879222,2121.240789,2009.879222,2121.240789,2009.879222,2121.240789,2009.879222,2121.240789,0.007917,75
1.030370,0,-5.000000,0.000000,4.000000,0.000000,0.000000,0.000000,0.000000,0.000000,0.000000,0.000000,-5.000000,-0.000000,3.897723,0.000000,-0.000000,0.057704,1.000000,0.000000,0.000000,-0.000000,-0.000000,-0.000000,0.000000,4556.962137,-0.000000,-0.000000,-0.000000,2009.685653,2121.033518,2009.685653,2121.033518,2009.685653,2121.033518,2009.685653,2121.033518,0.007924,75
1.035238,0,-5.000000,0.000000,4.000000,0.000000,0.000000,0.000000,0.000000,0.000000,0.000000,0.000000,-5.000000,-0.000000,3.898007,0.000000,-0.000000,0.058215,1.000000,0.000000,0.000000,-0.000000,-0.000000,-0.000000,0.000000,4556.057024,-0.000000,-0.000000,-0.000000,2009.492431,2120.826634,2009.492431,2120.826634,2009.492431,2120.826634,2009.492431,2120.826634,0.007930,75
1.040219,0,-5.000000,0.000000,4.000000,0.000000,0.000000,0.000000,0.000000,0.000000,0.000000,0.000000,-5.000000,-0.000000,3.898299,0.000000,-0.000000,0.058726,1.000000,0.000000,0.000000,-0.000000,-0.000000,-0.000000,0.000000,4555.190420,-0.000000,-0.000000,-0.000000,2009.307410,2120.628541,2009.307410,2120.628541,2009.307410,2120.628541,2009.307410,2120.628541,0.007937,75
1.045358,0,-5.000000,0.000000,4.000000,0.000000,0.000000,0.000000,0.000000,0.000000,0.000000,0.000000,-5.000000,-0.000000,3.898604,0.000000,-0.000000,0.059244,1.000000,0.000000,0.000000,-0.000000,-0.000000,-0.000000,0.000000,4554.312281,-0.000000,-0.000000,-0.000000,2009.119904,2120.427801,2009.119904,2120.427801,2009.119904,2120.427801,2009.119904,2120.427801,0.007943,75
1.050348,0,-5.000000,0.000000,4.000000,0.000000,0.000000,0.000000,0.000000,0.000000,0.000000,0.000000,-5.000000,-0.000000,3.898902,0.000000,-0.000000,0.059736,1.000000,0.000000,0.000000,-0.000000,-0.000000,-0.000000,0.000000,4553.415341,-0.000000,-0.000000,-0.000000,2008.928362,2120.222753,2008.928362,2120.222753,2008.928362,2120.222753,2008.928362,2120.222753,0.007950,75
1.055349,0,-5.000000,0.000000,4.000000,0.000000,0.000000,0.000000,0.000000,0.000000,0.000000,0.000000,-5.000000,-0.000000,3.899203,0.000000,-0.000000,0.060220,1.000000,0.000000,0.000000,-0.000000,-0.000000,-0.000000,0.000000,4552.552772,-0.000000,-0.000000,-0.000000,2008.744139,2120.025553,2008.744139,2120.025553,2008.744139,2120.025553,2008.744139,2120.025553,0.007956,75
1.060351,0,-5.000000,0.000000,4.000000,0.000000,0.000000,0.000000,0.000000,0.000000,0.000000,0.000000,-5.000000,-0.000000,3.899507,0.000000,-0.000000,0.060694,1.000000,0.000000,0.000000,-0.000000,-0.000000,-0.000000,0.000000,4551.696806,-0.000000,-0.000000,-0.000000,2008.561306,2119.829852,2008.561306,2119.829852,2008.561306,2119.829852,2008.561306,2119.829852,0.007962,75
1.065358,0,-5.000000,0.000000,4.000000,0.000000,0.000000,0.000000,0.000000,0.000000,0.000000,0.000000,-5.000000,-0.000000,3.899813,0.000000,-0.000000,0.061159,1.000000,0.000000,0.000000,-0.000000,-0.000000,-0.000000,0.000000,4550.849035,-0.000000,-0.000000,-0.000000,2008.380204,2119.636015,2008.380204,2119.636015,2008.380204,2119.636015,2008.380204,2119.636015,0.007969,75
1.070342,0,-5.000000,0.000000,4.000000,0.000000,0.000000,0.000000,0.000000,0.000000,0.000000,0.000000,-5.000000,-0.000000,3.900120,0.000000,-0.000000,0.061612,1.000000,0.000000,0.000000,-0.000000,-0.000000,-0.000000,0.000000,4550.008821,-0.000000,-0.000000,-0.000000,2008.200696,2119.443897,2008.200696,2119.443897,2008.200696,2119.443897,2008.200696,2119.443897,0.007975,75
1.075342,0,-5.000000,0.000000,4.000000,0.000000,0.000000,0.000000,0.000000,0.000000,0.000000,0.000000,-5.000000,-0.000000,3.900430,0.000000,-0.000000,0.062058,1.000000,0.000000,0.000000,-0.000000,-0.000000,-0.000000,0.000000,4549.180624,-0.000000,-0.000000,-0.000000,2008.023736,2119.254517,2008.023736,2119.254517,2008.023736,2119.254517,2008.023736,2119.254517,0.007981,75
1.080220,0,-5.000000,0.000000,4.000000,0.000000,0.000000,0.000000,0.000000,0.000000,0.000000,0.000000,-5.000000,-0.000000,3.900735,0.000000,-0.000000,0.062483,1.000000,0.000000,0.000000,-0.000000,-0.000000,-0.000000,0.000000,4548.358092,-0.000000,-0.000000,-0.000000,2007.847969,2119.066425,2007.847969,2119.066425,2007.847969,2119.066425,2007.847969,2119.066425,0.007987,75
1.085221,0,-5.000000,0.000000,4.000000,0.000000,0.000000,0.000000,0.000000,0.000000,0.000000,0.000000,-5.000000,-0.000000,3.901050,0.000000,-0.000000,0.062910,1.000000,0.000000,0.000000,-0.000000,-0.000000,-0.000000,0.000000,4547.563460,-0.000000,-0.000000,-0.000000,2007.678146,2118.884704,2007.678146,2118.884704,2007.678146,2118.884704,2007.678146,2118.884704,0.007993,75
1.090344,0,-5.000000,0.000000,4.000000,0.000000,0.000000,0.000000,0.000000,0.000000,0.000000,0.000000,-5.000000,-0.000000,3.901374,0.000000,-0.000000,0.063337,1.000000,0.000000,0.000000,-0.000000,-0.000000,-0.000000,0.000000,4546.756840,-0.000000,-0.000000,-0.000000,2007.505742,2118.700233,2007.505742,2118.700233,2007.505742,2118.700233,2007.505742,2118.700233,0.007999,75
1.095346,0,-5.000000,0.000000,4.000000,0.000000,0.000000,0.000000,0.000000,0.000000,0.000000,0.000000,-5.000000,-0.000000,3.901693,0.000000,-0.000000,0.063745,1.000000,0.000000,0.000000,-0.000000,-0.000000,-0.000000,0.000000,4545.938971,-0.000000,-0.000000,-0.000000,2007.330917,2118.513181,2007.330917,2118.513181,2007.330917,2118.513181,2007.330917,2118.513181,0.008005,75
1.100324,0,-5.000000,0.000000,4.000000,0.000000,0.000000,0.000000,0.000000,0.000000,0.000000,0.000000,-5.000000,-0.000000,3.902012,0.000000,-0.000000,0.064143,1.000000,0.000000,0.000000,-0.000000,-0.000000,-0.000000,0.000000,4545.148460,-0.000000,-0.000000,-0.000000,2007.161921,2118.332378,2007.161921,2118.332378,2007.161921,2118.332378,2007.161921,2118.332378,0.008011,75
1.105215,0,-5.000000,0.000000,4.000000,0.000000,0.000000,0.000000,0.000000,0.000000,0.000000,0.000000,-5.000000,-0.000000,3.902328,0.000000,-0.000000,0.064525,1.000000,0.000000,0.000000,-0.000000,-0.000000,-0.000000,0.000000,4544.369598,-0.000000,-0.000000,-0.000000,2006.995400,2118.154231,2006.995400,2118.154231,2006.995400,2118.154231,2006.995400,2118.154231,0.008016,75
1.110231,0,-5.000000,0.000000,4.000000,0.000000,0.000000,0.000000,0.000000,0.000000,0.000000,0.000000,-5.000000,-0.000000,3.902653,0.000000,-0.000000,0.064907,1.000000,0.000000,0.000000,-0.000000,-0.000000,-0.000000,0.000000,4543.612052,-0.000000,-0.000000,-0.000000,2006.833419,2117.980953,2006.833419,2117.980953,2006.833419,2117.980953,2006.833419,2117.980953,0.008022,75
1.115206,0,-5.000000,0.000000,4.000000,0.000000,0.000000,0.000000,0.000000,0.000000,0.000000,0.000000,-5.000000,-0.000000,3.902978,0.000000,-0.000000,0.065278,1.000000,0.000000,0.000000,-0.000000,-0.000000,-0.000000,0.000000,4542.842924,-0.000000,-0.000000,-0.000000,2006.668946,2117.805018,2006.668946,2117.805018,2006.668946,2117.805018,2006.668946,2117.805018,0.008027,75
1.120341,0,-5.000000,0.000000,4.000000,0.000000,0.000000,0.000000,0.000000,0.000000,0.000000,0.000000,-5.000000,-0.000000,3.903315,0.000000,-0.000000,0.065652,1.000000,0.000000,0.000000,-0.000000,-0.000000,-0.000000,0.000000,4542.087899,-0.000000,-0.000000,-0.000000,2006.507473,2117.632302,2006.507473,2117.632302,2006.507473,2117.632302,2006.507473,2117.632302,0.008033,75
1.125209,0,-5.000000,0.000000,4.000000,0.000000,0.000000,0.000000,0.000000,0.000000,0.000000,0.000000,-5.000000,-0.000000,3.903637,0.000000,-0.000000,0.065998,1.000000,0.000000,0.000000,-0.000000,-0.000000,-0.000000,0.000000,4541.316732,-0.000000,-0.000000,-0.000000,2006.342532,2117.455885,2006.342532,2117.455885,2006.342532,2117.455885,2006.342532,2117.455885,0.008039,75
1.130248,0,-5.000000,0.000000,4.000000,0.000000,0.000000,0.000000,0.000000,0.000000,0.000000,0.000000,-5.000000,-0.000000,3.903971,0.000000,-0.000000,0.066347,1.000000,0.000000,0.000000,-0.000000,-0.000000,-0.000000,0.000000,4540.592985,-0.000000,-0.000000,-0.000000,2006.187718,2117.290310,2006.187718,2117.290310,2006.187718,2117.290310,2006.187718,2117.290310,0.008044,75
1.135320,0,-5.000000,0.000000,4.000000,0.000000,0.000000,0.000000,0.000000,0.000000,0.000000,0.000000,-5.000000,-0.000000,3.904309,0.000000,-0.000000,0.066690,1.000000,0.000000,0.000000,-0.000000,-0.000000,-0.000000,0.000000,4539.851594,-0.000000,-0.000000,-0.000000,2006.029115,2117.120692,2006.029115,2117.120692,2006.029115,2117.120692,2006.029115,2117.120692,0.008049,75
1.140406,0,-5.000000,0.000000,4.000000,0.000000,0.000000,0.000000,0.000000,0.000000,0.000000,0.000000,-5.000000,-0.000000,3.904650,0.000000,-0.000000,0.067026,1.000000,0.000000,0.000000,-0.000000,-0.000000,-0.000000,0.000000,4539.113135,-0.000000,-0.000000,-0.000000,2005.871125,2116.951738,2005.871125,2116.951738,2005.871125,2116.951738,2005.871125,2116.951738,0.008055,75
1.145421,0,-5.000000,0.000000,4.000000,0.000000,0.000000,0.000000,0.000000,0.000000,0.000000,0.000000,-5.000000,-0.000000,3.904988,0.000000,-0.000000,0.067348,1.000000,0.000000,0.000000,-0.000000,-0.000000,-0.000000,0.000000,4538.380586,-0.000000,-0.000000,-0.000000,2005.714384,2116.784129,2005.714384,2116.784129,2005.714384,2116.784129,2005.714384,2116.784129,0.008060,75
1.150251,0,-5.000000,0.000000,4.000000,0.000000,0.000000,0.000000,0.000000,0.000000,0.000000,0.000000,-5.000000,-0.000000,3.905315,0.000000,-0.000000,0.067651,1.000000,0.000000,0.000000,-0.000000,-0.000000,-0.000000,0.000000,4537.665672,-0.000000,-0.000000,-0.000000,2005.561402,2116.620549,2005.561402,2116.620549,2005.561402,2116.620549,2005.561402,2116.620549,0.008065,75
1.155215,0,-5.000000,0.000000,4.000000,0.000000,0.000000,0.000000,0.000000,0.000000,0.000000,0.000000,-5.000000,-0.000000,3.905652,0.000000,-0.000000,0.067955,1.000000,0.000000,0.000000,-0.000000,-0.000000,-0.000000,0.000000,4536.984108,-0.000000,-0.000000,-0.000000,2005.415544,2116.464594,2005.415544,2116.464594,2005.415544,2116.464594,2005.415544,2116.464594,0.008070,75
1.160394,0,-5.000000,0.000000,4.000000,0.000000,0.000000,0.000000,0.000000,0.000000,0.000000,0.000000,-5.000000,-0.000000,3.906005,0.000000,-0.000000,0.068263,1.000000,0.000000,0.000000,-0.000000,-0.000000,-0.000000,0.000000,4536.290905,-0.000000,-0.000000,-0.000000,2005.267181,2116.305970,2005.267181,2116.305970,2005.267181,2116.305970,2005.267181,2116.305970,0.008075,75
1.165320,0,-5.000000,0.000000,4.000000,0.000000,0.000000,0.000000,0.000000,0.000000,0.000000,0.000000,-5.000000,-0.000000,3.906343,0.000000,-0.000000,0.068548,1.000000,0.000000,0.000000,-0.000000,-0.000000,-0.000000,0.000000,4535.575578,-0.000000,-0.000000,-0.000000,2005.114070,2116.142277,2005.114070,2116.142277,2005.114070,2116.142277,2005.114070,2116.142277,0.008081,75
1.170325,0,-5.000000,0.000000,4.000000,0.000000,0.000000,0.000000,0.000000,0.000000,0.000000,0.000000,-5.000000,-0.000000,3.906688,0.000000,-0.000000,0.068830,1.000000,0.000000,0.000000,-0.000000,-0.000000,-0.000000,0.000000,4534.902263,-0.000000,-0.000000,-0.000000,2004.969938,2115.988192,2004.969938,2115.988192,2004.969938,2115.988192,2004.969938,2115.988192,0.008086,75
1.175398,0,-5.000000,0.000000,4.000000,0.000000,0.000000,0.000000,0.000000,0.000000,0.000000,0.000000,-5.000000,-0.000000,3.907038,0.000000,-0.000000,0.069108,1.000000,0.000000,0.000000,-0.000000,-0.000000,-0.000000,0.000000,4534.225497,-0.000000,-0.000000,-0.000000,2004.825055,2115.833312,2004.825055,2115.833312,2004.825055,2115.833312,2004.825055,2115.833312,0.008090,75
1.180405,0,-5.000000,0.000000,4.000000,0.000000,0.000000,0.000000,0.000000,0.000000,0.000000,0.000000,-5.000000,-0.000000,3.907385,0.000000,-0.000000,0.069374,1.000000,0.000000,0.000000,-0.000000,-0.000000,-0.000000,0.000000,4533.546828,-0.000000,-0.000000,-0.000000,2004.679753,2115.677991,2004.679753,2115.677991,2004.679753,2115.677991,2004.679753,2115.677991,0.008095,75
1.185210,0,-5.000000,0.000000,4.000000,0.000000,0.000000,0.000000,0.000000,0.000000,0.000000,0.000000,-5.000000,-0.000000,3.907720,0.000000,-0.000000,0.069623,1.000000,0.000000,0.000000,-0.000000,-0.000000,-0.000000,-0.000000,4532.884219,-0.000000,-0.000000,-0.000000,2004.537876,2115.526340,2004.537876,2115.526340,2004.537876,2115.526340,2004.537876,2115.526340,0.008100,75
1.190243,0,-5.000000,0.000000,4.000000,0.000000,0.000000,0.000000,0.000000,0.000000,0.000000,0.000000,-5.000000,-0.000000,3.908072,0.000000,-0.000000,0.069876,1.000000,0.000000,0.000000,-0.000000,-0.000000,-0.000000,0.000000,4532.254875,-0.000000,-0.000000,0.000000,2004.403111,2115.382298,2004.403111,2115.382298,2004.403111,2115.382298,2004.403111,2115.382298,0.008105,75
1.195415,0,-5.000000,0.000000,4.000000,0.000000,0.000000,0.000000,0.000000,0.000000,0.000000,0.000000,-5.000000,-0.000000,3.908434,0.000000,-0.000000,0.070128,1.000000,0.000000,0.000000,-0.000000,-0.000000,-0.000000,-0.000000,4531.602816,-0.000000,-0.000000,0.000000,2004.263470,2115.233051,2004.263470,2115.233051,2004.263470,2115.233051,2004.263470,2115.233051,0.008110,75
1.200335,0,-5.000000,0.000000,4.000000,0.000000,0.000000,0.000000,0.000000,0.000000,0.000000,0.000000,-5.000000,-0.000000,3.908781,0.000000,-0.000000,0.070360,1.000000,0.000000,0.000000,-0.000000,-0.000000,-0.000000,0.000000,4530.940250,-0.000000,-0.000000,0.000000,2004.121567,2115.081395,2004.121567,2115.081395,2004.121567,2115.081395,2004.121567,2115.081395,0.008114,75
1.205220,0,-5.000000,0.000000,4.000000,0.000000,0.000000,0.000000,0.000000,0.000000,0.000000,0.000000,-5.000000,-0.000000,3.909125,0.000000,-0.000000,0.070584,1.000000,0.000000,0.000000,-0.000000,-0.000000,-0.000000,-0.000000,4530.316658,-0.000000,-0.000000,0.000000,2003.988001,2114.938654,2003.988001,2114.938654,2003.988001,2114.938654,2003.988001,2114.938654,0.008119,75
1.210221,0,-5.000000,0.000000,4.000000,0.000000,0.000000,0.000000,0.000000,0.000000,0.000000,0.000000,-5.000000,-0.000000,3.909479,0.000000,-0.000000,0.070806,1.000000,0.000000,0.000000,-0.000000,-0.000000,-0.000000,0.000000,4529.704166,-0.000000,-0.000000,0.000000,2003.856801,2114.798450,2003.856801,2114.798450,2003.856801,2114.798450,2003.856801,2114.798450,0.008123,75
1.215333,0,-5.000000,0.000000,4.000000,0.000000,0.000000,0.000000,0.000000,0.000000,0.000000,0.000000,-5.000000,-0.000000,3.909843,0.000000,-0.000000,0.071026,1.000000,0.000000,0.000000,-0.000000,-0.000000,-0.000000,-0.000000,4529.083940,-0.000000,-0.000000,0.000000,2003.723935,2114.656471,2003.723935,2114.656471,2003.723935,2114.656471,2003.723935,2114.656471,0.008128,75
1.220334,0,-5.000000,0.000000,4.000000,0.000000,0.000000,0.000000,0.000000,0.000000,0.000000,0.000000,-5.000000,-0.000000,3.910199,0.000000,-0.000000,0.071233,1.000000,0.000000,0.000000,-0.000000,-0.000000,-0.000000,-0.000000,4528.456988,-0.000000,-0.000000,0.000000,2003.589617,2114.512948,2003.589617,2114.512948,2003.589617,2114.512948,2003.589617,2114.512948,0.008133,75
1.225409,0,-5.000000,0.000000,4.000000,0.000000,0.000000,0.000000,0.000000,0.000000,0.000000,0.000000,-5.000000,-0.000000,3.910561,0.000000,-0.000000,0.071437,1.000000,0.000000,0.000000,-0.000000,-0.000000,-0.000000,-0.000000,4527.850480,-0.000000,-0.000000,0.000000,2003.459668,2114.374100,2003.459668,2114.374100,2003.459668,2114.374100,2003.459668,2114.374100,0.008137,75
1.230225,0,-5.000000,0.000000,4.000000,0.000000,0.000000,0.000000,0.000000,0.000000,0.000000,0.000000,-5.000000,-0.000000,3.910906,0.000000,-0.000000,0.071624,1.000000,0.000000,0.000000,-0.000000,-0.000000,-0.000000,0.000000,4527.241954,-0.000000,-0.000000,0.000000,2003.329278,2114.234786,2003.329278,2114.234786,2003.329278,2114.234786,2003.329278,2114.234786,0.008141,75
1.235215,0,-5.000000,0.000000,4.000000,0.000000,0.000000,0.000000,0.000000,0.000000,0.000000,0.000000,-5.000000,-0.000000,3.911265,0.000000,-0.000000,0.071811,1.000000,0.000000,0.000000,-0.000000,-0.000000,-0.000000,0.000000,4526.670643,-0.000000,-0.000000,-0.000000,2003.206851,2114.103988,2003.206851,2114.103988,2003.206851,2114.103988,2003.206851,2114.103988,0.008146,75
1.240216,0,-5.000000,0.000000,4.000000,0.000000,0.000000,0.000000,0.000000,0.000000,0.000000,0.000000,-5.000000,-0.000000,3.911625,0.000000,-0.000000,0.071991,1.000000,0.000000,0.000000,-0.000000,-0.000000,-0.000000,0.000000,4526.085213,-0.000000,-0.000000,-0.000000,2003.081391,2113.969953,2003.081391,2113.969953,2003.081391,2113.969953,2003.081391,2113.969953,0.008150,75
1.245229,0,-5.000000,0.000000,4.000000,0.000000,0.000000,0.000000,0.000000,0.000000,0.000000,0.000000,-5.000000,-0.000000,3.911986,0.000000,-0.000000,0.072165,1.000000,0.000000,0.000000,-0.000000,-0.000000,-0.000000,0.000000,4525.505098,-0.000000,-0.000000,-0.000000,2002.957060,2113.837131,2002.957060,2113.837131,2002.957060,2113.837131,2002.957060,2113.837131,0.008154,75
1.250254,0,-5.000000,0.000000,4.000000,0.000000,0.000000,0.000000,0.000000,0.000000,0.000000,0.000000,-5.000000,-0.000000,3.912350,0.000000,-0.000000,0.072333,1.000000,0.000000,0.000000,-0.000000,-0.000000,-0.000000,0.000000,4524.930157,-0.000000,-0.000000,-0.000000,2002.833829,2113.705491,2002.833829,2113.705491,2002.833829,2113.705491,2002.833829,2113.705491,0.008158,75
1.255266,0,-5.000000,0.000000,4.000000,0.000000,0.000000,0.000000,0.000000,0.000000,0.000000,0.000000,-5.000000,-0.000000,3.912713,0.000000,-0.000000,0.072494,1.000000,0.000000,0.000000,-0.000000,-0.000000,-0.000000,0.000000,4524.360258,-0.000000,-0.000000,-0.000000,2002.711669,2113.575000,2002.711669,2113.575000,2002.711669,2113.575000,2002.711669,2113.575000,0.008162,75
1.260410,0,-5.000000,0.000000,4.000000,0.000000,0.000000,0.000000,0.000000,0.000000,0.000000,0.000000,-5.000000,-0.000000,3.913087,0.000000,-0.000000,0.072652,1.000000,0.000000,0.000000,-0.000000,-0.000000,-0.000000,0.000000,4523.798429,-0.000000,-0.000000,-0.000000,2002.591231,2113.446354,2002.591231,2113.446354,2002.591231,2113.446354,2002.591231,2113.446354,0.008166,75
1.265340,0,-5.000000,0.000000,4.000000,0.000000,0.000000,0.000000,0.000000,0.000000,0.000000,0.000000,-5.000000,-0.000000,3.913446,0.000000,-0.000000,0.072798,1.000000,0.000000,0.000000,-0.000000,-0.000000,-0.000000,0.000000,4523.228574,-0.000000,-0.000000,-0.000000,2002.469064,2113.315866,2002.469064,2113.315866,2002.469064,2113.315866,2002.469064,2113.315866,0.008171,75
1.270333,0,-5.000000,0.000000,4.000000,0.000000,0.000000,0.000000,0.000000,0.000000,0.000000,0.000000,-5.000000,-0.000000,3.913810,0.000000,-0.000000,0.072939,1.000000,0.000000,0.000000,-0.000000,-0.000000,-0.000000,0.000000,4522.688421,-0.000000,-0.000000,-0.000000,2002.353256,2113.192176,2002.353256,2113.192176,2002.353256,2113.192176,2002.353256,2113.192176,0.008175,75
1.275332,0,-5.000000,0.000000,4.000000,0.000000,0.000000,0.000000,0.000000,0.000000,0.000000,0.000000,-5.000000,-0.000000,3.914175,0.000000,-0.000000,0.073074,1.000000,0.000000,0.000000,-0.000000,-0.000000,-0.000000,-0.000000,4522.147770,-0.000000,-0.000000,-0.000000,2002.237333,2113.068369,2002.237333,2113.068369,2002.237333,2113.068369,2002.237333,2113.068369,0.008178,75
1.280425,0,-5.000000,0.000000,4.000000,0.000000,0.000000,0.000000,0.000000,0.000000,0.000000,0.000000,-5.000000,-0.000000,3.914548,0.000000,-0.000000,0.073205,1.000000,0.000000,0.000000,-0.000000,-0.000000,-0.000000,0.000000,4521.612711,-0.000000,-0.000000,0.000000,2002.122601,2112.945839,2002.122601,2112.945839,2002.122601,2112.945839,2002.122601,2112.945839,0.008182,75
1.285319,0,-5.000000,0.000000,4.000000,0.000000,0.000000,0.000000,0.000000,0.000000,0.000000,0.000000,-5.000000,-0.000000,3.914907,0.000000,-0.000000,0.073325,1.000000,0.000000,0.000000,-0.000000,-0.000000,-0.000000,-0.000000,4521.073910,-0.000000,-0.000000,-0.000000,2002.007059,2112.822448,2002.007059,2112.822448,2002.007059,2112.822448,2002.007059,2112.822448,0.008186,75
1.290213,0,-5.000000,0.000000,4.000000,0.000000,0.000000,0.000000,0.000000,0.000000,0.000000,0.000000,-5.000000,-0.000000,3.915266,0.000000,-0.000000,0.073440,1.000000,0.000000,0.000000,-0.000000,-0.000000,-0.000000,-0.000000,4520.562097,-0.000000,-0.000000,0.000000,2001.897297,2112.705235,2001.897297,2112.705235,2001.897297,2112.705235,2001.897297,2112.705235,0.008190,75
1.295218,0,-5.000000,0.000000,4.000000,0.000000,0.000000,0.000000,0.000000,0.000000,0.000000,0.000000,-5.000000,-0.000000,3.915635,0.000000,-0.000000,0.073551,1.000000,0.000000,0.000000,-0.000000,-0.000000,-0.000000,-0.000000,4520.056128,-0.000000,-0.000000,0.000000,2001.788782,2112.589358,2001.788782,2112.589358,2001.788782,2112.589358,2001.788782,2112.589358,0.008194,75
1.300215,0,-5.000000,0.000000,4.000000,0.000000,0.000000,0.000000,0.000000,0.000000,0.000000,0.000000,-5.000000,-0.000000,3.916003,0.000000,-0.000000,0.073655,1.000000,0.000000,0.000000,-0.000000,-0.000000,-0.000000,-0.000000,4519.544811,-0.000000,-0.000000,0.000000,2001.679112,2112.472252,2001.679112,2112.472252,2001.679112,2112.472252,2001.679112,2112.472252,0.008197,75
1.305343,0,-5.000000,0.000000,4.000000,0.000000,0.000000,0.000000,0.000000,0.000000,0.000000,0.000000,-5.000000,-0.000000,3.916381,0.000000,-0.000000,0.073757,1.000000,0.000000,0.000000,-0.000000,-0.000000,-0.000000,-0.000000,4519.040228,-0.000000,0.000000,0.000000,2001.570880,2112.356686,2001.570880,2112.356686,2001.570880,2112.356686,2001.570880,2112.356686,0.008201,75
1.310330,0,-5.000000,0.000000,4.000000,0.000000,0.000000,0.000000,0.000000,0.000000,0.000000,0.000000,-5.000000,-0.000000,3.916749,0.000000,-0.000000,0.073850,1.000000,0.000000,0.000000,-0.000000,-0.000000,-0.000000,-0.000000,4518.528735,-0.000000,0.000000,0.000000,2001.461158,2112.239535,2001.461158,2112.239535,2001.461158,2112.239535,2001.461158,2112.239535,0.008205,75
1.315345,0,-5.000000,0.000000,4.000000,0.000000,0.000000,0.000000,0.000000,0.000000,0.000000,0.000000,-5.000000,-0.000000,3.917120,0.000000,-0.000000,0.073938,1.000000,0.000000,0.000000,-0.000000,-0.000000,-0.000000,-0.000000,4518.037224,-0.000000,0.000000,0.000000,2001.355716,2112.126957,2001.355716,2112.126957,2001.355716,2112.126957,2001.355716,2112.126957,0.008208,75
1.320220,0,-5.000000,0.000000,4.000000,0.000000,0.000000,0.000000,0.000000,0.000000,0.000000,0.000000,-5.000000,-0.000000,3.917481,0.000000,-0.000000,0.074018,1.000000,0.000000,0.000000,-0.000000,-0.000000,-0.000000,-0.000000,4517.548817,-0.000000,0.000000,0.000000,2001.250933,2112.015087,2001.250933,2112.015087,2001.250933,2112.015087,2001.250933,2112.015087,0.008212,75
1.325334,0,-5.000000,0.000000,4.000000,0.000000,0.000000,0.000000,0.000000,0.000000,0.000000,0.000000,-5.000000,-0.000000,3.917860,0.000000,-0.000000,0.074096,1.000000,0.000000,0.000000,-0.000000,-0.000000,-0.000000,-0.000000,4517.079598,-0.000000,0.000000,0.000000,2001.150261,2111.907610,2001.150261,2111.907610,2001.150261,2111.907610,2001.150261,2111.907610,0.008215,75
1.330333,0,-5.000000,0.000000,4.000000,0.000000,0.000000,0.000000,0.000000,0.000000,0.000000,0.000000,-5.000000,-0.000000,3.918230,0.000000,-0.000000,0.074167,1.000000,0.000000,0.000000,-0.000000,-0.000000,-0.000000,-0.000000,4516.593465,-0.000000,0.000000,0.000000,2001.045954,2111.796256,2001.045954,2111.796256,2001.045954,2111.796256,2001.045954,2111.796256,0.008219,75
1.335335,0,-5.000000,0.000000,4.000000,0.000000,0.000000,0.000000,0.000000,0.000000,0.000000,0.000000,-5.000000,-0.000000,3.918602,0.000000,-0.000000,0.074233,1.000000,0.000000,0.000000,-0.000000,-0.000000,-0.000000,-0.000000,4516.124022,-0.000000,0.000000,0.000000,2000.945221,2111.688723,2000.945221,2111.688723,2000.945221,2111.688723,2000.945221,2111.688723,0.008222,75
1.340314,0,-5.000000,0.000000,4.000000,0.000000,0.000000,0.000000,0.000000,0.000000,0.000000,0.000000,-5.000000,-0.000000,3.918972,0.000000,-0.000000,0.074293,1.000000,0.000000,0.000000,-0.000000,-0.000000,-0.000000,-0.000000,4515.659950,-0.000000,0.000000,0.000000,2000.845635,2111.582417,2000.845635,2111.582417,2000.845635,2111.582417,2000.845635,2111.582417,0.008225,75
1.345333,0,-5.000000,0.000000,4.000000,0.000000,0.000000,0.000000,0.000000,0.000000,0.000000,0.000000,-5.000000,-0.000000,3.919345,0.000000,-0.000000,0.074348,1.000000,0.000000,0.000000,-0.000000,-0.000000,-0.000000,-0.000000,4515.203581,-0.000000,0.000000,0.000000,2000.747697,2111.477873,2000.747697,2111.477873,2000.747697,2111.477873,2000.747697,2111.477873,0.008229,75
1.350402,0,-5.000000,0.000000,4.000000,0.000000,0.000000,0.000000,0.000000,0.000000,0.000000,0.000000,-5.000000,-0.000000,3.919722,0.000000,-0.000000,0.074398,1.000000,-0.000000,0.000000,-0.000000,-0.000000,-0.000000,-0.000000,4514.749278,-0.000000,0.000000,0.000000,2000.650196,2111.373801,2000.650196,2111.373801,2000.650196,2111.373801,2000.650196,2111.373801,0.008232,75
1.355245,0,-5.000000,0.000000,4.000000,0.000000,0.000000,0.000000,0.000000,0.000000,0.000000,0.000000,-5.000000,-0.000000,3.920082,0.000000,-0.000000,0.074441,1.000000,-0.000000,0.000000,-0.000000,-0.000000,-0.000000,-0.000000,4514.296186,-0.000000,0.000000,0.000000,2000.552950,2111.270003,2000.552950,2111.270003,2000.552950,2111.270003,2000.552950,2111.270003,0.008235,75
1.360255,0,-5.000000,0.000000,4.000000,0.000000,0.000000,0.000000,0.000000,0.000000,0.000000,0.000000,-5.000000,-0.000000,3.920456,0.000000,-0.000000,0.074480,1.000000,-0.000000,0.000000,-0.000000,-0.000000,-0.000000,-0.000000,4513.868444,-0.000000,0.000000,0.000000,2000.461139,2111.172011,2000.461139,2111.172011,2000.461139,2111.172011,2000.461139,2111.172011,0.008238,75
1.365352,0,-5.000000,0.000000,4.000000,0.000000,0.000000,0.000000,0.000000,0.000000,0.000000,0.000000,-5.000000,-0.000000,3.920835,0.000000,-0.000000,0.074515,1.000000,-0.000000,0.000000,-0.000000,-0.000000,-0.000000,-0.000000,4513.431427,-0.000000,0.000000,0.000000,2000.367332,2111.071892,2000.367332,2111.071892,2000.367332,2111.071892,2000.367332,2111.071892,0.008242,75
1.370230,0,-5.000000,0.000000,4.000000,0.000000,0.000000,0.000000,0.000000,0.000000,0.000000,0.000000,-5.000000,-0.000000,3.921199,0.000000,-0.000000,0.074544,1.000000,-0.000000,0.000000,-0.000000,-0.000000,-0.000000,-0.000000,4512.992507,-0.000000,0.000000,0.000000,2000.273111,2110.971334,2000.273111,2110.971334,2000.273111,2110.971334,2000.273111,2110.971334,0.008245,75
1.375262,0,-5.000000,0.000000,4.000000,0.000000,0.000000,0.000000,0.000000,0.000000,0.000000,0.000000,-5.000000,-0.000000,3.921574,0.000000,-0.000000,0.074569,1.000000,-0.000000,0.000000,-0.000000,-0.000000,-0.000000,-0.000000,4512.577639,-0.000000,0.000000,0.000000,2000.184049,2110.876285,2000.184049,2110.876285,2000.184049,2110.876285,2000.184049,2110.876285,0.008248,75
1.380343,0,-5.000000,0.000000,4.000000,0.000000,0.000000,0.000000,0.000000,0.000000,0.000000,0.000000,-5.000000,-0.000000,3.921953,0.000000,-0.000000,0.074588,1.000000,-0.000000,-0.000000,-0.000000,-0.000000,-0.000000,-0.000000,4512.155072,-0.000000,0.000000,0.000000,2000.093330,2110.779470,2000.093330,2110.779470,2000.093330,2110.779470,2000.093330,2110.779470,0.008251,75
1.385342,0,-5.000000,0.000000,4.000000,0.000000,0.000000,0.000000,0.000000,0.000000,0.000000,0.000000,-5.000000,-0.000000,3.922326,0.000000,-0.000000,0.074603,1.000000,-0.000000,-0.000000,-0.000000,-0.000000,-0.000000,-0.000000,4511.733809,-0.000000,0.000000,0.000000,2000.002885,2110.682952,2000.002885,2110.682952,2000.002885,2110.682952,2000.002885,2110.682952,0.008254,75
1.390330,0,-5.000000,0.000000,4.000000,0.000000,0.000000,0.000000,0.000000,0.000000,0.000000,0.000000,-5.000000,-0.000000,3.922698,0.000000,-0.000000,0.074613,1.000000,-0.000000,-0.000000,-0.000000,-0.000000,-0.000000,-0.000000,4511.324708,-0.000000,0.000000,0.000000,1999.915047,2110.589219,1999.915047,2110.589219,1999.915047,2110.589219,1999.915047,2110.589219,0.008257,75
1.395340,0,-5.000000,0.000000,4.000000,0.000000,0.000000,0.000000,0.000000,0.000000,0.000000,0.000000,-5.000000,-0.000000,3.923072,0.000000,-0.000000,0.074618,1.000000,-0.000000,-0.000000,-0.000000,-0.000000,-0.000000,-0.000000,4510.921690,-0.000000,0.000000,0.000000,1999.828510,2110.496877,1999.828510,2110.496877,1999.828510,2110.496877,1999.828510,2110.496877,0.008260,75
1.400344,0,-5.000000,0.000000,4.000000,0.000000,0.000000,0.000000,0.000000,0.000000,0.000000,0.000000,-5.000000,-0.000000,3.923446,0.000000,-0.000000,0.074619,1.000000,-0.000000,-0.000000,-0.000000,-0.000000,-0.000000,0.000000,4510.522063,-0.000000,0.000000,0.000000,1999.742698,2110.405311,1999.742698,2110.405311,1999.742698,2110.405311,1999.742698,2110.405311,0.008263,75
1.405347,0,-5.000000,0.000000,4.000000,0.000000,0.000000,0.000000,0.000000,0.000000,0.000000,0.000000,-5.000000,-0.000000,3.923819,0.000000,-0.000000,0.074615,1.000000,-0.000000,-0.000000,-0.000000,-0.000000,-0.000000,0.000000,4510.128163,-0.000000,0.000000,0.000000,1999.658111,2110.315055,1999.658111,2110.315055,1999.658111,2110.315055,1999.658111,2110.315055,0.008265,75
1.410335,0,-5.000000,0.000000,4.000000,0.000000,0.000000,0.000000,0.000000,0.000000,0.000000,0.000000,-5.000000,-0.000000,3.924191,0.000000,-0.000000,0.074606,1.000000,-0.000000,-0.000000,-0.000000,-0.000000,-0.000000,0.000000,4509.739380,-0.000000,0.000000,-0.000000,1999.574618,2110.225969,1999.574618,2110.225969,1999.574618,2110.225969,1999.574618,2110.225969,0.008268,75
1.415331,0,-5.000000,0.000000,4.000000,0.000000,0.000000,0.000000,0.000000,0.000000,0.000000,0.000000,-5.000000,-0.000000,3.924564,0.000000,-0.000000,0.074594,1.000000,-0.000000,-0.000000,-0.000000,-0.000000,-0.000000,0.000000,4509.356841,-0.000000,0.000000,-0.000000,1999.492462,2110.138313,1999.492462,2110.138313,1999.492462,2110.138313,1999.492462,2110.138313,0.008271,75
1.420219,0,-5.000000,0.000000,4.000000,0.000000,0.000000,0.000000,0.000000,0.000000,0.000000,0.000000,-5.000000,-0.000000,3.924928,0.000000,-0.000000,0.074577,1.000000,-0.000000,-0.000000,-0.000000,-0.000000,-0.000000,0.000000,4508.978686,-0.000000,0.000000,-0.000000,1999.411245,2110.051660,1999.411245,2110.051660,1999.411245,2110.051660,1999.411245,2110.051660,0.008274,75
1.425335,0,-5.000000,0.000000,4.000000,0.000000,0.000000,0.000000,0.000000,0.000000,0.000000,0.000000,-5.000000,-0.000000,3.925310,0.000000,-0.000000,0.074555,1.000000,-0.000000,-0.000000,-0.000000,-0.000000,-0.000000,0.000000,4508.613477,-0.000000,0.000000,-0.000000,1999.332803,2109.967972,1999.332803,2109.967972,1999.332803,2109.967972,1999.332803,2109.967972,0.008276,75
1.430333,0,-5.000000,0.000000,4.000000,0.000000,0.000000,0.000000,0.000000,0.000000,0.000000,0.000000,-5.000000,-0.000000,3.925682,0.000000,-0.000000,0.074529,1.000000,-0.000000,-0.000000,-0.000000,-0.000000,-0.000000,0.000000,4508.236420,-0.000000,0.000000,-0.000000,1999.251814,2109.881567,1999.251814,2109.881567,1999.251814,2109.881567,1999.251814,2109.881567,0.008279,75
1.435214,0,-5.000000,0.000000,4.000000,0.000000,0.000000,0.000000,0.000000,0.000000,0.000000,0.000000,-5.000000,-0.000000,3.926046,0.000000,-0.000000,0.074499,1.000000,-0.000000,-0.000000,-0.000000,-0.000000,-0.000000,0.000000,4507.873018,-0.000000,0.000000,-0.000000,1999.173753,2109.798290,1999.173753,2109.798290,1999.173753,2109.798290,1999.173753,2109.798290,0.008282,75
1.440221,0,-5.000000,0.000000,4.000000,0.000000,0.000000,0.000000,0.000000,0.000000,0.000000,0.000000,-5.000000,-0.000000,3.926419,0.000000,-0.000000,0.074465,1.000000,-0.000000,-0.000000,-0.000000,-0.000000,-0.000000,0.000000,4507.522717,-0.000000,0.000000,-0.000000,1999.098503,2109.718014,1999.098503,2109.718014,1999.098503,2109.718014,1999.098503,2109.718014,0.008284,75
1.445331,0,-5.000000,0.000000,4.000000,0.000000,0.000000,0.000000,0.000000,0.000000,0.000000,0.000000,-5.000000,-0.000000,3.926799,0.000000,-0.000000,0.074426,1.000000,-0.000000,-0.000000,-0.000000,-0.000000,-0.000000,0.000000,4507.168228,-0.000000,0.000000,-0.000000,1999.022351,2109.636777,1999.022351,2109.636777,1999.022351,2109.636777,1999.022351,2109.636777,0.008287,75
1.450356,0,-5.000000,0.000000,4.000000,0.000000,0.000000,0.000000,0.000000,0.000000,0.000000,0.000000,-5.000000,-0.000000,3.927173,0.000000,-0.000000,0.074383,1.000000,-0.000000,-0.000000,-0.000000,-0.000000,-0.000000,0.000000,4506.811432,-0.000000,0.000000,-0.000000,1998.945699,2109.555009,1998.945699,2109.555009,1998.945699,2109.555009,1998.945699,2109.555009,0.008289,75
1.455264,0,-5.000000,0.000000,4.000000,0.000000,0.000000,0.000000,0.000000,0.000000,0.000000,0.000000,-5.000000,-0.000000,3.927538,0.000000,-0.000000,0.074337,1.000000,-0.000000,-0.000000,-0.000000,-0.000000,-0.000000,0.000000,4506.465404,-0.000000,0.000000,-0.000000,1998.871357,2109.475708,1998.871357,2109.475708,1998.871357,2109.475708,1998.871357,2109.475708,0.008292,75
1.460295,0,-5.000000,0.000000,4.000000,0.000000,0.000000,0.000000,0.000000,0.000000,0.000000,0.000000,-5.000000,-0.000000,3.927911,0.000000,-0.000000,0.074286,1.000000,-0.000000,-0.000000,-0.000000,-0.000000,-0.000000,-0.000000,4506.131930,-0.000000,0.000000,-0.000000,1998.799710,2109.399283,1998.799710,2109.399283,1998.799710,2109.399283,1998.799710,2109.399283,0.008294,75
1.465338,0,-5.000000,0.000000,4.000000,0.000000,0.000000,0.000000,0.000000,0.000000,0.000000,0.000000,-5.000000,-0.000000,3.928286,0.000000,-0.000000,0.074232,1.000000,-0.000000,-0.000000,-0.000000,-0.000000,-0.000000,-0.000000,4505.794880,-0.000000,0.000000,0.000000,1998.727291,2109.322037,1998.727291,2109.322037,1998.727291,2109.322037,1998.727291,2109.322037,0.008297,75
1.470343,0,-5.000000,0.000000,4.000000,0.000000,0.000000,0.000000,0.000000,0.000000,0.000000,0.000000,-5.000000,-0.000000,3.928657,0.000000,-0.000000,0.074173,1.000000,-0.000000,-0.000000,-0.000000,-0.000000,-0.000000,-0.000000,4505.461673,-0.000000,0.000000,0.000000,1998.655694,2109.245670,1998.655694,2109.245670,1998.655694,2109.245670,1998.655694,2109.245670,0.008298,75
1.475344,0,-5.000000,0.000000,4.000000,0.000000,0.000000,0.000000,0.000000,0.000000,0.000000,0.000000,-5.000000,-0.000000,3.929027,0.000000,-0.000000,0.074111,1.000000,-0.000000,-0.000000,-0.000000,-0.000000,-0.000000,-0.000000,4505.135661,-0.000000,0.000000,0.000000,1998.585640,2109.170950,1998.585640,2109.170950,1998.585640,2109.170950,1998.585640,2109.170950,0.008296,75
1.480214,0,-5.000000,0.000000,4.000000,0.000000,0.000000,0.000000,0.000000,0.000000,0.000000,0.000000,-5.000000,-0.000000,3.929388,0.000000,-0.000000,0.074047,1.000000,-0.000000,-0.000000,-0.000000,-0.000000,-0.000000,-0.000000,4504.814443,-0.000000,0.000000,0.000000,1998.516613,2109.097328,1998.516613,2109.097328,1998.516613,2109.097328,1998.516613,2109.097328,0.008294,75
1.485216,0,-5.000000,0.000000,4.000000,0.000000,0.000000,0.000000,0.000000,0.000000,0.000000,0.000000,-5.000000,-0.000000,3.929758,0.000000,-0.000000,0.073978,1.000000,-0.000000,-0.000000,-0.000000,-0.000000,-0.000000,-0.000000,4504.505903,-0.000000,0.000000,0.000000,1998.450308,2109.026611,1998.450308,2109.026611,1998.450308,2109.026611,1998.450308,2109.026611,0.008293,75
1.490336,0,-5.000000,0.000000,4.000000,0.000000,0.000000,0.000000,0.000000,0.000000,0.000000,0.000000,-5.000000,-0.000000,3.930137,0.000000,-0.000000,0.073903,1.000000,-0.000000,-0.000000,-0.000000,-0.000000,-0.000000,-0.000000,4504.193503,-0.000000,0.000000,0.000000,1998.383171,2108.955008,1998.383171,2108.955008,1998.383171,2108.955008,1998.383171,2108.955008,0.008291,75
1.495333,0,-5.000000,0.000000,4.000000,0.000000,0.000000,0.000000,0.000000,0.000000,0.000000,0.000000,-5.000000,-0.000000,3.930505,0.000000,-0.000000,0.073826,1.000000,-0.000000,-0.000000,-0.000000,-0.000000,-0.000000,-0.000000,4503.878427,-0.000000,0.000000,0.000000,1998.315456,2108.882790,1998.315456,2108.882790,1998.315456,2108.882790,1998.315456,2108.882790,0.008290,75
1.500264,0,-5.000000,0.000000,4.000000,0.000000,0.000000,0.000000,0.000000,0.000000,0.000000,0.000000,-5.000000,-0.000000,3.930869,0.000000,-0.000000,0.073747,1.000000,-0.000000,-0.000000,-0.000000,-0.000000,-0.000000,-0.000000,4503.575282,-0.000000,0.000000,0.000000,1998.250303,2108.813306,1998.250303,2108.813306,1998.250303,2108.813306,1998.250303,2108.813306,0.008288,75
1.505269,0,-5.000000,0.000000,4.000000,0.000000,0.000000,0.000000,0.000000,0.000000,0.000000,0.000000,-5.000000,-0.000000,3.931238,0.000000,-0.000000,0.073663,1.000000,-0.000000,-0.000000,-0.000000,-0.000000,-0.000000,-0.000000,4503.280423,-0.000000,0.000000,0.000000,1998.186928,2108.745720,1998.186928,2108.745720,1998.186928,2108.745720,1998.186928,2108.745720,0.008287,75
1.510226,0,-5.000000,0.000000,4.000000,0.000000,0.000000,0.000000,0.000000,0.000000,0.000000,0.000000,-5.000000,-0.000000,3.931602,0.000000,-0.000000,0.073577,1.000000,-0.000000,-0.000000,-0.000000,-0.000000,-0.000000,-0.000000,4502.985506,-0.000000,0.000000,0.000000,1998.123538,2108.678121,1998.123538,2108.678121,1998.123538,2108.678121,1998.123538,2108.678121,0.008285,75
1.515229,0,-5.000000,0.000000,4.000000,0.000000,0.000000,0.000000,0.000000,0.000000,0.000000,0.000000,-5.000000,-0.000000,3.931970,0.000000,-0.000000,0.073486,1.000000,-0.000000,-0.000000,-0.000000,-0.000000,-0.000000,-0.000000,4502.697615,-0.000000,0.000000,0.000000,1998.061656,2108.612130,1998.061656,2108.612130,1998.061656,2108.612130,1998.061656,2108.612130,0.008284,75
1.520343,0,-5.000000,0.000000,4.000000,0.000000,0.000000,0.000000,0.000000,0.000000,0.000000,0.000000,-5.000000,-0.000000,3.932345,0.000000,-0.000000,0.073390,1.000000,-0.000000,-0.000000,-0.000000,-0.000000,-0.000000,0.000000,4502.411303,-0.000000,0.000000,0.000000,1998.000112,2108.546501,1998.000112,2108.546501,1998.000112,2108.546501,1998.000112,2108.546501,0.008282,75
1.525349,0,-5.000000,0.000000,4.000000,0.000000,0.000000,0.000000,0.000000,0.000000,0.000000,0.000000,-5.000000,-0.000000,3.932712,0.000000,-0.000000,0.073293,1.000000,-0.000000,-0.000000,-0.000000,-0.000000,-0.000000,0.000000,4502.123095,-0.000000,0.000000,-0.000000,1997.938158,2108.480436,1997.938158,2108.480436,1997.938158,2108.480436,1997.938158,2108.480436,0.008281,75
1.530347,0,-5.000000,0.000000,4.000000,0.000000,0.000000,0.000000,0.000000,0.000000,0.000000,0.000000,-5.000000,-0.000000,3.933078,0.000000,-0.000000,0.073192,1.000000,-0.000000,-0.000000,-0.000000,-0.000000,-0.000000,0.000000,4501.845177,-0.000000,0.000000,-0.000000,1997.878413,2108.416729,1997.878413,2108.416729,1997.878413,2108.416729,1997.878413,2108.416729,0.008279,75
1.535288,0,-5.000000,0.000000,4.000000,0.000000,0.000000,0.000000,0.000000,0.000000,0.000000,0.000000,-5.000000,-0.000000,3.933439,0.000000,-0.000000,0.073089,1.000000,-0.000000,-0.000000,-0.000000,-0.000000,-0.000000,0.000000,4501.571807,-0.000000,0.000000,-0.000000,1997.819644,2108.354063,1997.819644,2108.354063,1997.819644,2108.354063,1997.819644,2108.354063,0.008278,75
1.540232,0,-5.000000,0.000000,4.000000,0.000000,0.000000,0.000000,0.000000,0.000000,0.000000,0.000000,-5.000000,-0.000000,3.933800,0.000000,-0.000000,0.072984,1.000000,-0.000000,-0.000000,-0.000000,-0.000000,-0.000000,0.000000,4501.305639,-0.000000,0.000000,-0.000000,1997.762421,2108.293048,1997.762421,2108.293048,1997.762421,2108.293048,1997.762421,2108.293048,0.008277,75
1.545345,0,-5.000000,0.000000,4.000000,0.000000,0.000000,0.000000,0.000000,0.000000,0.000000,0.000000,-5.000000,-0.000000,3.934173,0.000000,-0.000000,0.072871,1.000000,-0.000000,-0.000000,-0.000000,-0.000000,-0.000000,0.000000,4501.043273,-0.000000,0.000000,-0.000000,1997.706014,2108.232904,1997.706014,2108.232904,1997.706014,2108.232904,1997.706014,2108.232904,0.008275,75
1.550349,0,-5.000000,0.000000,4.000000,0.000000,0.000000,0.000000,0.000000,0.000000,0.000000,0.000000,-5.000000,-0.000000,3.934537,0.000000,-0.000000,0.072758,1.000000,-0.000000,-0.000000,-0.000000,-0.000000,-0.000000,0.000000,4500.776132,-0.000000,0.000000,-0.000000,1997.648579,2108.171664,1997.648579,2108.171664,1997.648579,2108.171664,1997.648579,2108.171664,0.008274,75
1.555345,0,-5.000000,0.000000,4.000000,0.000000,0.000000,0.000000,0.000000,0.000000,0.000000,0.000000,-5.000000,-0.000000,3.934900,0.000000,-0.000000,0.072642,1.000000,-0.000000,-0.000000,-0.000000,-0.000000,-0.000000,0.000000,4500.518779,-0.000000,0.000000,-0.000000,1997.593246,2108.112667,1997.593246,2108.112667,1997.593246,2108.112667,1997.593246,2108.112667,0.008273,75
1.560318,0,-5.000000,0.000000,4.000000,0.000000,0.000000,0.000000,0.000000,0.000000,0.000000,0.000000,-5.000000,-0.000000,3.935260,0.000000,-0.000000,0.072524,1.000000,-0.000000,-0.000000,-0.000000,-0.000000,-0.000000,0.000000,4500.265764,-0.000000,0.000000,-0.000000,1997.538844,2108.054665,1997.538844,2108.054665,1997.538844,2108.054665,1997.538844,2108.054665,0.008271,75
1.565348,0,-5.000000,0.000000,4.000000,0.000000,0.000000,0.000000,0.000000,0.000000,0.000000,0.000000,-5.000000,-0.000000,3.935625,0.000000,-0.000000,0.072401,1.000000,-0.000000,-0.000000,-0.000000,-0.000000,-0.000000,0.000000,4500.017794,-0.000000,-0.000000,-0.000000,1997.485525,2107.997817,1997.485525,2107.997817,1997.485525,2107.997817,1997.485525,2107.997817,0.008270,75
1.570336,0,-5.000000,0.000000,4.000000,0.000000,0.000000,0.000000,0.000000,0.000000,0.000000,0.000000,-5.000000,-0.000000,3.935985,0.000000,-0.000000,0.072276,1.000000,-0.000000,-0.000000,-0.000000,-0.000000,-0.000000,0.000000,4499.770998,-0.000000,-0.000000,-0.000000,1997.432457,2107.941239,1997.432457,2107.941239,1997.432457,2107.941239,1997.432457,2107.941239,0.008269,75
1.575344,0,-5.000000,0.000000,4.000000,0.000000,0.000000,0.000000,0.000000,0.000000,0.000000,0.000000,-5.000000,-0.000000,3.936346,0.000000,-0.000000,0.072148,1.000000,-0.000000,-0.000000,0.000000,-0.000000,0.000000,0.000000,4499.530098,-0.000000,-0.000000,-0.000000,1997.380655,2107.886011,1997.380655,2107.886011,1997.380655,2107.886011,1997.380655,2107.886011,0.008268,75
1.580271,0,-5.000000,0.000000,4.000000,0.000000,0.000000,0.000000,0.000000,0.000000,0.000000,0.000000,-5.000000,-0.000000,3.936701,0.000000,-0.000000,0.072020,1.000000,-0.000000,-0.000000,0.000000,-0.000000,0.000000,0.000000,4499.292076,-0.000000,-0.000000,-0.000000,1997.329470,2107.831443,1997.329470,2107.831443,1997.329470,2107.831443,1997.329470,2107.831443,0.008266,75
1.585220,0,-5.000000,0.000000,4.000000,0.000000,0.000000,0.000000,0.000000,0.000000,0.000000,0.000000,-5.000000,-0.000000,3.937057,0.000000,-0.000000,0.071888,1.000000,-0.000000,-0.000000,0.000000,-0.000000,0.000000,0.000000,4499.061589,-0.000000,-0.000000,-0.000000,1997.279904,2107.778601,1997.279904,2107.778601,1997.279904,2107.778601,1997.279904,2107.778601,0.008265,75
1.590353,0,-5.000000,0.000000,4.000000,0.000000,0.000000,0.000000,0.000000,0.000000,0.000000,0.000000,-5.000000,-0.000000,3.937425,0.000000,-0.000000,0.071748,1.000000,-0.000000,-0.000000,0.000000,-0.000000,0.000000,0.000000,4498.833799,-0.000000,-0.000000,-0.000000,1997.230917,2107.726377,1997.230917,2107.726377,1997.230917,2107.726377,1997.230917,2107.726377,0.008264,75
1.595347,0,-5.000000,0.000000,4.000000,0.000000,0.000000,0.000000,0.000000,0.000000,0.000000,0.000000,-5.000000,-0.000000,3.937783,0.000000,-0.000000,0.071609,1.000000,-0.000000,-0.000000,0.000000,-0.000000,0.000000,0.000000,4498.601480,-0.000000,-0.000000,-0.000000,1997.180954,2107.673115,1997.180954,2107.673115,1997.180954,2107.673115,1997.180954,2107.673115,0.008263,75
1.600218,0,-5.000000,0.000000,4.000000,0.000000,0.000000,0.000000,0.000000,0.000000,0.000000,0.000000,-5.000000,-0.000000,3.938131,0.000000,-0.000000,0.071472,1.000000,-0.000000,-0.000000,0.000000,-0.000000,0.000000,0.000000,4498.379147,-0.000000,-0.000000,-0.000000,1997.133138,2107.622141,1997.133138,2107.622141,1997.133138,2107.622141,1997.133138,2107.622141,0.008262,75
1.605220,0,-5.000000,0.000000,4.000000,0.000000,0.000000,0.000000,0.000000,0.000000,0.000000,0.000000,-5.000000,-0.000000,3.938488,0.000000,-0.000000,0.071328,1.000000,-0.000000,-0.000000,0.000000,-0.000000,0.000000,0.000000,4498.165746,-0.000000,-0.000000,-0.000000,1997.087241,2107.573214,1997.087241,2107.573214,1997.087241,2107.573214,1997.087241,2107.573214,0.008261,75
1.610269,0,-5.000000,0.000000,4.000000,0.000000,0.000000,0.000000,0.000000,0.000000,0.000000,0.000000,-5.000000,-0.000000,3.938847,0.000000,-0.000000,0.071180,1.000000,-0.000000,-0.000000,0.000000,-0.000000,0.000000,0.000000,4497.950268,-0.000000,-0.000000,-0.000000,1997.040897,2107.523811,1997.040897,2107.523811,1997.040897,2107.523811,1997.040897,2107.523811,0.008260,75
1.615362,0,-5.000000,0.000000,4.000000,0.000000,0.000000,0.000000,0.000000,0.000000,0.000000,0.000000,-5.000000,-0.000000,3.939209,0.000000,-0.000000,0.071028,1.000000,-0.000000,-0.000000,0.000000,-0.000000,0.000000,0.000000,4497.736475,-0.000000,-0.000000,-0.000000,1996.994913,2107.474794,1996.994913,2107.474794,1996.994913,2107.474794,1996.994913,2107.474794,0.008259,75
1.620263,0,-5.000000,0.000000,4.000000,0.000000,0.000000,0.000000,0.000000,0.000000,0.000000,0.000000,-5.000000,-0.000000,3.939556,0.000000,-0.000000,0.070880,1.000000,-0.000000,-0.000000,0.000000,-0.000000,0.000000,0.000000,4497.524483,-0.000000,-0.000000,-0.000000,1996.949316,2107.426189,1996.949316,2107.426189,1996.949316,2107.426189,1996.949316,2107.426189,0.008257,75
1.625356,0,-5.000000,0.000000,4.000000,0.000000,0.000000,0.000000,0.000000,0.000000,0.000000,0.000000,-5.000000,-0.000000,3.939917,0.000000,-0.000000,0.070723,1.000000,-0.000000,-0.000000,0.000000,-0.000000,0.000000,0.000000,4497.323900,-0.000000,-0.000000,-0.000000,1996.906171,2107.380199,1996.906171,2107.380199,1996.906171,2107.380199,1996.906171,2107.380199,0.008256,75
1.630356,0,-5.000000,0.000000,4.000000,0.000000,0.000000,0.000000,0.000000,0.000000,0.000000,0.000000,-5.000000,-0.000000,3.940269,0.000000,-0.000000,0.070567,1.000000,-0.000000,-0.000000,0.000000,-0.000000,0.000000,0.000000,4497.119137,-0.000000,-0.000000,-0.000000,1996.862126,2107.333251,1996.862126,2107.333251,1996.862126,2107.333251,1996.862126,2107.333251,0.008255,75
1.635349,0,-5.000000,0.000000,4.000000,0.000000,0.000000,0.000000,0.000000,0.000000,0.000000,0.000000,-5.000000,-0.000000,3.940621,0.000000,-0.000000,0.070408,1.000000,-0.000000,-0.000000,0.000000,-0.000000,0.000000,0.000000,4496.921577,-0.000000,-0.000000,-0.000000,1996.819630,2107.287953,1996.819630,2107.287953,1996.819630,2107.287953,1996.819630,2107.287953,0.008254,75
1.640261,0,-5.000000,0.000000,4.000000,0.000000,0.000000,0.000000,0.000000,0.000000,0.000000,0.000000,-5.000000,-0.000000,3.940966,0.000000,-0.000000,0.070250,1.000000,-0.000000,-0.000000,0.000000,-0.000000,0.000000,0.000000,4496.727690,-0.000000,-0.000000,-0.000000,1996.777923,2107.243498,1996.777923,2107.243498,1996.777923,2107.243498,1996.777923,2107.243498,0.008253,75
1.645330,0,-5.000000,0.000000,4.000000,0.000000,0.000000,0.000000,0.000000,0.000000,0.000000,0.000000,-5.000000,-0.000000,3.941321,0.000000,-0.000000,0.070085,1.000000,-0.000000,-0.000000,0.000000,-0.000000,0.000000,0.000000,4496.540279,-0.000000,-0.000000,-0.000000,1996.737607,2107.200527,1996.737607,2107.200527,1996.737607,2107.200527,1996.737607,2107.200527,0.008252,75
1.650382,0,-5.000000,0.000000,4.000000,0.000000,0.000000,0.000000,0.000000,0.000000,0.000000,0.000000,-5.000000,-0.000000,3.941674,0.000000,-0.000000,0.069918,1.000000,-0.000000,-0.000000,0.000000,-0.000000,0.000000,0.000000,4496.350368,-0.000000,-0.000000,-0.000000,1996.696753,2107.156982,1996.696753,2107.156982,1996.696753,2107.156982,1996.696753,2107.156982,0.008252,75
1.655219,0,-5.000000,0.000000,4.000000,0.000000,0.000000,0.000000,0.000000,0.000000,0.000000,0.000000,-5.000000,-0.000000,3.942012,0.000000,-0.000000,0.069756,1.000000,-0.000000,-0.000000,0.000000,-0.000000,0.000000,0.000000,4496.164504,-0.000000,-0.000000,-0.000000,1996.656769,2107.114365,1996.656769,2107.114365,1996.656769,2107.114365,1996.656769,2107.114365,0.008251,75
1.660230,0,-5.000000,0.000000,4.000000,0.000000,0.000000,0.000000,0.000000,0.000000,0.000000,0.000000,-5.000000,-0.000000,3.942361,0.000000,-0.000000,0.069585,1.000000,-0.000000,-0.000000,0.000000,-0.000000,0.000000,0.000000,4495.989654,-0.000000,-0.000000,-0.000000,1996.619153,2107.074273,1996.619153,2107.074273,1996.619153,2107.074273,1996.619153,2107.074273,0.008250,75
1.665347,0,-5.000000,0.000000,4.000000,0.000000,0.000000,0.000000,0.000000,0.000000,0.000000,0.000000,-5.000000,-0.000000,3.942716,0.000000,-0.000000,0.069410,1.000000,-0.000000,-0.000000,0.000000,-0.000000,0.000000,0.000000,4495.811844,-0.000000,-0.000000,-0.000000,1996.580900,2107.033502,1996.580900,2107.033502,1996.580900,2107.033502,1996.580900,2107.033502,0.008249,75
1.670224,0,-5.000000,0.000000,4.000000,0.000000,0.000000,0.000000,0.000000,0.000000,0.000000,0.000000,-5.000000,-0.000000,3.943053,0.000000,-0.000000,0.069240,1.000000,-0.000000,-0.000000,0.000000,-0.000000,0.000000,0.000000,4495.633659,-0.000000,-0.000000,-0.000000,1996.542565,2106.992644,1996.542565,2106.992644,1996.542565,2106.992644,1996.542565,2106.992644,0.008248,75
1.675264,0,-5.000000,0.000000,4.000000,0.000000,0.000000,0.000000,0.000000,0.000000,0.000000,0.000000,-5.000000,-0.000000,3.943402,0.000000,-0.000000,0.069062,1.000000,-0.000000,-0.000000,0.000000,-0.000000,0.000000,0.000000,4495.466899,-0.000000,-0.000000,-0.000000,1996.506687,2106.954406,1996.506687,2106.954406,1996.506687,2106.954406,1996.506687,2106.954406,0.008247,75
1.680343,0,-5.000000,0.000000,4.000000,0.000000,0.000000,0.000000,0.000000,0.000000,0.000000,0.000000,-5.000000,-0.000000,3.943751,0.000000,-0.000000,0.068882,1.000000,-0.000000,-0.000000,0.000000,-0.000000,0.000000,0.000000,4495.297830,-0.000000,-0.000000,-0.000000,1996.470311,2106.915638,1996.470311,2106.915638,1996.470311,2106.915638,1996.470311,2106.915638,0.008246,75
1.685341,0,-5.000000,0.000000,4.000000,0.000000,0.000000,0.000000,0.000000,0.000000,0.000000,0.000000,-5.000000,-0.000000,3.944095,0.000000,-0.000000,0.068702,1.000000,-0.000000,-0.000000,0.000000,-0.000000,0.000000,0.000000,4495.130757,-0.000000,-0.000000,-0.000000,1996.434365,2106.877328,1996.434365,2106.877328,1996.434365,2106.877328,1996.434365,2106.877328,0.008245,75
1.690381,0,-5.000000,0.000000,4.000000,0.000000,0.000000,0.000000,0.000000,0.000000,0.000000,0.000000,-5.000000,-0.000000,3.944440,0.000000,-0.000000,0.068518,1.000000,-0.000000,-0.000000,0.000000,-0.000000,0.000000,0.000000,4494.969439,-0.000000,-0.000000,-0.000000,1996.399656,2106.840337,1996.399656,2106.840337,1996.399656,2106.840337,1996.399656,2106.840337,0.008245,75
1.695374,0,-5.000000,0.000000,4.000000,0.000000,0.000000,0.000000,0.000000,0.000000,0.000000,0.000000,-5.000000,-0.000000,3.944781,0.000000,-0.000000,0.068335,1.000000,-0.000000,-0.000000,0.000000,-0.000000,0.000000,0.000000,4494.809941,-0.000000,-0.000000,-0.000000,1996.365337,2106.803763,1996.365337,2106.803763,1996.365337,2106.803763,1996.365337,2106.803763,0.008244,75
1.700369,0,-5.000000,0.000000,4.000000,0.000000,0.000000,0.000000,0.000000,0.000000,0.000000,0.000000,-5.000000,-0.000000,3.945122,0.000000,-0.000000,0.068149,1.000000,-0.000000,-0.000000,0.000000,-0.000000,0.000000,0.000000,4494.655018,-0.000000,-0.000000,-0.000000,1996.332003,2106.768237,1996.332003,2106.768237,1996.332003,2106.768237,1996.332003,2106.768237,0.008243,75
1.705236,0,-5.000000,0.000000,4.000000,0.000000,0.000000,0.000000,0.000000,0.000000,0.000000,0.000000,-5.000000,-0.000000,3.945452,0.000000,-0.000000,0.067967,1.000000,-0.000000,-0.000000,0.000000,-0.000000,0.000000,0.000000,4494.503066,-0.000000,-0.000000,-0.000000,1996.299307,2106.733393,1996.299307,2106.733393,1996.299307,2106.733393,1996.299307,2106.733393,0.008242,75
1.710277,0,-5.000000,0.000000,4.000000,0.000000,0.000000,0.000000,0.000000,0.000000,0.000000,0.000000,-5.000000,-0.000000,3.945794,0.000000,-0.000000,0.067776,1.000000,-0.000000,-0.000000,0.000000,-0.000000,0.000000,0.000000,4494.357878,-0.000000,-0.000000,-0.000000,1996.268066,2106.700100,1996.268066,2106.700100,1996.268066,2106.700100,1996.268066,2106.700100,0.008241,75
1.715374,0,-5.000000,0.000000,4.000000,0.000000,0.000000,0.000000,0.000000,0.000000,0.000000,0.000000,-5.000000,-0.000000,3.946139,0.000000,-0.000000,0.067581,1.000000,-0.000000,-0.000000,0.000000,-0.000000,0.000000,0.000000,4494.210527,-0.000000,-0.000000,-0.000000,1996.236359,2106.666310,1996.236359,2106.666310,1996.236359,2106.666310,1996.236359,2106.666310,0.008241,75
1.720366,0,-5.000000,0.000000,4.000000,0.000000,0.000000,0.000000,0.000000,0.000000,0.000000,0.000000,-5.000000,-0.000000,3.946475,0.000000,-0.000000,0.067389,1.000000,-0.000000,-0.000000,0.000000,-0.000000,0.000000,0.000000,4494.064627,-0.000000,-0.000000,-0.000000,1996.204963,2106.632853,1996.204963,2106.632853,1996.204963,2106.632853,1996.204963,2106.632853,0.008240,75
1.725365,0,-5.000000,0.000000,4.000000,0.000000,0.000000,0.000000,0.000000,0.000000,0.000000,0.000000,-5.000000,-0.000000,3.946811,0.000000,-0.000000,0.067194,1.000000,-0.000000,-0.000000,0.000000,0.000000,0.000000,0.000000,4493.924677,-0.000000,-0.000000,-0.000000,1996.174848,2106.600760,1996.174848,2106.600760,1996.174848,2106.600760,1996.174848,2106.600760,0.008239,75
1.730282,0,-5.000000,0.000000,4.000000,0.000000,0.000000,0.000000,0.000000,0.000000,0.000000,0.000000,-5.000000,-0.000000,3.947140,0.000000,-0.000000,0.067002,1.000000,-0.000000,-0.000000,0.000000,0.000000,0.000000,0.000000,4493.787402,-0.000000,-0.000000,-0.000000,1996.145307,2106.569280,1996.145307,2106.569280,1996.145307,2106.569280,1996.145307,2106.569280,0.008239,75
1.735232,0,-5.000000,0.000000,4.000000,0.000000,0.000000,0.000000,0.000000,0.000000,0.000000,0.000000,-5.000000,-0.000000,3.947471,0.000000,-0.000000,0.066806,1.000000,-0.000000,-0.000000,0.000000,0.000000,0.000000,0.000000,4493.655192,-0.000000,-0.000000,-0.000000,1996.116856,2106.538962,1996.116856,2106.538962,1996.116856,2106.538962,1996.116856,2106.538962,0.008238,75
1.740406,0,-5.000000,0.000000,4.000000,0.000000,0.000000,0.000000,0.000000,0.000000,0.000000,0.000000,-5.000000,-0.000000,3.947816,0.000000,-0.000000,0.066600,1.000000,-0.000000,-0.000000,0.000000,0.000000,0.000000,0.000000,4493.524883,-0.000000,-0.000000,-0.000000,1996.088814,2106.509079,1996.088814,2106.509079,1996.088814,2106.509079,1996.088814,2106.509079,0.008237,75
1.745361,0,-5.000000,0.000000,4.000000,0.000000,0.000000,0.000000,0.000000,0.000000,0.000000,0.000000,-5.000000,-0.000000,3.948145,0.000000,-0.000000,0.066400,1.000000,-0.000000,-0.000000,0.000000,0.000000,0.000000,0.000000,4493.391691,-0.000000,-0.000000,-0.000000,1996.060151,2106.478535,1996.060151,2106.478535,1996.060151,2106.478535,1996.060151,2106.478535,0.008237,75
1.750275,0,-5.000000,0.000000,4.000000,0.000000,0.000000,0.000000,0.000000,0.000000,0.000000,0.000000,-5.000000,-0.000000,3.948470,0.000000,-0.000000,0.066202,1.000000,-0.000000,-0.000000,0.000000,0.000000,0.000000,0.000000,4493.266899,-0.000000,-0.000000,-0.000000,1996.033294,2106.449917,1996.033294,2106.449917,1996.033294,2106.449917,1996.033294,2106.449917,0.008236,75
1.755271,0,-5.000000,0.000000,4.000000,0.000000,0.000000,0.000000,0.000000,0.000000,0.000000,0.000000,-5.000000,-0.000000,3.948800,0.000000,-0.000000,0.065998,1.000000,-0.000000,-0.000000,0.000000,0.000000,0.000000,0.000000,4493.145797,-0.000000,-0.000000,-0.000000,1996.007232,2106.422146,1996.007232,2106.422146,1996.007232,2106.422146,1996.007232,2106.422146,0.008235,75
1.760262,0,-5.000000,0.000000,4.000000,0.000000,0.000000,0.000000,0.000000,0.000000,0.000000,0.000000,-5.000000,-0.000000,3.949128,0.000000,-0.000000,0.065793,1.000000,-0.000000,-0.000000,0.000000,0.000000,0.000000,0.000000,4493.025413,-0.000000,-0.000000,-0.000000,1995.981324,2106.394538,1995.981324,2106.394538,1995.981324,2106.394538,1995.981324,2106.394538,0.008235,75
1.765365,0,-5.000000,0.000000,4.000000,0.000000,0.000000,0.000000,0.000000,0.000000,0.000000,0.000000,-5.000000,-0.000000,3.949463,0.000000,-0.000000,0.065582,1.000000,-0.000000,-0.000000,0.000000,0.000000,0.000000,0.000000,4492.907876,-0.000000,-0.000000,-0.000000,1995.956028,2106.367584,1995.956028,2106.367584,1995.956028,2106.367584,1995.956028,2106.367584,0.008234,75
1.770229,0,-5.000000,0.000000,4.000000,0.000000,0.000000,0.000000,0.000000,0.000000,0.000000,0.000000,-5.000000,-0.000000,3.949781,0.000000,-0.000000,0.065379,1.000000,-0.000000,-0.000000,0.000000,0.000000,0.000000,0.000000,4492.790481,-0.000000,-0.000000,-0.000000,1995.930762,2106.340662,1995.930762,2106.340662,1995.930762,2106.340662,1995.930762,2106.340662,0.008234,75
1.775219,0,-5.000000,0.000000,4.000000,0.000000,0.000000,0.000000,0.000000,0.000000,0.000000,0.000000,-5.000000,-0.000000,3.950106,0.000000,-0.000000,0.065170,1.000000,-0.000000,-0.000000,0.000000,0.000000,0.000000,0.000000,4492.681094,-0.000000,-0.000000,-0.000000,1995.907220,2106.315576,1995.907220,2106.315576,1995.907220,2106.315576,1995.907220,2106.315576,0.008233,75
1.780238,0,-5.000000,0.000000,4.000000,0.000000,0.000000,0.000000,0.000000,0.000000,0.000000,0.000000,-5.000000,-0.000000,3.950432,0.000000,-0.000000,0.064958,1.000000,-0.000000,-0.000000,0.000000,0.000000,0.000000,0.000000,4492.571500,-0.000000,-0.000000,-0.000000,1995.883632,2106.290443,1995.883632,2106.290443,1995.883632,2106.290443,1995.883632,2106.290443,0.008232,75
1.785373,0,-5.000000,0.000000,4.000000,0.000000,0.000000,0.000000,0.000000,0.000000,0.000000,0.000000,-5.000000,-0.000000,3.950764,0.000000,-0.000000,0.064740,1.000000,-0.000000,-0.000000,0.000000,0.000000,0.000000,0.000000,4492.463907,-0.000000,-0.000000,-0.000000,1995.860475,2106.265768,1995.860475,2106.265768,1995.860475,2106.265768,1995.860475,2106.265768,0.008232,75
1.790378,0,-5.000000,0.000000,4.000000,0.000000,0.000000,0.000000,0.000000,0.000000,0.000000,0.000000,-5.000000,-0.000000,3.951087,0.000000,-0.000000,0.064527,1.000000,-0.000000,-0.000000,0.000000,0.000000,0.000000,0.000000,4492.356543,-0.000000,-0.000000,-0.000000,1995.837367,2106.241146,1995.837367,2106.241146,1995.837367,2106.241146,1995.837367,2106.241146,0.008231,75
1.795365,0,-5.000000,0.000000,4.000000,0.000000,0.000000,0.000000,0.000000,0.000000,0.000000,0.000000,-5.000000,-0.000000,3.951408,0.000000,-0.000000,0.064312,1.000000,-0.000000,-0.000000,0.000000,0.000000,0.000000,0.000000,4492.254468,-0.000000,-0.000000,-0.000000,1995.815397,2106.217736,1995.815397,2106.217736,1995.815397,2106.217736,1995.815397,2106.217736,0.008231,75
1.800260,0,-5.000000,0.000000,4.000000,0.000000,0.000000,0.000000,0.000000,0.000000,0.000000,0.000000,-5.000000,-0.000000,3.951722,0.000000,-0.000000,0.064101,1.000000,-0.000000,-0.000000,0.000000,0.000000,0.000000,0.000000,4492.155271,-0.000000,-0.000000,-0.000000,1995.794046,2106.194987,1995.794046,2106.194987,1995.794046,2106.194987,1995.794046,2106.194987,0.008230,75
1.805218,0,-5.000000,0.000000,4.000000,0.000000,0.000000,0.000000,0.000000,0.000000,0.000000,0.000000,-5.000000,-0.000000,3.952039,0.000000,-0.000000,0.063885,1.000000,-0.000000,0.000000,0.000000,0.000000,0.000000,0.000000,4492.060291,-0.000000,-0.000000,-0.000000,1995.773603,2106.173204,1995.773603,2106.173204,1995.773603,2106.173204,1995.773603,2106.173204,0.008230,75
1.810364,0,-5.000000,0.000000,4.000000,0.000000,0.000000,0.000000,0.000000,0.000000,0.000000,0.000000,-5.000000,-0.000000,3.952366,0.000000,-0.000000,0.063661,1.000000,-0.000000,0.000000,0.000000,0.000000,0.000000,0.000000,4491.966527,-0.000000,-0.000000,-0.000000,1995.753421,2106.151701,1995.753421,2106.151701,1995.753421,2106.151701,1995.753421,2106.151701,0.008229,75
1.815254,0,-5.000000,0.000000,4.000000,0.000000,0.000000,0.000000,0.000000,0.000000,0.000000,0.000000,-5.000000,-0.000000,3.952676,0.000000,-0.000000,0.063446,1.000000,-0.000000,0.000000,0.000000,0.000000,0.000000,-0.000000,4491.871812,-0.000000,-0.000000,-0.000000,1995.733034,2106.129979,1995.733034,2106.129979,1995.733034,2106.129979,1995.733034,2106.129979,0.008229,75
1.820225,0,-5.000000,0.000000,4.000000,0.000000,0.000000,0.000000,0.000000,0.000000,0.000000,0.000000,-5.000000,-0.000000,3.952991,0.000000,-0.000000,0.063227,1.000000,-0.000000,0.000000,0.000000,0.000000,0.000000,-0.000000,4491.784117,-0.000000,-0.000000,-0.000000,1995.714158,2106.109867,1995.714158,2106.109867,1995.714158,2106.109867,1995.714158,2106.109867,0.008229,75
1.825229,0,-5.000000,0.000000,4.000000,0.000000,0.000000,0.000000,0.000000,0.000000,0.000000,0.000000,-5.000000,-0.000000,3.953306,0.000000,-0.000000,0.063005,1.000000,-0.000000,0.000000,0.000000,0.000000,0.000000,-0.000000,4491.697369,-0.000000,-0.000000,-0.000000,1995.695486,2106.089972,1995.695486,2106.089972,1995.695486,2106.089972,1995.695486,2106.089972,0.008228,75
1.830223,0,-5.000000,0.000000,4.000000,0.000000,0.000000,0.000000,0.000000,0.000000,0.000000,0.000000,-5.000000,-0.000000,3.953620,0.000000,-0.000000,0.062782,1.000000,-0.000000,0.000000,0.000000,0.000000,0.000000,-0.000000,4491.612401,-0.000000,-0.000000,-0.000000,1995.677196,2106.070485,1995.677196,2106.070485,1995.677196,2106.070485,1995.677196,2106.070485,0.008228,75
1.835369,0,-5.000000,0.000000,4.000000,0.000000,0.000000,0.000000,0.000000,0.000000,0.000000,0.000000,-5.000000,-0.000000,3.953941,0.000000,-0.000000,0.062552,1.000000,-0.000000,0.000000,0.000000,0.000000,0.000000,-0.000000,4491.529960,-0.000000,-0.000000,-0.000000,1995.659450,2106.051578,1995.659450,2106.051578,1995.659450,2106.051578,1995.659450,2106.051578,0.008227,75
1.840374,0,-5.000000,0.000000,4.000000,0.000000,0.000000,0.000000,0.000000,0.000000,0.000000,0.000000,-5.000000,-0.000000,3.954253,0.000000,-0.000000,0.062327,1.000000,-0.000000,0.000000,0.000000,0.000000,0.000000,-0.000000,4491.447476,-0.000000,-0.000000,-0.000000,1995.641695,2106.032660,1995.641695,2106.032660,1995.641695,2106.032660,1995.641695,2106.032660,0.008227,75
1.845221,0,-5.000000,0.000000,4.000000,0.000000,0.000000,0.000000,0.000000,0.000000,0.000000,0.000000,-5.000000,-0.000000,3.954554,0.000000,-0.000000,0.062108,1.000000,-0.000000,0.000000,0.000000,0.000000,0.000000,-0.000000,4491.369546,-0.000000,-0.000000,-0.000000,1995.624920,2106.014787,1995.624920,2106.014787,1995.624920,2106.014787,1995.624920,2106.014787,0.008226,75
1.850228,0,-5.000000,0.000000,4.000000,0.000000,0.000000,0.000000,0.000000,0.000000,0.000000,0.000000,-5.000000,-0.000000,3.954864,0.000000,-0.000000,0.061881,1.000000,-0.000000,0.000000,0.000000,0.000000,0.000000,-0.000000,4491.296232,-0.000000,-0.000000,-0.000000,1995.609138,2105.997973,1995.609138,2105.997973,1995.609138,2105.997973,1995.609138,2105.997973,0.008226,75
1.855268,0,-5.000000,0.000000,4.000000,0.000000,0.000000,0.000000,0.000000,0.000000,0.000000,0.000000,-5.000000,-0.000000,3.955175,0.000000,-0.000000,0.061652,1.000000,-0.000000,0.000000,0.000000,0.000000,0.000000,0.000000,4491.222755,-0.000000,-0.000000,-0.000000,1995.593322,2105.981122,1995.593322,2105.981122,1995.593322,2105.981122,1995.593322,2105.981122,0.008226,75
1.860282,0,-5.000000,0.000000,4.000000,0.000000,0.000000,0.000000,0.000000,0.000000,0.000000,0.000000,-5.000000,-0.000000,3.955483,0.000000,-0.000000,0.061422,1.000000,-0.000000,0.000000,0.000000,0.000000,0.000000,0.000000,4491.151057,-0.000000,-0.000000,-0.000000,1995.577888,2105.964678,1995.577888,2105.964678,1995.577888,2105.964678,1995.577888,2105.964678,0.008225,75
1.865228,0,-5.000000,0.000000,4.000000,0.000000,0.000000,0.000000,0.000000,0.000000,0.000000,0.000000,-5.000000,-0.000000,3.955786,0.000000,-0.000000,0.061195,1.000000,-0.000000,0.000000,0.000000,0.000000,0.000000,-0.000000,4491.081950,-0.000000,-0.000000,-0.000000,1995.563011,2105.948828,1995.563011,2105.948828,1995.563011,2105.948828,1995.563011,2105.948828,0.008225,75
1.870229,0,-5.000000,0.000000,4.000000,0.000000,0.000000,0.000000,0.000000,0.000000,0.000000,0.000000,-5.000000,-0.000000,3.956091,0.000000,-0.000000,0.060965,1.000000,-0.000000,0.000000,0.000000,0.000000,0.000000,-0.000000,4491.015912,-0.000000,-0.000000,-0.000000,1995.548795,2105.933683,1995.548795,2105.933683,1995.548795,2105.933683,1995.548795,2105.933683,0.008225,75
1.875277,0,-5.000000,0.000000,4.000000,0.000000,0.000000,0.000000,0.000000,0.000000,0.000000,0.000000,-5.000000,-0.000000,3.956397,0.000000,-0.000000,0.060732,1.000000,-0.000000,0.000000,0.000000,0.000000,0.000000,-0.000000,4490.951306,-0.000000,-0.000000,-0.000000,1995.534888,2105.918865,1995.534888,2105.918865,1995.534888,2105.918865,1995.534888,2105.918865,0.008224,75
1.880378,0,-5.000000,0.000000,4.000000,0.000000,0.000000,0.000000,0.000000,0.000000,0.000000,0.000000,-5.000000,-0.000000,3.956706,0.000000,-0.000000,0.060495,1.000000,-0.000000,0.000000,0.000000,0.000000,0.000000,-0.000000,4490.888279,-0.000000,-0.000000,-0.000000,1995.521320,2105.904410,1995.521320,2105.904410,1995.521320,2105.904410,1995.521320,2105.904410,0.008224,75
1.885382,0,-5.000000,0.000000,4.000000,0.000000,0.000000,0.000000,0.000000,0.000000,0.000000,0.000000,-5.000000,-0.000000,3.957007,0.000000,-0.000000,0.060262,1.000000,-0.000000,0.000000,0.000000,0.000000,0.000000,-0.000000,4490.826771,-0.000000,-0.000000,-0.000000,1995.508079,2105.890303,1995.508079,2105.890303,1995.508079,2105.890303,1995.508079,2105.890303,0.008224,75
1.890361,0,-5.000000,0.000000,4.000000,0.000000,0.000000,0.000000,0.000000,0.000000,0.000000,0.000000,-5.000000,-0.000000,3.957306,0.000000,-0.000000,0.060030,1.000000,-0.000000,0.000000,0.000000,0.000000,0.000000,0.000000,4490.768543,-0.000000,-0.000000,-0.000000,1995.495544,2105.876948,1995.495544,2105.876948,1995.495544,2105.876948,1995.495544,2105.876948,0.008223,75
1.895354,0,-5.000000,0.000000,4.000000,0.000000,0.000000,0.000000,0.000000,0.000000,0.000000,0.000000,-5.000000,-0.000000,3.957605,0.000000,-0.000000,0.059796,1.000000,-0.000000,0.000000,0.000000,0.000000,0.000000,-0.000000,4490.712642,-0.000000,-0.000000,-0.000000,1995.483509,2105.864127,1995.483509,2105.864127,1995.483509,2105.864127,1995.483509,2105.864127,0.008223,75
1.900356,0,-5.000000,0.000000,4.000000,0.000000,0.000000,0.000000,0.000000,0.000000,0.000000,0.000000,-5.000000,-0.000000,3.957903,0.000000,-0.000000,0.059561,1.000000,-0.000000,0.000000,0.000000,0.000000,0.000000,-0.000000,4490.658633,-0.000000,-0.000000,-0.000000,1995.471882,2105.851740,1995.471882,2105.851740,1995.471882,2105.851740,1995.471882,2105.851740,0.008223,75
1.905225,0,-5.000000,0.000000,4.000000,0.000000,0.000000,0.000000,0.000000,0.000000,0.000000,0.000000,-5.000000,-0.000000,3.958191,0.000000,-0.000000,0.059332,1.000000,-0.000000,0.000000,0.000000,0.000000,0.000000,0.000000,4490.606545,-0.000000,-0.000000,-0.000000,1995.460669,2105.839793,1995.460669,2105.839793,1995.460669,2105.839793,1995.460669,2105.839793,0.008223,75
1.910237,0,-5.000000,0.000000,4.000000,0.000000,0.000000,0.000000,0.000000,0.000000,0.000000,0.000000,-5.000000,-0.000000,3.958488,0.000000,-0.000000,0.059095,1.000000,-0.000000,0.000000,0.000000,0.000000,0.000000,0.000000,4490.557738,-0.000000,-0.000000,-0.000000,1995.450162,2105.828599,1995.450162,2105.828599,1995.450162,2105.828599,1995.450162,2105.828599,0.008222,75
1.915233,0,-5.000000,0.000000,4.000000,0.000000,0.000000,0.000000,0.000000,0.000000,0.000000,0.000000,-5.000000,-0.000000,3.958782,0.000000,-0.000000,0.058858,1.000000,-0.000000,0.000000,0.000000,0.000000,0.000000,-0.000000,4490.509491,-0.000000,-0.000000,-0.000000,1995.439775,2105.817534,1995.439775,2105.817534,1995.439775,2105.817534,1995.439775,2105.817534,0.008222,75
1.920266,0,-5.000000,0.000000,4.000000,0.000000,0.000000,0.000000,0.000000,0.000000,0.000000,0.000000,-5.000000,-0.000000,3.959077,0.000000,-0.000000,0.058619,1.000000,-0.000000,0.000000,0.000000,0.000000,0.000000,-0.000000,4490.463346,-0.000000,-0.000000,-0.000000,1995.429841,2105.806950,1995.429841,2105.806950,1995.429841,2105.806950,1995.429841,2105.806950,0.008222,75
1.925344,0,-5.000000,0.000000,4.000000,0.000000,0.000000,0.000000,0.000000,0.000000,0.000000,0.000000,-5.000000,-0.000000,3.959373,0.000000,-0.000000,0.058377,1.000000,-0.000000,0.000000,0.000000,0.000000,0.000000,-0.000000,4490.418822,-0.000000,-0.000000,-0.000000,1995.420255,2105.796738,1995.420255,2105.796738,1995.420255,2105.796738,1995.420255,2105.796738,0.008222,75
1.930415,0,-5.000000,0.000000,4.000000,0.000000,0.000000,0.000000,0.000000,0.000000,0.000000,0.000000,-5.000000,-0.000000,3.959668,0.000000,-0.000000,0.058135,1.000000,-0.000000,0.000000,0.000000,-0.000000,0.000000,-0.000000,4490.375871,-0.000000,-0.000000,-0.000000,1995.411009,2105.786887,1995.411009,2105.786887,1995.411009,2105.786887,1995.411009,2105.786887,0.008221,75
1.935349,0,-5.000000,0.000000,4.000000,0.000000,0.000000,0.000000,0.000000,0.000000,0.000000,0.000000,-5.000000,-0.000000,3.959954,0.000000,-0.000000,0.057899,1.000000,-0.000000,0.000000,0.000000,-0.000000,0.000000,-0.000000,4490.334925,-0.000000,-0.000000,-0.000000,1995.402194,2105.777496,1995.402194,2105.777496,1995.402194,2105.777496,1995.402194,2105.777496,0.008221,75
1.940361,0,-5.000000,0.000000,4.000000,0.000000,0.000000,0.000000,0.000000,0.000000,0.000000,0.000000,-5.000000,-0.000000,3.960243,0.000000,-0.000000,0.057659,1.000000,-0.000000,0.000000,0.000000,0.000000,0.000000,-0.000000,4490.296911,-0.000000,-0.000000,-0.000000,1995.394010,2105.768777,1995.394010,2105.768777,1995.394010,2105.768777,1995.394010,2105.768777,0.008221,75
1.945358,0,-5.000000,0.000000,4.000000,0.000000,0.000000,0.000000,0.000000,0.000000,0.000000,0.000000,-5.000000,-0.000000,3.960530,0.000000,-0.000000,0.057419,1.000000,-0.000000,0.000000,0.000000,-0.000000,0.000000,0.000000,4490.260142,-0.000000,-0.000000,-0.000000,1995.386094,2105.760344,1995.386094,2105.760344,1995.386094,2105.760344,1995.386094,2105.760344,0.008221,75
1.950265,0,-5.000000,0.000000,4.000000,0.000000,0.000000,0.000000,0.000000,0.000000,0.000000,0.000000,-5.000000,-0.000000,3.960810,0.000000,-0.000000,0.057183,1.000000,-0.000000,0.000000,0.000000,-0.000000,0.000000,-0.000000,4490.225319,-0.000000,-0.000000,-0.000000,1995.378597,2105.752357,1995.378597,2105.752357,1995.378597,2105.752357,1995.378597,2105.752357,0.008221,75
1.955266,0,-5.000000,0.000000,4.000000,0.000000,0.000000,0.000000,0.000000,0.000000,0.000000,0.000000,-5.000000,-0.000000,3.961095,0.000000,-0.000000,0.056941,1.000000,-0.000000,0.000000,0.000000,-0.000000,0.000000,-0.000000,4490.192856,-0.000000,-0.000000,-0.000000,1995.371608,2105.744911,1995.371608,2105.744911,1995.371608,2105.744911,1995.371608,2105.744911,0.008220,75
1.960352,0,-5.000000,0.000000,4.000000,0.000000,0.000000,0.000000,0.000000,0.000000,0.000000,0.000000,-5.000000,-0.000000,3.961383,0.000000,-0.000000,0.056696,1.000000,-0.000000,0.000000,0.000000,-0.000000,0.000000,-0.000000,4490.161560,-0.000000,-0.000000,-0.000000,1995.364870,2105.737733,1995.364870,2105.737733,1995.364870,2105.737733,1995.364870,2105.737733,0.008220,75
1.965326,0,-5.000000,0.000000,4.000000,0.000000,0.000000,0.000000,0.000000,0.000000,0.000000,0.000000,-5.000000,-0.000000,3.961664,0.000000,-0.000000,0.056455,1.000000,-0.000000,0.000000,0.000000,-0.000000,0.000000,-0.000000,4490.131556,-0.000000,-0.000000,-0.000000,1995.358410,2105.730852,1995.358410,2105.730852,1995.358410,2105.730852,1995.358410,2105.730852,0.008220,75
1.970341,0,-5.000000,0.000000,4.000000,0.000000,0.000000,0.000000,0.000000,0.000000,0.000000,0.000000,-5.000000,-0.000000,3.961946,0.000000,-0.000000,0.056212,1.000000,-0.000000,0.000000,0.000000,-0.000000,0.000000,-0.000000,4490.103943,-0.000000,-0.000000,-0.000000,1995.352465,2105.724518,1995.352465,2105.724518,1995.352465,2105.724518,1995.352465,2105.724518,0.008220,75
1.975314,0,-5.000000,0.000000,4.000000,0.000000,0.000000,0.000000,0.000000,0.000000,0.000000,0.000000,-5.000000,-0.000000,3.962224,0.000000,-0.000000,0.055970,1.000000,-0.000000,0.000000,0.000000,-0.000000,0.000000,-0.000000,4490.077835,-0.000000,-0.000000,-0.000000,1995.346844,2105.718530,1995.346844,2105.718530,1995.346844,2105.718530,1995.346844,2105.718530,0.008220,75
1.980339,0,-5.000000,0.000000,4.000000,0.000000,0.000000,0.000000,0.000000,0.000000,0.000000,0.000000,-5.000000,-0.000000,3.962504,0.000000,-0.000000,0.055726,1.000000,-0.000000,0.000000,0.000000,-0.000000,0.000000,-0.000000,4490.053634,-0.000000,-0.000000,-0.000000,1995.341634,2105.712980,1995.341634,2105.712980,1995.341634,2105.712980,1995.341634,2105.712980,0.008220,75
1.985229,0,-5.000000,0.000000,4.000000,0.000000,0.000000,0.000000,0.000000,0.000000,0.000000,0.000000,-5.000000,-0.000000,3.962776,0.000000,-0.000000,0.055488,1.000000,-0.000000,0.000000,0.000000,-0.000000,0.000000,-0.000000,4490.030875,-0.000000,-0.000000,0.000000,1995.336734,2105.707760,1995.336734,2105.707760,1995.336734,2105.707760,1995.336734,2105.707760,0.008220,75
1.990259,0,-5.000000,0.000000,4.000000,0.000000,0.000000,0.000000,0.000000,0.000000,0.000000,0.000000,-5.000000,-0.000000,3.963054,0.000000,-0.000000,0.055242,1.000000,-0.000000,0.000000,0.000000,-0.000000,0.000000,-0.000000,4490.010326,-0.000000,-0.000000,-0.000000,1995.332310,2105.703046,1995.332310,2105.703046,1995.332310,2105.703046,1995.332310,2105.703046,0.008220,75
1.995342,0,-5.000000,0.000000,4.000000,0.000000,0.000000,0.000000,0.000000,0.000000,0.000000,0.000000,-5.000000,-0.000000,3.963333,0.000000,-0.000000,0.054994,1.000000,-0.000000,0.000000,0.000000,-0.000000,0.000000,-0.000000,4489.990849,-0.000000,-0.000000,-0.000000,1995.328117,2105.698579,1995.328117,2105.698579,1995.328117,2105.698579,1995.328117,2105.698579,0.008219,75
2.000261,0,-5.000000,0.000000,4.000000,0.000000,0.000000,0.000000,0.000000,0.000000,0.000000,0.000000,-5.000000,-0.000000,3.963602,0.000000,-0.000000,0.054754,1.000000,-0.000000,0.000000,0.000000,-0.000000,-0.000000,-0.000000,4489.972849,-0.000000,-0.000000,-0.000000,1995.324241,2105.694451,1995.324241,2105.694451,1995.324241,2105.694451,1995.324241,2105.694451,0.008219,75
2.005214,0,-5.000000,0.000000,4.000000,0.000000,0.000000,0.000000,0.000000,0.000000,0.000000,0.000000,-5.000000,-0.000000,3.963872,0.000000,-0.000000,0.054511,1.000000,-0.000000,0.000000,0.000000,-0.000000,-0.000000,-0.000000,4489.956983,-0.000000,-0.000000,-0.000000,1995.320826,2105.690812,1995.320826,2105.690812,1995.320826,2105.690812,1995.320826,2105.690812,0.008219,75
2.010422,0,-5.000000,0.000000,4.000000,0.000000,0.000000,0.000000,0.000000,0.000000,0.000000,0.000000,-5.000000,-0.000000,3.964155,0.000000,-0.000000,0.054256,1.000000,-0.000000,0.000000,0.000000,-0.000000,-0.000000,-0.000000,4489.942567,0.000000,-0.000000,-0.000000,1995.317722,2105.687505,1995.317722,2105.687505,1995.317722,2105.687505,1995.317722,2105.687505,0.008219,75
2.015353,0,-5.000000,0.000000,4.000000,0.000000,0.000000,0.000000,0.000000,0.000000,0.000000,0.000000,-5.000000,-0.000000,3.964421,0.000000,-0.000000,0.054014,1.000000,-0.000000,0.000000,0.000000,-0.000000,-0.000000,0.000000,4489.929106,0.000000,-0.000000,-0.000000,1995.314824,2105.684418,1995.314824,2105.684418,1995.314824,2105.684418,1995.314824,2105.684418,0.008219,75
2.020345,0,-5.000000,0.000000,4.000000,0.000000,0.000000,0.000000,0.000000,0.000000,0.000000,0.000000,-5.000000,-0.000000,3.964690,0.000000,-0.000000,0.053769,1.000000,-0.000000,0.000000,0.000000,-0.000000,-0.000000,0.000000,4489.917869,0.000000,-0.000000,-0.000000,1995.312404,2105.681840,1995.312404,2105.681840,1995.312404,2105.681840,1995.312404,2105.681840,0.008219,75
2.025373,0,-5.000000,0.000000,4.000000,0.000000,0.000000,0.000000,0.000000,0.000000,0.000000,0.000000,-5.000000,-0.000000,3.964959,0.000000,-0.000000,0.053522,1.000000,-0.000000,0.000000,0.000000,-0.000000,-0.000000,-0.000000,4489.908017,0.000000,-0.000000,-0.000000,1995.310283,2105.679581,1995.310283,2105.679581,1995.310283,2105.679581,1995.310283,2105.679581,0.008219,75
2.030364,0,-5.000000,0.000000,4.000000,0.000000,0.000000,0.000000,0.000000,0.000000,0.000000,0.000000,-5.000000,-0.000000,3.965225,0.000000,-0.000000,0.053277,1.000000,-0.000000,0.000000,0.000000,-0.000000,-0.000000,-0.000000,4489.899622,0.000000,-0.000000,-0.000000,1995.308476,2105.677655,1995.308476,2105.677655,1995.308476,2105.677655,1995.308476,2105.677655,0.008219,75
2.035368,0,-5.000000,0.000000,4.000000,0.000000,0.000000,0.000000,0.000000,0.000000,0.000000,0.000000,-5.000000,-0.000000,3.965490,0.000000,-0.000000,0.053031,1.000000,-0.000000,0.000000,0.000000,-0.000000,-0.000000,-0.000000,4489.892774,0.000000,-0.000000,-0.000000,1995.307001,2105.676085,1995.307001,2105.676085,1995.307001,2105.676085,1995.307001,2105.676085,0.008219,75
2.040265,0,-5.000000,0.000000,4.000000,0.000000,0.000000,0.000000,0.000000,0.000000,0.000000,0.000000,-5.000000,-0.000000,3.965749,0.000000,-0.000000,0.052790,1.000000,-0.000000,0.000000,0.000000,-0.000000,-0.000000,-0.000000,4489.887387,0.000000,-0.000000,-0.000000,1995.305841,2105.674849,1995.305841,2105.674849,1995.305841,2105.674849,1995.305841,2105.674849,0.008219,75
2.045250,0,-5.000000,0.000000,4.000000,0.000000,0.000000,0.000000,0.000000,0.000000,0.000000,0.000000,-5.000000,-0.000000,3.966011,0.000000,-0.000000,0.052544,1.000000,-0.000000,0.000000,0.000000,-0.000000,-0.000000,-0.000000,4489.883510,0.000000,-0.000000,0.000000,1995.305007,2105.673960,1995.305007,2105.673960,1995.305007,2105.673960,1995.305007,2105.673960,0.008219,75
2.050240,0,-5.000000,0.000000,4.000000,0.000000,0.000000,0.000000,0.000000,0.000000,0.000000,0.000000,-5.000000,-0.000000,3.966272,0.000000,-0.000000,0.052299,1.000000,-0.000000,0.000000,0.000000,-0.000000,-0.000000,-0.000000,4489.880993,0.000000,-0.000000,0.000000,1995.304465,2105.673382,1995.304465,2105.673382,1995.304465,2105.673382,1995.304465,2105.673382,0.008219,75
2.055348,0,-5.000000,0.000000,4.000000,0.000000,0.000000,0.000000,0.000000,0.000000,0.000000,0.000000,-5.000000,-0.000000,3.966537,0.000000,-0.000000,0.052047,1.000000,-0.000000,0.000000,0.000000,-0.000000,-0.000000,-0.000000,4489.879887,0.000000,-0.000000,-0.000000,1995.304227,2105.673129,1995.304227,2105.673129,1995.304227,2105.673129,1995.304227,2105.673129,0.008219,75
2.060324,0,-5.000000,0.000000,4.000000,0.000000,0.000000,0.000000,0.000000,0.000000,0.000000,0.000000,-5.000000,-0.000000,3.966795,0.000000,-0.000000,0.051802,1.000000,-0.000000,0.000000,0.000000,-0.000000,-0.000000,-0.000000,4489.880220,0.000000,-0.000000,-0.000000,1995.304298,2105.673205,1995.304298,2105.673205,1995.304298,2105.673205,1995.304298,2105.673205,0.008219,75
2.065331,0,-5.000000,0.000000,4.000000,0.000000,0.000000,0.000000,0.000000,0.000000,0.000000,0.000000,-5.000000,-0.000000,3.967053,0.000000,-0.000000,0.051555,1.000000,-0.000000,0.000000,0.000000,-0.000000,-0.000000,-0.000000,4489.881914,0.000000,-0.000000,-0.000000,1995.304663,2105.673594,1995.304663,2105.673594,1995.304663,2105.673594,1995.304663,2105.673594,0.008219,75
2.070364,0,-5.000000,0.000000,4.000000,0.000000,0.000000,0.000000,0.000000,0.000000,0.000000,0.000000,-5.000000,-0.000000,3.967311,0.000000,-0.000000,0.051307,1.000000,-0.000000,0.000000,0.000000,-0.000000,0.000000,-0.000000,4489.884990,0.000000,-0.000000,-0.000000,1995.305325,2105.674299,1995.305325,2105.674299,1995.305325,2105.674299,1995.305325,2105.674299,0.008219,75
2.075341,0,-5.000000,0.000000,4.000000,0.000000,0.000000,0.000000,0.000000,0.000000,0.000000,0.000000,-5.000000,-0.000000,3.967566,0.000000,-0.000000,0.051061,1.000000,-0.000000,0.000000,0.000000,-0.000000,0.000000,-0.000000,4489.889448,0.000000,-0.000000,0.000000,1995.306285,2105.675322,1995.306285,2105.675322,1995.306285,2105.675322,1995.306285,2105.675322,0.008219,75
2.080269,0,-5.000000,0.000000,4.000000,0.000000,0.000000,0.000000,0.000000,0.000000,0.000000,0.000000,-5.000000,-0.000000,3.967816,0.000000,-0.000000,0.050818,1.000000,-0.000000,0.000000,0.000000,-0.000000,0.000000,-0.000000,4489.895177,0.000000,-0.000000,0.000000,1995.307519,2105.676636,1995.307519,2105.676636,1995.307519,2105.676636,1995.307519,2105.676636,0.008219,75
2.085222,0,-5.000000,0.000000,4.000000,0.000000,0.000000,0.000000,0.000000,0.000000,0.000000,0.000000,-5.000000,-0.000000,3.968067,0.000000,-0.000000,0.050574,1.000000,-0.000000,0.000000,0.000000,-0.000000,0.000000,-0.000000,4489.902128,0.000000,-0.000000,0.000000,1995.309015,2105.678230,1995.309015,2105.678230,1995.309015,2105.678230,1995.309015,2105.678230,0.008219,75
2.090214,0,-5.000000,0.000000,4.000000,0.000000,0.000000,0.000000,0.000000,0.000000,0.000000,0.000000,-5.000000,-0.000000,3.968318,0.000000,-0.000000,0.050327,1.000000,-0.000000,0.000000,0.000000,-0.000000,0.000000,-0.000000,4489.910385,0.000000,-0.000000,0.000000,1995.310793,2105.680124,1995.310793,2105.680124,1995.310793,2105.680124,1995.310793,2105.680124,0.008219,75
2.095355,0,-5.000000,0.000000,4.000000,0.000000,0.000000,0.000000,0.000000,0.000000,0.000000,0.000000,-5.000000,-0.000000,3.968575,0.000000,-0.000000,0.050074,1.000000,-0.000000,0.000000,0.000000,-0.000000,0.000000,-0.000000,4489.919987,0.000000,-0.000000,0.000000,1995.312860,2105.682326,1995.312860,2105.682326,1995.312860,2105.682326,1995.312860,2105.682326,0.008219,75
2.100225,0,-5.000000,0.000000,4.000000,0.000000,0.000000,0.000000,0.000000,0.000000,0.000000,0.000000,-5.000000,-0.000000,3.968818,0.000000,-0.000000,0.049834,1.000000,-0.000000,0.000000,0.000000,-0.000000,0.000000,-0.000000,4489.931212,0.000000,-0.000000,0.000000,1995.315277,2105.684901,1995.315277,2105.684901,1995.315277,2105.684901,1995.315277,2105.684901,0.008219,75
2.105234,0,-5.000000,0.000000,4.000000,0.000000,0.000000,0.000000,0.000000,0.000000,0.000000,0.000000,-5.000000,-0.000000,3.969066,0.000000,-0.000000,0.049587,1.000000,-0.000000,0.000000,0.000000,-0.000000,0.000000,-0.000000,4489.943026,0.000000,-0.000000,0.000000,1995.317821,2105.687611,1995.317821,2105.687611,1995.317821,2105.687611,1995.317821,2105.687611,0.008219,75
2.110263,0,-5.000000,0.000000,4.000000,0.000000,0.000000,0.000000,0.000000,0.000000,0.000000,0.000000,-5.000000,-0.000000,3.969314,0.000000,-0.000000,0.049339,1.000000,-0.000000,0.000000,0.000000,-0.000000,0.000000,-0.000000,4489.956417,0.000000,-0.000000,0.000000,1995.320704,2105.690682,1995.320704,2105.690682,1995.320704,2105.690682,1995.320704,2105.690682,0.008219,75
2.115225,0,-5.000000,0.000000,4.000000,0.000000,0.000000,0.000000,0.000000,0.000000,0.000000,0.000000,-5.000000,-0.000000,3.969558,0.000000,-0.000000,0.049095,1.000000,-0.000000,0.000000,0.000000,-0.000000,0.000000,-0.000000,4489.971091,0.000000,-0.000000,0.000000,1995.323863,2105.694047,1995.323863,2105.694047,1995.323863,2105.694047,1995.323863,2105.694047,0.008219,75
2.120228,0,-5.000000,0.000000,4.000000,0.000000,0.000000,0.000000,0.000000,0.000000,0.000000,0.000000,-5.000000,-0.000000,3.969802,0.000000,-0.000000,0.048848,1.000000,-0.000000,0.000000,0.000000,-0.000000,0.000000,-0.000000,4489.986748,0.000000,-0.000000,0.000000,1995.327234,2105.697638,1995.327234,2105.697638,1995.327234,2105.697638,1995.327234,2105.697638,0.008219,75
2.125386,0,-5.000000,0.000000,4.000000,0.000000,0.000000,0.000000,0.000000,0.000000,0.000000,0.000000,-5.000000,-0.000000,3.970053,0.000000,-0.000000,0.048594,1.000000,-0.000000,0.000000,0.000000,-0.000000,0.000000,-0.000000,4490.003721,0.000000,-0.000000,0.000000,1995.330888,2105.701531,1995.330888,2105.701531,1995.330888,2105.701531,1995.330888,2105.701531,0.008220,75
2.130365,0,-5.000000,0.000000,4.000000,0.000000,0.000000,0.000000,0.000000,0.000000,0.000000,0.000000,-5.000000,-0.000000,3.970294,0.000000,-0.000000,0.048349,1.000000,-0.000000,0.000000,0.000000,-0.000000,0.000000,-0.000000,4490.022459,0.000000,-0.000000,0.000000,1995.334922,2105.705829,1995.334922,2105.705829,1995.334922,2105.705829,1995.334922,2105.705829,0.008220,75
2.135231,0,-5.000000,0.000000,4.000000,0.000000,0.000000,0.000000,0.000000,0.000000,0.000000,0.000000,-5.000000,-0.000000,3.970528,0.000000,-0.000000,0.048110,1.000000,-0.000000,0.000000,0.000000,-0.000000,0.000000,-0.000000,4490.041686,0.000000,-0.000000,0.000000,1995.339062,2105.710239,1995.339062,2105.710239,1995.339062,2105.710239,1995.339062,2105.710239,0.008220,75
2.140359,0,-5.000000,0.000000,4.000000,0.000000,0.000000,0.000000,0.000000,0.000000,0.000000,0.000000,-5.000000,-0.000000,3.970773,0.000000,-0.000000,0.047858,1.000000,-0.000000,0.000000,0.000000,-0.000000,0.000000,-0.000000,4490.061558,0.000000,-0.000000,0.000000,1995.343340,2105.714797,1995.343340,2105.714797,1995.343340,2105.714797,1995.343340,2105.714797,0.008220,75
2.145366,0,-5.000000,0.000000,4.000000,0.000000,0.000000,0.000000,0.000000,0.000000,0.000000,0.000000,-5.000000,-0.000000,3.971012,0.000000,-0.000000,0.047612,1.000000,-0.000000,0.000000,0.000000,-0.000000,0.000000,-0.000000,4490.083674,0.000000,-0.000000,0.000000,1995.348102,2105.719870,1995.348102,2105.719870,1995.348102,2105.719870,1995.348102,2105.719870,0.008220,75
2.150237,0,-5.000000,0.000000,4.000000,0.000000,0.000000,0.000000,0.000000,0.000000,0.000000,0.000000,-5.000000,-0.000000,3.971242,0.000000,-0.000000,0.047373,1.000000,-0.000000,0.000000,0.000000,-0.000000,0.000000,-0.000000,4490.106375,0.000000,-0.000000,0.000000,1995.352989,2105.725076,1995.352989,2105.725076,1995.352989,2105.725076,1995.352989,2105.725076,0.008220,75
2.155233,0,-5.000000,0.000000,4.000000,0.000000,0.000000,0.000000,0.000000,0.000000,0.000000,0.000000,-5.000000,-0.000000,3.971478,0.000000,-0.000000,0.047128,1.000000,-0.000000,0.000000,0.000000,-0.000000,0.000000,-0.000000,4490.129490,0.000000,-0.000000,0.000000,1995.357966,2105.730378,1995.357966,2105.730378,1995.357966,2105.730378,1995.357966,2105.730378,0.008220,75
2.160357,0,-5.000000,0.000000,4.000000,0.000000,0.000000,0.000000,0.000000,0.000000,0.000000,0.000000,-5.000000,-0.000000,3.971718,0.000000,-0.000000,0.046877,1.000000,-0.000000,0.000000,0.000000,-0.000000,0.000000,-0.000000,4490.154275,0.000000,-0.000000,0.000000,1995.363301,2105.736063,1995.363301,2105.736063,1995.363301,2105.736063,1995.363301,2105.736063,0.008220,75
2.165337,0,-5.000000,0.000000,4.000000,0.000000,0.000000,0.000000,0.000000,0.000000,0.000000,0.000000,-5.000000,-0.000000,3.971950,0.000000,-0.000000,0.046634,1.000000,-0.000000,0.000000,0.000000,-0.000000,0.000000,-0.000000,4490.180808,0.000000,-0.000000,0.000000,1995.369014,2105.742148,1995.369014,2105.742148,1995.369014,2105.742148,1995.369014,2105.742148,0.008220,75
2.170327,0,-5.000000,0.000000,4.000000,0.000000,0.000000,0.000000,0.000000,0.000000,0.000000,0.000000,-5.000000,-0.000000,3.972182,0.000000,-0.000000,0.046390,1.000000,-0.000000,0.000000,0.000000,-0.000000,0.000000,-0.000000,4490.207627,0.000000,-0.000000,0.000000,1995.374788,2105.748299,1995.374788,2105.748299,1995.374788,2105.748299,1995.374788,2105.748299,0.008221,75
2.175229,0,-5.000000,0.000000,4.000000,0.000000,0.000000,0.000000,0.000000,0.000000,0.000000,0.000000,-5.000000,-0.000000,3.972408,0.000000,0.000000,0.046150,1.000000,-0.000000,0.000000,0.000000,-0.000000,0.000000,-0.000000,4490.235527,0.000000,-0.000000,0.000000,1995.380794,2105.754698,1995.380794,2105.754698,1995.380794,2105.754698,1995.380794,2105.754698,0.008221,75
2.180262,0,-5.000000,0.000000,4.000000,0.000000,0.000000,0.000000,0.000000,0.000000,0.000000,0.000000,-5.000000,-0.000000,3.972639,0.000000,0.000000,0.045905,1.000000,-0.000000,0.000000,0.000000,-0.000000,0.000000,-0.000000,4490.263912,0.000000,-0.000000,0.000000,1995.386905,2105.761209,1995.386905,2105.761209,1995.386905,2105.761209,1995.386905,2105.761209,0.008221,75
2.185330,0,-5.000000,0.000000,4.000000,0.000000,0.000000,0.000000,0.000000,0.000000,0.000000,0.000000,-5.000000,-0.000000,3.972871,0.000000,0.000000,0.045658,1.000000,-0.000000,0.000000,0.000000,-0.000000,0.000000,-0.000000,4490.294066,0.000000,-0.000000,0.000000,1995.393397,2105.768125,1995.393397,2105.768125,1995.393397,2105.768125,1995.393397,2105.768125,0.008221,75
2.190355,0,-5.000000,0.000000,4.000000,0.000000,0.000000,0.000000,0.000000,0.000000,0.000000,0.000000,-5.000000,-0.000000,3.973099,0.000000,0.000000,0.045413,1.000000,-0.000000,0.000000,0.000000,-0.000000,0.000000,-0.000000,4490.325439,0.000000,-0.000000,0.000000,1995.400151,2105.775320,1995.400151,2105.775320,1995.400151,2105.775320,1995.400151,2105.775320,0.008221,75
2.195229,0,-5.000000,0.000000,4.000000,0.000000,0.000000,0.000000,0.000000,0.000000,0.000000,0.000000,-5.000000,-0.000000,3.973319,0.000000,0.000000,0.045176,1.000000,-0.000000,0.000000,0.000000,-0.000000,0.000000,-0.000000,4490.357527,0.000000,-0.000000,0.000000,1995.407060,2105.782680,1995.407060,2105.782680,1995.407060,2105.782680,1995.407060,2105.782680,0.008221,75
2.200260,0,-5.000000,0.000000,4.000000,0.000000,0.000000,0.000000,0.000000,0.000000,0.000000,0.000000,-5.000000,-0.000000,3.973545,0.000000,0.000000,0.044932,1.000000,-0.000000,0.000000,0.000000,-0.000000,-0.000000,-0.000000,4490.389562,0.000000,-0.000000,0.000000,1995.413956,2105.790027,1995.413956,2105.790027,1995.413956,2105.790027,1995.413956,2105.790027,0.008221,75
2.205343,0,-5.000000,0.000000,4.000000,0.000000,0.000000,0.000000,0.000000,0.000000,0.000000,0.000000,-5.000000,-0.000000,3.973772,0.000000,0.000000,0.044685,1.000000,-0.000000,0.000000,0.000000,-0.000000,-0.000000,-0.000000,4490.423590,0.000000,-0.000000,0.000000,1995.421282,2105.797832,1995.421282,2105.797832,1995.421282,2105.797832,1995.421282,2105.797832,0.008222,75
2.210271,0,-5.000000,0.000000,4.000000,0.000000,0.000000,0.000000,0.000000,0.000000,0.000000,0.000000,-5.000000,-0.000000,3.973991,0.000000,0.000000,0.044447,1.000000,-0.000000,0.000000,0.000000,-0.000000,-0.000000,-0.000000,4490.458923,0.000000,-0.000000,0.000000,1995.428888,2105.805936,1995.428888,2105.805936,1995.428888,2105.805936,1995.428888,2105.805936,0.008222,75
2.215229,0,-5.000000,0.000000,4.000000,0.000000,0.000000,0.000000,0.000000,0.000000,0.000000,0.000000,-5.000000,-0.000000,3.974210,0.000000,0.000000,0.044207,1.000000,-0.000000,0.000000,0.000000,-0.000000,-0.000000,-0.000000,4490.494063,0.000000,-0.000000,0.000000,1995.436454,2105.813995,1995.436454,2105.813995,1995.436454,2105.813995,1995.436454,2105.813995,0.008222,75
2.220324,0,-5.000000,0.000000,4.000000,0.000000,0.000000,0.000000,0.000000,0.000000,0.000000,0.000000,-5.000000,-0.000000,3.974434,0.000000,0.000000,0.043961,1.000000,-0.000000,0.000000,-0.000000,-0.000000,-0.000000,-0.000000,4490.530310,0.000000,-0.000000,0.000000,1995.444257,2105.822309,1995.444257,2105.822309,1995.444257,2105.822309,1995.444257,2105.822309,0.008222,75
2.225335,0,-5.000000,0.000000,4.000000,0.000000,0.000000,0.000000,0.000000,0.000000,0.000000,0.000000,-5.000000,-0.000000,3.974653,0.000000,0.000000,0.043719,1.000000,-0.000000,0.000000,-0.000000,-0.000000,-0.000000,-0.000000,4490.568476,0.000000,-0.000000,0.000000,1995.452474,2105.831062,1995.452474,2105.831062,1995.452474,2105.831062,1995.452474,2105.831062,0.008222,75
2.230253,0,-5.000000,0.000000,4.000000,0.000000,0.000000,0.000000,0.000000,0.000000,0.000000,0.000000,-5.000000,-0.000000,3.974867,0.000000,0.000000,0.043482,1.000000,-0.000000,0.000000,-0.000000,-0.000000,-0.000000,-0.000000,4490.606899,0.000000,-0.000000,0.000000,1995.460745,2105.839875,1995.460745,2105.839875,1995.460745,2105.839875,1995.460745,2105.839875,0.008223,75
2.235216,0,-5.000000,0.000000,4.000000,0.000000,0.000000,0.000000,0.000000,0.000000,0.000000,0.000000,-5.000000,-0.000000,3.975082,0.000000,0.000000,0.043244,1.000000,-0.000000,0.000000,-0.000000,-0.000000,-0.000000,-0.000000,4490.645435,0.000000,-0.000000,0.000000,1995.469041,2105.848713,1995.469041,2105.848713,1995.469041,2105.848713,1995.469041,2105.848713,0.008223,75
2.240363,0,-5.000000,0.000000,4.000000,0.000000,0.000000,0.000000,0.000000,0.000000,0.000000,0.000000,-5.000000,-0.000000,3.975303,0.000000,0.000000,0.042996,1.000000,-0.000000,0.000000,-0.000000,-0.000000,-0.000000,-0.000000,4490.685160,0.000000,-0.000000,0.000000,1995.477593,2105.857824,1995.477593,2105.857824,1995.477593,2105.857824,1995.477593,2105.857824,0.008223,75
2.245223,0,-5.000000,0.000000,4.000000,0.000000,0.000000,0.000000,0.000000,0.000000,0.000000,0.000000,-5.000000,-0.000000,3.975511,0.000000,0.000000,0.042764,1.000000,-0.000000,0.000000,-0.000000,-0.000000,-0.000000,-0.000000,4490.727242,0.000000,-0.000000,0.000000,1995.486652,2105.867476,1995.486652,2105.867476,1995.486652,2105.867476,1995.486652,2105.867476,0.008223,75
2.250222,0,-5.000000,0.000000,4.000000,0.000000,0.000000,0.000000,0.000000,0.000000,0.000000,0.000000,-5.000000,-0.000000,3.975724,0.000000,0.000000,0.042524,1.000000,-0.000000,0.000000,-0.000000,0.000000,-0.000000,-0.000000,4490.767751,0.000000,-0.000000,0.000000,1995.495373,2105.876767,1995.495373,2105.876767,1995.495373,2105.876767,1995.495373,2105.876767,0.008223,75
2.255261,0,-5.000000,0.000000,4.000000,0.000000,0.000000,0.000000,0.000000,0.000000,0.000000,0.000000,-5.000000,-0.000000,3.975937,0.000000,0.000000,0.042284,1.000000,-0.000000,0.000000,-0.000000,0.000000,-0.000000,-0.000000,4490.810237,0.000000,-0.000000,0.000000,1995.504519,2105.886511,1995.504519,2105.886511,1995.504519,2105.886511,1995.504519,2105.886511,0.008224,75
2.260259,0,-5.000000,0.000000,4.000000,0.000000,0.000000,0.000000,0.000000,0.000000,0.000000,0.000000,-5.000000,-0.000000,3.976147,0.000000,0.000000,0.042045,1.000000,-0.000000,0.000000,-0.000000,0.000000,-0.000000,-0.000000,4490.853864,0.000000,-0.000000,0.000000,1995.513911,2105.896517,1995.513911,2105.896517,1995.513911,2105.896517,1995.513911,2105.896517,0.008224,75
2.265338,0,-5.000000,0.000000,4.000000,0.000000,0.000000,0.000000,0.000000,0.000000,0.000000,0.000000,-5.000000,-0.000000,3.976359,0.000000,0.000000,0.041804,1.000000,-0.000000,0.000000,-0.000000,0.000000,-0.000000,-0.000000,4490.897914,0.000000,-0.000000,0.000000,1995.523394,2105.906620,1995.523394,2105.906620,1995.523394,2105.906620,1995.523394,2105.906620,0.008224,75
2.270337,0,-5.000000,0.000000,4.000000,0.000000,0.000000,0.000000,0.000000,0.000000,0.000000,0.000000,-5.000000,-0.000000,3.976567,0.000000,0.000000,0.041566,1.000000,-0.000000,0.000000,-0.000000,0.000000,-0.000000,-0.000000,4490.943481,0.000000,-0.000000,0.000000,1995.533203,2105.917070,1995.533203,2105.917070,1995.533203,2105.917070,1995.533203,2105.917070,0.008224,75
2.275327,0,-5.000000,0.000000,4.000000,0.000000,0.000000,0.000000,0.000000,0.000000,0.000000,0.000000,-5.000000,-0.000000,3.976773,0.000000,0.000000,0.041330,1.000000,-0.000000,0.000000,-0.000000,0.000000,-0.000000,-0.000000,4490.989082,0.000000,-0.000000,0.000000,1995.543019,2105.927529,1995.543019,2105.927529,1995.543019,2105.927529,1995.543019,2105.927529,0.008224,75
2.280333,0,-5.000000,0.000000,4.000000,0.000000,0.000000,0.000000,0.000000,0.000000,0.000000,0.000000,-5.000000,-0.000000,3.976979,0.000000,0.000000,0.041093,1.000000,-0.000000,0.000000,-0.000000,0.000000,-0.000000,-0.000000,4491.035349,0.000000,-0.000000,0.000000,1995.552979,2105.938140,1995.552979,2105.938140,1995.552979,2105.938140,1995.552979,2105.938140,0.008225,75
2.285203,0,-5.000000,0.000000,4.000000,0.000000,0.000000,0.000000,0.000000,0.000000,0.000000,0.000000,-5.000000,-0.000000,3.977178,0.000000,0.000000,0.040863,1.000000,-0.000000,0.000000,-0.000000,0.000000,-0.000000,-0.000000,4491.082495,0.000000,-0.000000,0.000000,1995.563128,2105.948953,1995.563128,2105.948953,1995.563128,2105.948953,1995.563128,2105.948953,0.008225,75
2.290341,0,-5.000000,0.000000,4.000000,0.000000,0.000000,0.000000,0.000000,0.000000,0.000000,0.000000,-5.000000,-0.000000,3.977386,0.000000,0.000000,0.040621,1.000000,-0.000000,0.000000,-0.000000,0.000000,-0.000000,-0.000000,4491.129050,0.000000,-0.000000,0.000000,1995.573150,2105.959630,1995.573150,2105.959630,1995.573150,2105.959631,1995.573150,2105.959631,0.008225,75
2.295324,0,-5.000000,0.000000,4.000000,0.000000,0.000000,0.000000,0.000000,0.000000,0.000000,0.000000,-5.000000,-0.000000,3.977588,0.000000,0.000000,0.040386,1.000000,-0.000000,0.000000,-0.000000,0.000000,-0.000000,-0.000000,4491.178908,0.000000,-0.000000,0.000000,1995.583883,2105.971065,1995.583883,2105.971065,1995.583883,2105.971065,1995.583883,2105.971065,0.008225,75
2.300341,0,-5.000000,0.000000,4.000000,0.000000,0.000000,0.000000,0.000000,0.000000,0.000000,0.000000,-5.000000,-0.000000,3.977789,0.000000,0.000000,0.040151,1.000000,-0.000000,0.000000,-0.000000,0.000000,-0.000000,-0.000000,4491.227961,0.000000,-0.000000,0.000000,1995.594442,2105.982315,1995.594442,2105.982315,1995.594442,2105.982315,1995.594442,2105.982315,0.008226,75
2.305341,0,-5.000000,0.000000,4.000000,0.000000,0.000000,0.000000,0.000000,0.000000,0.000000,0.000000,-5.000000,-0.000000,3.977989,0.000000,0.000000,0.039917,1.000000,-0.000000,0.000000,-0.000000,0.000000,-0.000000,-0.000000,4491.278043,0.000000,-0.000000,0.000000,1995.605223,2105.993802,1995.605223,2105.993802,1995.605223,2105.993802,1995.605223,2105.993802,0.008226,75
2.310353,0,-5.000000,0.000000,4.000000,0.000000,0.000000,0.000000,0.000000,0.000000,0.000000,0.000000,-5.000000,-0.000000,3.978188,0.000000,0.000000,0.039682,1.000000,-0.000000,0.000000,-0.000000,0.000000,-0.000000,-0.000000,4491.328621,0.000000,-0.000000,0.000000,1995.616111,2106.005402,1995.616111,2106.005402,1995.616111,2106.005402,1995.616111,2106.005402,0.008226,75
2.315346,0,-5.000000,0.000000,4.000000,0.000000,0.000000,0.000000,0.000000,0.000000,0.000000,0.000000,-5.000000,-0.000000,3.978385,0.000000,0.000000,0.039450,1.000000,-0.000000,0.000000,-0.000000,0.000000,-0.000000,-0.000000,4491.379985,0.000000,-0.000000,0.000000,1995.627167,2106.017182,1995.627167,2106.017182,1995.627167,2106.017182,1995.627167,2106.017182,0.008226,75
2.320322,0,-5.000000,0.000000,4.000000,0.000000,0.000000,0.000000,0.000000,0.000000,0.000000,0.000000,-5.000000,-0.000000,3.978580,0.000000,0.000000,0.039218,1.000000,-0.000000,0.000000,-0.000000,0.000000,-0.000000,-0.000000,4491.431815,0.000000,-0.000000,0.000000,1995.638324,2106.029069,1995.638324,2106.029069,1995.638324,2106.029069,1995.638324,2106.029069,0.008227,75
2.325227,0,-5.000000,0.000000,4.000000,0.000000,0.000000,0.000000,0.000000,0.000000,0.000000,0.000000,-5.000000,-0.000000,3.978771,0.000000,0.000000,0.038990,1.000000,-0.000000,0.000000,-0.000000,0.000000,-0.000000,-0.000000,4491.484094,0.000000,-0.000000,0.000000,1995.649577,2106.041059,1995.649577,2106.041059,1995.649577,2106.041059,1995.649577,2106.041059,0.008227,75
2.330239,0,-5.000000,0.000000,4.000000,0.000000,0.000000,0.000000,0.000000,0.000000,0.000000,0.000000,-5.000000,-0.000000,3.978965,0.000000,0.000000,0.038758,1.000000,-0.000000,0.000000,-0.000000,0.000000,-0.000000,-0.000000,4491.536229,0.000000,-0.000000,0.000000,1995.660800,2106.053016,1995.660800,2106.053016,1995.660800,2106.053016,1995.660800,2106.053016,0.008227,75
2.335354,0,-5.000000,0.000000,4.000000,0.000000,0.000000,0.000000,0.000000,0.000000,0.000000,0.000000,-5.000000,-0.000000,3.979162,0.000000,0.000000,0.038522,1.000000,-0.000000,0.000000,-0.000000,0.000000,-0.000000,-0.000000,4491.590121,0.000000,-0.000000,0.000000,1995.672400,2106.065375,1995.672400,2106.065375,1995.672400,2106.065375,1995.672400,2106.065375,0.008228,75
2.340337,0,-5.000000,0.000000,4.000000,0.000000,0.000000,0.000000,0.000000,0.000000,0.000000,0.000000,-5.000000,-0.000000,3.979353,0.000000,0.000000,0.038292,1.000000,-0.000000,0.000000,-0.000000,0.000000,-0.000000,-0.000000,4491.645757,0.000000,-0.000000,0.000000,1995.684376,2106.078135,1995.684376,2106.078135,1995.684376,2106.078135,1995.684376,2106.078135,0.008228,75
2.345225,0,-5.000000,0.000000,4.000000,0.000000,0.000000,0.000000,0.000000,0.000000,0.000000,0.000000,-5.000000,-0.000000,3.979539,0.000000,0.000000,0.038068,1.000000,-0.000000,0.000000,-0.000000,0.000000,-0.000000,-0.000000,4491.700551,0.000000,-0.000000,0.000000,1995.696170,2106.090701,1995.696170,2106.090701,1995.696170,2106.090701,1995.696170,2106.090701,0.008228,75
2.350230,0,-5.000000,0.000000,4.000000,0.000000,0.000000,0.000000,0.000000,0.000000,0.000000,0.000000,-5.000000,-0.000000,3.979729,0.000000,0.000000,0.037838,1.000000,-0.000000,0.000000,-0.000000,-0.000000,-0.000000,-0.000000,4491.754858,0.000000,-0.000000,0.000000,1995.707860,2106.103156,1995.707860,2106.103156,1995.707860,2106.103156,1995.707860,2106.103156,0.008228,75
2.355345,0,-5.000000,0.000000,4.000000,0.000000,0.000000,0.000000,0.000000,0.000000,0.000000,0.000000,-5.000000,-0.000000,3.979921,0.000000,0.000000,0.037604,1.000000,-0.000000,0.000000,-0.000000,0.000000,-0.000000,-0.000000,4491.811033,0.000000,-0.000000,0.000000,1995.719952,2106.116040,1995.719952,2106.116040,1995.719952,2106.116040,1995.719952,2106.116040,0.008229,75
2.360342,0,-5.000000,0.000000,4.000000,0.000000,0.000000,0.000000,0.000000,0.000000,0.000000,0.000000,-5.000000,-0.000000,3.980108,0.000000,0.000000,0.037376,1.000000,-0.000000,0.000000,-0.000000,-0.000000,-0.000000,0.000000,4491.869037,0.000000,-0.000000,0.000000,1995.732437,2106.129342,1995.732437,2106.129342,1995.732437,2106.129342,1995.732437,2106.129342,0.008229,75
2.365356,0,-5.000000,0.000000,4.000000,0.000000,0.000000,0.000000,0.000000,0.000000,0.000000,0.000000,-5.000000,-0.000000,3.980294,0.000000,0.000000,0.037148,1.000000,-0.000000,0.000000,-0.000000,-0.000000,-0.000000,0.000000,4491.926259,0.000000,-0.000000,0.000000,1995.744754,2106.142466,1995.744754,2106.142466,1995.744754,2106.142466,1995.744754,2106.142466,0.008229,75
2.370229,0,-5.000000,0.000000,4.000000,0.000000,0.000000,0.000000,0.000000,0.000000,0.000000,0.000000,-5.000000,-0.000000,3.980474,0.000000,0.000000,0.036927,1.000000,-0.000000,0.000000,-0.000000,-0.000000,-0.000000,0.000000,4491.984216,0.000000,-0.000000,0.000000,1995.757229,2106.155757,1995.757229,2106.155757,1995.757229,2106.155757,1995.757229,2106.155757,0.008230,75
2.375232,0,-5.000000,0.000000,4.000000,0.000000,0.000000,0.000000,0.000000,0.000000,0.000000,0.000000,-5.000000,-0.000000,3.980658,0.000000,0.000000,0.036700,1.000000,-0.000000,0.000000,-0.000000,-0.000000,-0.000000,0.000000,4492.041045,0.000000,-0.000000,0.000000,1995.769460,2106.168790,1995.769460,2106.168790,1995.769460,2106.168790,1995.769460,2106.168790,0.008230,75
2.380228,0,-5.000000,0.000000,4.000000,0.000000,0.000000,0.000000,0.000000,0.000000,0.000000,0.000000,-5.000000,-0.000000,3.980840,0.000000,0.000000,0.036475,1.000000,-0.000000,0.000000,-0.000000,-0.000000,-0.000000,0.000000,4492.099919,0.000000,-0.000000,-0.000000,1995.782133,2106.182293,1995.782133,2106.182293,1995.782133,2106.182293,1995.782133,2106.182293,0.008230,75
2.385227,0,-5.000000,0.000000,4.000000,0.000000,0.000000,0.000000,0.000000,0.000000,0.000000,0.000000,-5.000000,-0.000000,3.981021,0.000000,0.000000,0.036249,1.000000,-0.000000,0.000000,-0.000000,-0.000000,-0.000000,0.000000,4492.159220,0.000000,-0.000000,-0.000000,1995.794896,2106.195892,1995.794896,2106.195892,1995.794896,2106.195892,1995.794896,2106.195892,0.008230,75
2.390331,0,-5.000000,0.000000,4.000000,0.000000,0.000000,0.000000,0.000000,0.000000,0.000000,0.000000,-5.000000,-0.000000,3.981205,0.000000,0.000000,0.036020,1.000000,-0.000000,0.000000,-0.000000,-0.000000,-0.000000,0.000000,4492.219049,0.000000,-0.000000,-0.000000,1995.807774,2106.209614,1995.807774,2106.209614,1995.807774,2106.209614,1995.807774,2106.209614,0.008231,75
2.395338,0,-5.000000,0.000000,4.000000,0.000000,0.000000,0.000000,0.000000,0.000000,0.000000,0.000000,-5.000000,-0.000000,3.981384,0.000000,0.000000,0.035796,1.000000,-0.000000,0.000000,-0.000000,-0.000000,-0.000000,0.000000,4492.280656,0.000000,-0.000000,-0.000000,1995.821034,2106.223742,1995.821034,2106.223742,1995.821034,2106.223742,1995.821034,2106.223742,0.008231,75
2.400329,0,-5.000000,0.000000,4.000000,0.000000,0.000000,0.000000,0.000000,0.000000,0.000000,0.000000,-5.000000,-0.000000,3.981562,0.000000,0.000000,0.035573,1.000000,-0.000000,0.000000,-0.000000,-0.000000,-0.000000,0.000000,4492.341569,0.000000,-0.000000,-0.000000,1995.834144,2106.237712,1995.834144,2106.237712,1995.834144,2106.237712,1995.834144,2106.237712,0.008231,75
2.405338,0,-5.000000,0.000000,4.000000,0.000000,0.000000,0.000000,0.000000,0.000000,0.000000,0.000000,-5.000000,-0.000000,3.981739,0.000000,0.000000,0.035350,1.000000,-0.000000,0.000000,-0.000000,0.000000,-0.000000,0.000000,4492.402764,0.000000,-0.000000,-0.000000,1995.847316,2106.251746,1995.847316,2106.251746,1995.847316,2106.251746,1995.847316,2106.251746,0.008232,75
2.410328,0,-5.000000,0.000000,4.000000,0.000000,0.000000,0.000000,0.000000,0.000000,0.000000,0.000000,-5.000000,-0.000000,3.981914,0.000000,0.000000,0.035129,1.000000,-0.000000,0.000000,-0.000000,0.000000,-0.000000,0.000000,4492.464626,0.000000,-0.000000,-0.000000,1995.860630,2106.265933,1995.860630,2106.265933,1995.860630,2106.265933,1995.860630,2106.265933,0.008232,75
2.415322,0,-5.000000,0.000000,4.000000,0.000000,0.000000,0.000000,0.000000,0.000000,0.000000,0.000000,-5.000000,-0.000000,3.982088,0.000000,0.000000,0.034908,1.000000,-0.000000,0.000000,-0.000000,0.000000,-0.000000,0.000000,4492.526719,0.000000,-0.000000,-0.000000,1995.873994,2106.280173,1995.873994,2106.280173,1995.873994,2106.280173,1995.873994,2106.280173,0.008232,75
2.420254,0,-5.000000,0.000000,4.000000,0.000000,0.000000,0.000000,0.000000,0.000000,0.000000,0.000000,-5.000000,-0.000000,3.982259,0.000000,0.000000,0.034690,1.000000,-0.000000,0.000000,-0.000000,0.000000,-0.000000,0.000000,4492.589297,0.000000,-0.000000,-0.000000,1995.887463,2106.294524,1995.887463,2106.294524,1995.887463,2106.294524,1995.887463,2106.294524,0.008233,75
2.425218,0,-5.000000,0.000000,4.000000,0.000000,0.000000,0.000000,0.000000,0.000000,0.000000,0.000000,-5.000000,-0.000000,3.982430,0.000000,0.000000,0.034471,1.000000,-0.000000,0.000000,-0.000000,0.000000,-0.000000,0.000000,4492.651523,0.000000,-0.000000,-0.000000,1995.900855,2106.308794,1995.900855,2106.308794,1995.900855,2106.308794,1995.900855,2106.308794,0.008233,75
2.430251,0,-5.000000,0.000000,4.000000,0.000000,0.000000,0.000000,0.000000,0.000000,0.000000,0.000000,-5.000000,-0.000000,3.982603,0.000000,0.000000,0.034251,1.000000,-0.000000,0.000000,-0.000000,0.000000,-0.000000,0.000000,4492.714571,0.000000,-0.000000,-0.000000,1995.914425,2106.323253,1995.914425,2106.323253,1995.914425,2106.323253,1995.914425,2106.323253,0.008233,75
2.435219,0,-5.000000,0.000000,4.000000,0.000000,0.000000,0.000000,0.000000,0.000000,0.000000,0.000000,-5.000000,-0.000000,3.982772,0.000000,0.000000,0.034033,1.000000,-0.000000,0.000000,-0.000000,0.000000,-0.000000,0.000000,4492.778914,0.000000,-0.000000,-0.000000,1995.928273,2106.338009,1995.928273,2106.338009,1995.928273,2106.338009,1995.928273,2106.338009,0.008234,75
2.440336,0,-5.000000,0.000000,4.000000,0.000000,0.000000,0.000000,0.000000,0.000000,0.000000,0.000000,-5.000000,-0.000000,3.982945,0.000000,0.000000,0.033810,1.000000,-0.000000,0.000000,-0.000000,0.000000,-0.000000,0.000000,4492.842822,0.000000,-0.000000,-0.000000,1995.942027,2106.352665,1995.942027,2106.352665,1995.942027,2106.352665,1995.942027,2106.352665,0.008234,75
2.445219,0,-5.000000,0.000000,4.000000,0.000000,0.000000,0.000000,0.000000,0.000000,0.000000,0.000000,-5.000000,-0.000000,3.983109,0.000000,0.000000,0.033598,1.000000,-0.000000,0.000000,-0.000000,0.000000,-0.000000,0.000000,4492.909071,0.000000,-0.000000,-0.000000,1995.956285,2106.367858,1995.956285,2106.367858,1995.956285,2106.367858,1995.956285,2106.367858,0.008234,75
2.450257,0,-5.000000,0.000000,4.000000,0.000000,0.000000,0.000000,0.000000,0.000000,0.000000,0.000000,-5.000000,-0.000000,3.983277,0.000000,0.000000,0.033380,1.000000,-0.000000,0.000000,-0.000000,0.000000,-0.000000,0.000000,4492.972661,0.000000,-0.000000,-0.000000,1995.969971,2106.382441,1995.969971,2106.382441,1995.969971,2106.382441,1995.969971,2106.382441,0.008234,75
2.455334,0,-5.000000,0.000000,4.000000,0.000000,0.000000,0.000000,0.000000,0.000000,0.000000,0.000000,-5.000000,-0.000000,3.983446,0.000000,0.000000,0.033160,1.000000,-0.000000,0.000000,-0.000000,0.000000,-0.000000,0.000000,4493.038645,0.000000,-0.000000,-0.000000,1995.984172,2106.397573,1995.984172,2106.397573,1995.984172,2106.397573,1995.984172,2106.397573,0.008235,75
2.460331,0,-5.000000,0.000000,4.000000,0.000000,0.000000,0.000000,0.000000,0.000000,0.000000,0.000000,-5.000000,-0.000000,3.983610,0.000000,0.000000,0.032945,1.000000,-0.000000,0.000000,-0.000000,0.000000,-0.000000,0.000000,4493.105524,0.000000,-0.000000,-0.000000,1995.998565,2106.412910,1995.998565,2106.412910,1995.998565,2106.412910,1995.998565,2106.412910,0.008235,75
2.465229,0,-5.000000,0.000000,4.000000,0.000000,0.000000,0.000000,0.000000,0.000000,0.000000,0.000000,-5.000000,-0.000000,3.983770,0.000000,0.000000,0.032735,1.000000,-0.000000,0.000000,-0.000000,0.000000,-0.000000,0.000000,4493.171715,0.000000,-0.000000,-0.000000,1996.012810,2106.428090,1996.012810,2106.428090,1996.012810,2106.428090,1996.012810,2106.428090,0.008235,75
2.470324,0,-5.000000,0.000000,4.000000,0.000000,0.000000,0.000000,0.000000,0.000000,0.000000,0.000000,-5.000000,-0.000000,3.983936,0.000000,0.000000,0.032517,1.000000,-0.000000,0.000000,-0.000000,0.000000,-0.000000,0.000000,4493.236924,0.000000,-0.000000,-0.000000,1996.026844,2106.443044,1996.026844,2106.443044,1996.026844,2106.443044,1996.026844,2106.443044,0.008236,75
2.475332,0,-5.000000,0.000000,4.000000,0.000000,0.000000,0.000000,0.000000,0.000000,0.000000,0.000000,-5.000000,-0.000000,3.984098,0.000000,0.000000,0.032304,1.000000,-0.000000,0.000000,-0.000000,0.000000,-0.000000,0.000000,4493.305115,0.000000,-0.000000,-0.000000,1996.041519,2106.458681,1996.041519,2106.458681,1996.041519,2106.458681,1996.041519,2106.458681,0.008236,75
2.480227,0,-5.000000,0.000000,4.000000,0.000000,0.000000,0.000000,0.000000,0.000000,0.000000,0.000000,-5.000000,-0.000000,3.984255,0.000000,0.000000,0.032096,1.000000,-0.000000,0.000000,-0.000000,0.000000,-0.000000,0.000000,4493.372481,0.000000,-0.000000,-0.000000,1996.056017,2106.474130,1996.056017,2106.474130,1996.056017,2106.474130,1996.056017,2106.474130,0.008237,75
2.485232,0,-5.000000,0.000000,4.000000,0.000000,0.000000,0.000000,0.000000,0.000000,0.000000,0.000000,-5.000000,-0.000000,3.984415,0.000000,0.000000,0.031884,1.000000,-0.000000,0.000000,-0.000000,0.000000,-0.000000,0.000000,4493.438645,0.000000,-0.000000,-0.000000,1996.070255,2106.489303,1996.070255,2106.489303,1996.070255,2106.489303,1996.070255,2106.489303,0.008237,75
2.490336,0,-5.000000,0.000000,4.000000,0.000000,0.000000,0.000000,0.000000,0.000000,0.000000,0.000000,-5.000000,-0.000000,3.984576,0.000000,0.000000,0.031668,1.000000,-0.000000,0.000000,-0.000000,0.000000,-0.000000,0.000000,4493.506604,0.000000,-0.000000,-0.000000,1996.084880,2106.504888,1996.084880,2106.504888,1996.084880,2106.504888,1996.084880,2106.504888,0.008237,75
2.495338,0,-5.000000,0.000000,4.000000,0.000000,0.000000,0.000000,0.000000,0.000000,0.000000,0.000000,-5.000000,-0.000000,3.984734,0.000000,0.000000,0.031458,1.000000,-0.000000,0.000000,-0.000000,0.000000,-0.000000,0.000000,4493.576242,0.000000,-0.000000,-0.000000,1996.099866,2106.520857,1996.099866,2106.520857,1996.099866,2106.520857,1996.099866,2106.520857,0.008238,75
2.500370,0,-5.000000,0.000000,4.000000,0.000000,0.000000,0.000000,0.000000,0.000000,0.000000,0.000000,-5.000000,-0.000000,3.984891,0.000000,0.000000,0.031247,1.000000,-0.000000,0.000000,-0.000000,0.000000,-0.000000,0.000000,4493.644789,0.000000,-0.000000,-0.000000,1996.114618,2106.536576,1996.114618,2106.536576,1996.114618,2106.536576,1996.114618,2106.536576,0.008238,75
2.505333,0,-5.000000,0.000000,4.000000,0.000000,0.000000,0.000000,0.000000,0.000000,0.000000,0.000000,-5.000000,-0.000000,3.985045,0.000000,0.000000,0.031040,1.000000,-0.000000,0.000000,-0.000000,0.000000,-0.000000,0.000000,4493.714042,0.000000,-0.000000,-0.000000,1996.129521,2106.552457,1996.129521,2106.552457,1996.129521,2106.552457,1996.129521,2106.552457,0.008238,75
2.510272,0,-5.000000,0.000000,4.000000,0.000000,0.000000,0.000000,0.000000,0.000000,0.000000,0.000000,-5.000000,-0.000000,3.985197,0.000000,0.000000,0.030834,1.000000,-0.000000,0.000000,-0.000000,0.000000,-0.000000,0.000000,4493.782629,0.000000,-0.000000,-0.000000,1996.144280,2106.568186,1996.144280,2106.568186,1996.144280,2106.568186,1996.144280,2106.568186,0.008239,75
2.515223,0,-5.000000,0.000000,4.000000,0.000000,0.000000,0.000000,0.000000,0.000000,0.000000,0.000000,-5.000000,-0.000000,3.985349,0.000000,0.000000,0.030629,1.000000,-0.000000,0.000000,-0.000000,0.000000,-0.000000,0.000000,4493.851161,0.000000,-0.000000,-0.000000,1996.159028,2106.583901,1996.159028,2106.583901,1996.159028,2106.583901,1996.159028,2106.583901,0.008239,75
2.520352,0,-5.000000,0.000000,4.000000,0.000000,0.000000,0.000000,0.000000,0.000000,0.000000,0.000000,-5.000000,-0.000000,3.985505,0.000000,0.000000,0.030417,1.000000,-0.000000,0.000000,-0.000000,0.000000,-0.000000,0.000000,4493.920123,0.000000,-0.000000,-0.000000,1996.173868,2106.599716,1996.173868,2106.599716,1996.173868,2106.599716,1996.173868,2106.599716,0.008239,75
2.525344,0,-5.000000,0.000000,4.000000,0.000000,0.000000,0.000000,0.000000,0.000000,0.000000,0.000000,-5.000000,-0.000000,3.985656,0.000000,0.000000,0.030212,1.000000,-0.000000,0.000000,-0.000000,0.000000,-0.000000,0.000000,4493.991843,0.000000,-0.000000,-0.000000,1996.189301,2106.616162,1996.189301,2106.616162,1996.189301,2106.616162,1996.189301,2106.616162,0.008240,75
2.530340,0,-5.000000,0.000000,4.000000,0.000000,0.000000,0.000000,0.000000,0.000000,0.000000,0.000000,-5.000000,-0.000000,3.985806,0.000000,0.000000,0.030007,1.000000,-0.000000,0.000000,-0.000000,0.000000,-0.000000,0.000000,4494.061892,0.000000,-0.000000,-0.000000,1996.204375,2106.632226,1996.204375,2106.632226,1996.204375,2106.632226,1996.204375,2106.632226,0.008240,75
2.535410,0,-5.000000,0.000000,4.000000,0.000000,0.000000,0.000000,0.000000,0.000000,0.000000,0.000000,-5.000000,-0.000000,3.985957,0.000000,0.000000,0.029799,1.000000,-0.000000,0.000000,-0.000000,0.000000,-0.000000,0.000000,4494.132256,0.000000,-0.000000,-0.000000,1996.219516,2106.648361,1996.219516,2106.648361,1996.219516,2106.648361,1996.219516,2106.648361,0.008240,75
2.540213,0,-5.000000,0.000000,4.000000,0.000000,0.000000,0.000000,0.000000,0.000000,0.000000,0.000000,-5.000000,-0.000000,3.986099,0.000000,0.000000,0.029604,1.000000,-0.000000,0.000000,-0.000000,0.000000,-0.000000,0.000000,4494.203905,0.000000,-0.000000,-0.000000,1996.234934,2106.664792,1996.234934,2106.664792,1996.234934,2106.664792,1996.234934,2106.664792,0.008241,75
2.545217,0,-5.000000,0.000000,4.000000,0.000000,0.000000,0.000000,0.000000,0.000000,0.000000,0.000000,-5.000000,-0.000000,3.986246,0.000000,0.000000,0.029401,1.000000,-0.000000,0.000000,-0.000000,0.000000,-0.000000,0.000000,4494.271993,0.000000,-0.000000,-0.000000,1996.249585,2106.680405,1996.249585,2106.680405,1996.249585,2106.680405,1996.249585,2106.680405,0.008241,75
2.550238,0,-5.000000,0.000000,4.000000,0.000000,0.000000,0.000000,0.000000,0.000000,0.000000,0.000000,-5.000000,-0.000000,3.986393,0.000000,0.000000,0.029198,1.000000,-0.000000,0.000000,-0.000000,0.000000,-0.000000,0.000000,4494.343170,0.000000,-0.000000,-0.000000,1996.264901,2106.696727,1996.264901,2106.696727,1996.264901,2106.696727,1996.264901,2106.696727,0.008241,75
2.555331,0,-5.000000,0.000000,4.000000,0.000000,0.000000,0.000000,0.000000,0.000000,0.000000,0.000000,-5.000000,-0.000000,3.986540,0.000000,0.000000,0.028993,1.000000,-0.000000,0.000000,-0.000000,0.000000,-0.000000,0.000000,4494.414805,0.000000,-0.000000,-0.000000,1996.280315,2106.713154,1996.280315,2106.713154,1996.280315,2106.713154,1996.280315,2106.713154,0.008242,75
2.560345,0,-5.000000,0.000000,4.000000,0.000000,0.000000,0.000000,0.000000,0.000000,0.000000,0.000000,-5.000000,-0.000000,3.986685,0.000000,0.000000,0.028792,1.000000,-0.000000,0.000000,-0.000000,0.000000,-0.000000,0.000000,4494.487676,0.000000,-0.000000,-0.000000,1996.295995,2106.729864,1996.295995,2106.729864,1996.295995,2106.729864,1996.295995,2106.729864,0.008242,75
2.565318,0,-5.000000,0.000000,4.000000,0.000000,0.000000,0.000000,0.000000,0.000000,0.000000,0.000000,-5.000000,-0.000000,3.986827,0.000000,0.000000,0.028593,1.000000,-0.000000,0.000000,-0.000000,0.000000,-0.000000,-0.000000,4494.559631,0.000000,-0.000000,-0.000000,1996.311478,2106.746364,1996.311478,2106.746364,1996.311478,2106.746364,1996.311478,2106.746364,0.008242,75
2.570224,0,-5.000000,0.000000,4.000000,0.000000,0.000000,0.000000,0.000000,0.000000,0.000000,0.000000,-5.000000,-0.000000,3.986966,0.000000,0.000000,0.028397,1.000000,-0.000000,0.000000,-0.000000,0.000000,-0.000000,-0.000000,4494.631203,0.000000,-0.000000,0.000000,1996.326879,2106.762776,1996.326879,2106.762776,1996.326879,2106.762776,1996.326879,2106.762776,0.008243,75
2.575230,0,-5.000000,0.000000,4.000000,0.000000,0.000000,0.000000,0.000000,0.000000,0.000000,0.000000,-5.000000,-0.000000,3.987107,0.000000,0.000000,0.028199,1.000000,-0.000000,0.000000,-0.000000,0.000000,0.000000,-0.000000,4494.701986,0.000000,-0.000000,0.000000,1996.342109,2106.779007,1996.342109,2106.779007,1996.342109,2106.779007,1996.342109,2106.779007,0.008243,75
2.580231,0,-5.000000,0.000000,4.000000,0.000000,0.000000,0.000000,0.000000,0.000000,0.000000,0.000000,-5.000000,-0.000000,3.987247,0.000000,0.000000,0.028001,1.000000,-0.000000,0.000000,-0.000000,0.000000,0.000000,-0.000000,4494.774392,0.000000,-0.000000,0.000000,1996.357688,2106.795611,1996.357688,2106.795611,1996.357688,2106.795611,1996.357688,2106.795611,0.008244,75
2.585227,0,-5.000000,0.000000,4.000000,0.000000,0.000000,0.000000,0.000000,0.000000,0.000000,0.000000,-5.000000,-0.000000,3.987386,0.000000,0.000000,0.027805,1.000000,-0.000000,0.000000,-0.000000,0.000000,0.000000,-0.000000,4494.846907,0.000000,-0.000000,0.000000,1996.373291,2106.812239,1996.373291,2106.812239,1996.373291,2106.812239,1996.373291,2106.812239,0.008244,75
2.590225,0,-5.000000,0.000000,4.000000,0.000000,0.000000,0.000000,0.000000,0.000000,0.000000,0.000000,-5.000000,-0.000000,3.987524,0.000000,0.000000,0.027609,1.000000,-0.000000,0.000000,-0.000000,0.000000,0.000000,-0.000000,4494.919524,0.000000,-0.000000,0.000000,1996.388916,2106.828891,1996.388916,2106.828891,1996.388916,2106.828891,1996.388916,2106.828891,0.008244,75
2.595221,0,-5.000000,0.000000,4.000000,0.000000,0.000000,0.000000,0.000000,0.000000,0.000000,0.000000,-5.000000,-0.000000,3.987661,0.000000,0.000000,0.027414,1.000000,-0.000000,0.000000,-0.000000,0.000000,0.000000,-0.000000,4494.992322,0.000000,-0.000000,0.000000,1996.404579,2106.845584,1996.404579,2106.845584,1996.404579,2106.845584,1996.404579,2106.845584,0.008245,75
2.600222,0,-5.000000,0.000000,4.000000,0.000000,0.000000,0.000000,0.000000,0.000000,0.000000,0.000000,-5.000000,-0.000000,3.987797,0.000000,0.000000,0.027220,1.000000,-0.000000,0.000000,-0.000000,0.000000,0.000000,-0.000000,4495.065261,0.000000,-0.000000,0.000000,1996.420273,2106.862309,1996.420273,2106.862309,1996.420273,2106.862309,1996.420273,2106.862309,0.008245,75
2.605227,0,-5.000000,0.000000,4.000000,0.000000,0.000000,0.000000,0.000000,0.000000,0.000000,0.000000,-5.000000,-0.000000,3.987933,0.000000,0.000000,0.027026,1.000000,-0.000000,0.000000,-0.000000,0.000000,0.000000,-0.000000,4495.138421,0.000000,-0.000000,0.000000,1996.436014,2106.879085,1996.436014,2106.879085,1996.436014,2106.879085,1996.436014,2106.879085,0.008245,75
2.610228,0,-5.000000,0.000000,4.000000,0.000000,0.000000,0.000000,0.000000,0.000000,0.000000,0.000000,-5.000000,-0.000000,3.988067,0.000000,0.000000,0.026833,1.000000,-0.000000,0.000000,-0.000000,0.000000,0.000000,-0.000000,4495.211795,0.000000,-0.000000,0.000000,1996.451801,2106.895910,1996.451801,2106.895910,1996.451801,2106.895910,1996.451801,2106.895910,0.008246,75
2.615226,0,-5.000000,0.000000,4.000000,0.000000,0.000000,0.000000,0.000000,0.000000,0.000000,0.000000,-5.000000,-0.000000,3.988200,0.000000,0.000000,0.026641,1.000000,-0.000000,0.000000,-0.000000,0.000000,0.000000,-0.000000,4495.285239,0.000000,-0.000000,0.000000,1996.467602,2106.912751,1996.467602,2106.912751,1996.467602,2106.912751,1996.467602,2106.912751,0.008246,75
2.620260,0,-5.000000,0.000000,4.000000,0.000000,0.000000,0.000000,0.000000,0.000000,0.000000,0.000000,-5.000000,-0.000000,3.988333,0.000000,0.000000,0.026448,1.000000,-0.000000,0.000000,-0.000000,0.000000,0.000000,-0.000000,4495.358762,0.000000,-0.000000,0.000000,1996.483421,2106.929610,1996.483421,2106.929610,1996.483421,2106.929610,1996.483421,2106.929610,0.008247,75
2.625219,0,-5.000000,0.000000,4.000000,0.000000,0.000000,0.000000,0.000000,0.000000,0.000000,0.000000,-5.000000,-0.000000,3.988463,0.000000,0.000000,0.026259,1.000000,-0.000000,0.000000,-0.000000,0.000000,0.000000,0.000000,4495.432955,0.000000,-0.000000,0.000000,1996.499384,2106.946623,1996.499384,2106.946623,1996.499384,2106.946623,1996.499384,2106.946623,0.008247,75
2.630230,0,-5.000000,0.000000,4.000000,0.000000,0.000000,0.000000,0.000000,0.000000,0.000000,0.000000,-5.000000,-0.000000,3.988594,0.000000,0.000000,0.026069,1.000000,-0.000000,0.000000,-0.000000,0.000000,0.000000,0.000000,4495.506164,0.000000,-0.000000,-0.000000,1996.515135,2106.963410,1996.515135,2106.963410,1996.515135,2106.963410,1996.515135,2106.963410,0.008247,75
2.635234,0,-5.000000,0.000000,4.000000,0.000000,0.000000,0.000000,0.000000,0.000000,0.000000,0.000000,-5.000000,-0.000000,3.988723,0.000000,0.000000,0.025880,1.000000,-0.000000,0.000000,-0.000000,0.000000,0.000000,0.000000,4495.580242,0.000000,-0.000000,-0.000000,1996.531072,2106.980396,1996.531072,2106.980396,1996.531072,2106.980396,1996.531072,2106.980396,0.008248,75
2.640221,0,-5.000000,0.000000,4.000000,0.000000,0.000000,0.000000,0.000000,0.000000,0.000000,0.000000,-5.000000,-0.000000,3.988852,0.000000,0.000000,0.025693,1.000000,-0.000000,0.000000,-0.000000,0.000000,0.000000,0.000000,4495.654340,0.000000,-0.000000,-0.000000,1996.547014,2106.997386,1996.547014,2106.997386,1996.547014,2106.997386,1996.547014,2106.997386,0.008248,75
2.645229,0,-5.000000,0.000000,4.000000,0.000000,0.000000,0.000000,0.000000,0.000000,0.000000,0.000000,-5.000000,-0.000000,3.988979,0.000000,0.000000,0.025505,1.000000,-0.000000,0.000000,-0.000000,0.000000,0.000000,0.000000,4495.728276,0.000000,-0.000000,-0.000000,1996.562921,2107.014340,1996.562921,2107.014340,1996.562921,2107.014340,1996.562921,2107.014340,0.008248,75
2.650226,0,-5.000000,0.000000,4.000000,0.000000,0.000000,0.000000,0.000000,0.000000,0.000000,0.000000,-5.000000,-0.000000,3.989106,0.000000,0.000000,0.025319,1.000000,-0.000000,0.000000,-0.000000,0.000000,0.000000,0.000000,4495.802625,0.000000,-0.000000,-0.000000,1996.578916,2107.031388,1996.578916,2107.031388,1996.578916,2107.031388,1996.578916,2107.031388,0.008249,75
2.655260,0,-5.000000,0.000000,4.000000,0.000000,0.000000,0.000000,0.000000,0.000000,0.000000,0.000000,-5.000000,-0.000000,3.989232,0.000000,0.000000,0.025132,1.000000,-0.000000,0.000000,-0.000000,0.000000,0.000000,0.000000,4495.876907,0.000000,-0.000000,-0.000000,1996.594897,2107.048420,1996.594897,2107.048420,1996.594897,2107.048420,1996.594897,2107.048420,0.008249,75
2.660342,0,-5.000000,0.000000,4.000000,0.000000,0.000000,0.000000,0.000000,0.000000,0.000000,0.000000,-5.000000,-0.000000,3.989359,0.000000,0.000000,0.024944,1.000000,-0.000000,0.000000,-0.000000,0.000000,0.000000,0.000000,4495.951805,0.000000,-0.000000,-0.000000,1996.611010,2107.065594,1996.611010,2107.065594,1996.611010,2107.065594,1996.611010,2107.065594,0.008250,75
2.665226,0,-5.000000,0.000000,4.000000,0.000000,0.000000,0.000000,0.000000,0.000000,0.000000,0.000000,-5.000000,-0.000000,3.989480,0.000000,0.000000,0.024764,1.000000,-0.000000,0.000000,-0.000000,0.000000,0.000000,0.000000,4496.027526,0.000000,-0.000000,-0.000000,1996.627301,2107.082957,1996.627301,2107.082957,1996.627301,2107.082957,1996.627301,2107.082957,0.008250,75
2.670254,0,-5.000000,0.000000,4.000000,0.000000,0.000000,0.000000,0.000000,0.000000,0.000000,0.000000,-5.000000,-0.000000,3.989604,0.000000,0.000000,0.024580,1.000000,-0.000000,0.000000,-0.000000,0.000000,0.000000,0.000000,4496.100347,0.000000,-0.000000,-0.000000,1996.642967,2107.099654,1996.642967,2107.099654,1996.642967,2107.099654,1996.642967,2107.099654,0.008250,75
2.675268,0,-5.000000,0.000000,4.000000,0.000000,0.000000,0.000000,0.000000,0.000000,0.000000,0.000000,-5.000000,-0.000000,3.989726,0.000000,0.000000,0.024397,1.000000,-0.000000,0.000000,-0.000000,0.000000,0.000000,0.000000,4496.175396,0.000000,-0.000000,-0.000000,1996.659112,2107.116862,1996.659112,2107.116862,1996.659112,2107.116862,1996.659112,2107.116862,0.008251,75
2.680224,0,-5.000000,0.000000,4.000000,0.000000,0.000000,0.000000,0.000000,0.000000,0.000000,0.000000,-5.000000,-0.000000,3.989846,0.000000,0.000000,0.024217,1.000000,-0.000000,0.000000,-0.000000,0.000000,0.000000,0.000000,4496.250296,0.000000,-0.000000,-0.000000,1996.675225,2107.134036,1996.675225,2107.134036,1996.675225,2107.134036,1996.675225,2107.134036,0.008251,75
2.685219,0,-5.000000,0.000000,4.000000,0.000000,0.000000,0.000000,0.000000,0.000000,0.000000,0.000000,-5.000000,-0.000000,3.989966,0.000000,0.000000,0.024037,1.000000,-0.000000,0.000000,-0.000000,0.000000,0.000000,0.000000,4496.324384,0.000000,-0.000000,-0.000000,1996.691164,2107.151024,1996.691164,2107.151024,1996.691164,2107.151024,1996.691164,2107.151024,0.008251,75
2.690276,0,-5.000000,0.000000,4.000000,0.000000,0.000000,0.000000,0.000000,0.000000,0.000000,0.000000,-5.000000,-0.000000,3.990087,0.000000,0.000000,0.023854,1.000000,-0.000000,0.000000,-0.000000,0.000000,0.000000,0.000000,4496.399110,0.000000,-0.000000,-0.000000,1996.707239,2107.168158,1996.707239,2107.168158,1996.707239,2107.168158,1996.707239,2107.168158,0.008252,75
2.695341,0,-5.000000,0.000000,4.000000,0.000000,0.000000,0.000000,0.000000,0.000000,0.000000,0.000000,-5.000000,-0.000000,3.990207,0.000000,0.000000,0.023673,1.000000,-0.000000,0.000000,-0.000000,0.000000,0.000000,0.000000,4496.474807,0.000000,-0.000000,-0.000000,1996.723523,2107.185515,1996.723523,2107.185515,1996.723523,2107.185515,1996.723523,2107.185515,0.008252,75
2.700222,0,-5.000000,0.000000,4.000000,0.000000,0.000000,0.000000,0.000000,0.000000,0.000000,0.000000,-5.000000,-0.000000,3.990321,0.000000,0.000000,0.023499,1.000000,-0.000000,0.000000,-0.000000,0.000000,0.000000,0.000000,4496.550672,0.000000,-0.000000,-0.000000,1996.739843,2107.202910,1996.739843,2107.202910,1996.739843,2107.202910,1996.739843,2107.202910,0.008253,75
2.705338,0,-5.000000,0.000000,4.000000,0.000000,0.000000,0.000000,0.000000,0.000000,0.000000,0.000000,-5.000000,-0.000000,3.990441,0.000000,0.000000,0.023317,1.000000,-0.000000,0.000000,-0.000000,0.000000,0.000000,0.000000,4496.623816,0.000000,-0.000000,-0.000000,1996.755578,2107.219681,1996.755578,2107.219681,1996.755578,2107.219681,1996.755578,2107.219681,0.008253,75
2.710226,0,-5.000000,0.000000,4.000000,0.000000,0.000000,0.000000,0.000000,0.000000,0.000000,0.000000,-5.000000,-0.000000,3.990554,0.000000,0.000000,0.023144,1.000000,-0.000000,0.000000,0.000000,0.000000,0.000000,0.000000,4496.700515,0.000000,-0.000000,-0.000000,1996.772077,2107.237267,1996.772077,2107.237267,1996.772077,2107.237267,1996.772077,2107.237267,0.008253,75
2.715328,0,-5.000000,0.000000,4.000000,0.000000,0.000000,0.000000,0.000000,0.000000,0.000000,0.000000,-5.000000,-0.000000,3.990671,0.000000,0.000000,0.022965,1.000000,-0.000000,0.000000,0.000000,0.000000,0.000000,0.000000,4496.773823,0.000000,-0.000000,-0.000000,1996.787846,2107.254076,1996.787846,2107.254076,1996.787846,2107.254076,1996.787846,2107.254076,0.008254,75
2.720332,0,-5.000000,0.000000,4.000000,0.000000,0.000000,0.000000,0.000000,0.000000,0.000000,0.000000,-5.000000,-0.000000,3.990785,0.000000,0.000000,0.022789,1.000000,-0.000000,0.000000,0.000000,0.000000,0.000000,0.000000,4496.850358,0.000000,-0.000000,-0.000000,1996.804310,2107.271624,1996.804310,2107.271624,1996.804310,2107.271624,1996.804310,2107.271624,0.008254,75
2.725222,0,-5.000000,0.000000,4.000000,0.000000,0.000000,0.000000,0.000000,0.000000,0.000000,0.000000,-5.000000,-0.000000,3.990895,0.000000,0.000000,0.022619,1.000000,-0.000000,0.000000,0.000000,0.000000,0.000000,0.000000,4496.925449,0.000000,-0.000000,-0.000000,1996.820463,2107.288841,1996.820463,2107.288841,1996.820463,2107.288841,1996.820463,2107.288841,0.008254,75
2.730260,0,-5.000000,0.000000,4.000000,0.000000,0.000000,0.000000,0.000000,0.000000,0.000000,0.000000,-5.000000,-0.000000,3.991009,0.000000,0.000000,0.022444,1.000000,-0.000000,0.000000,0.000000,0.000000,0.000000,0.000000,4496.998825,0.000000,-0.000000,-0.000000,1996.836247,2107.305665,1996.836247,2107.305665,1996.836247,2107.305665,1996.836247,2107.305665,0.008255,75
2.735332,0,-5.000000,0.000000,4.000000,0.000000,0.000000,0.000000,0.000000,0.000000,0.000000,0.000000,-5.000000,-0.000000,3.991121,0.000000,0.000000,0.022269,1.000000,-0.000000,0.000000,0.000000,0.000000,0.000000,0.000000,4497.074435,0.000000,-0.000000,-0.000000,1996.852511,2107.323001,1996.852511,2107.323001,1996.852511,2107.323001,1996.852511,2107.323001,0.008255,75
2.740351,0,-5.000000,0.000000,4.000000,0.000000,0.000000,0.000000,0.000000,0.000000,0.000000,0.000000,-5.000000,-0.000000,3.991232,0.000000,0.000000,0.022096,1.000000,-0.000000,0.000000,0.000000,0.000000,0.000000,0.000000,4497.150564,0.000000,-0.000000,-0.000000,1996.868887,2107.340457,1996.868887,2107.340457,1996.868887,2107.340457,1996.868887,2107.340457,0.008256,75
2.745349,0,-5.000000,0.000000,4.000000,0.000000,0.000000,0.000000,0.000000,0.000000,0.000000,0.000000,-5.000000,-0.000000,3.991342,0.000000,0.000000,0.021925,1.000000,-0.000000,0.000000,0.000000,0.000000,0.000000,0.000000,4497.225890,0.000000,-0.000000,-0.000000,1996.885089,2107.357727,1996.885089,2107.357727,1996.885089,2107.357727,1996.885089,2107.357727,0.008256,75
2.750259,0,-5.000000,0.000000,4.000000,0.000000,0.000000,0.000000,0.000000,0.000000,0.000000,0.000000,-5.000000,-0.000000,3.991449,0.000000,0.000000,0.021758,1.000000,-0.000000,0.000000,0.000000,0.000000,0.000000,0.000000,4497.300906,0.000000,-0.000000,-0.000000,1996.901225,2107.374927,1996.901225,2107.374927,1996.901225,2107.374927,1996.901225,2107.374927,0.008256,75
2.755255,0,-5.000000,0.000000,4.000000,0.000000,0.000000,0.000000,0.000000,0.000000,0.000000,0.000000,-5.000000,-0.000000,3.991557,0.000000,0.000000,0.021589,1.000000,-0.000000,0.000000,0.000000,0.000000,0.000000,0.000000,4497.374575,0.000000,-0.000000,-0.000000,1996.917071,2107.391818,1996.917071,2107.391818,1996.917071,2107.391818,1996.917071,2107.391818,0.008257,75
2.760272,0,-5.000000,0.000000,4.000000,0.000000,0.000000,0.000000,0.000000,0.000000,0.000000,0.000000,-5.000000,-0.000000,3.991664,0.000000,0.000000,0.021420,1.000000,-0.000000,0.000000,0.000000,0.000000,0.000000,0.000000,4497.449530,0.000000,-0.000000,-0.000000,1996.933194,2107.409004,1996.933194,2107.409004,1996.933194,2107.409004,1996.933194,2107.409004,0.008257,75
2.765329,0,-5.000000,0.000000,4.000000,0.000000,0.000000,0.000000,0.000000,0.000000,0.000000,0.000000,-5.000000,-0.000000,3.991772,0.000000,0.000000,0.021250,1.000000,-0.000000,0.000000,0.000000,0.000000,0.000000,0.000000,4497.524785,0.000000,-0.000000,-0.000000,1996.949381,2107.426258,1996.949381,2107.426258,1996.949381,2107.426258,1996.949381,2107.426258,0.008257,75
2.770331,0,-5.000000,0.000000,4.000000,0.000000,0.000000,0.000000,0.000000,0.000000,0.000000,0.000000,-5.000000,-0.000000,3.991877,0.000000,0.000000,0.021083,1.000000,-0.000000,0.000000,0.000000,0.000000,0.000000,0.000000,4497.600603,0.000000,-0.000000,-0.000000,1996.965688,2107.443641,1996.965688,2107.443641,1996.965688,2107.443641,1996.965688,2107.443641,0.008258,75
2.775269,0,-5.000000,0.000000,4.000000,0.000000,0.000000,0.000000,0.000000,0.000000,0.000000,0.000000,-5.000000,-0.000000,3.991980,0.000000,0.000000,0.020919,1.000000,-0.000000,0.000000,0.000000,0.000000,0.000000,-0.000000,4497.675573,0.000000,-0.000000,-0.000000,1996.981814,2107.460831,1996.981814,2107.460831,1996.981814,2107.460831,1996.981814,2107.460831,0.008258,75
2.780230,0,-5.000000,0.000000,4.000000,0.000000,0.000000,0.000000,0.000000,0.000000,0.000000,0.000000,-5.000000,-0.000000,3.992083,0.000000,0.000000,0.020755,1.000000,-0.000000,0.000000,0.000000,0.000000,0.000000,-0.000000,4497.749551,0.000000,-0.000000,-0.000000,1996.997726,2107.477792,1996.997726,2107.477792,1996.997726,2107.477792,1996.997726,2107.477792,0.008259,75
2.785339,0,-5.000000,0.000000,4.000000,0.000000,0.000000,0.000000,0.000000,0.000000,0.000000,0.000000,-5.000000,-0.000000,3.992188,0.000000,0.000000,0.020587,1.000000,-0.000000,0.000000,0.000000,0.000000,0.000000,-0.000000,4497.823831,-0.000000,-0.000000,-0.000000,1997.013702,2107.494822,1997.013702,2107.494822,1997.013702,2107.494822,1997.013702,2107.494822,0.008259,75
2.790327,0,-5.000000,0.000000,4.000000,0.000000,0.000000,0.000000,0.000000,0.000000,0.000000,0.000000,-5.000000,-0.000000,3.992290,0.000000,0.000000,0.020423,1.000000,-0.000000,0.000000,0.000000,0.000000,0.000000,0.000000,4497.900290,0.000000,-0.000000,0.000000,1997.030147,2107.512353,1997.030147,2107.512353,1997.030147,2107.512353,1997.030147,2107.512353,0.008259,75
2.795322,0,-5.000000,0.000000,4.000000,0.000000,0.000000,0.000000,0.000000,0.000000,0.000000,0.000000,-5.000000,-0.000000,3.992392,0.000000,0.000000,0.020261,1.000000,-0.000000,0.000000,0.000000,0.000000,0.000000,0.000000,4497.974892,-0.000000,-0.000000,-0.000000,1997.046193,2107.529457,1997.046193,2107.529457,1997.046193,2107.529457,1997.046193,2107.529457,0.008260,75
2.800316,0,-5.000000,0.000000,4.000000,0.000000,0.000000,0.000000,0.000000,0.000000,0.000000,0.000000,-5.000000,-0.000000,3.992492,0.000000,0.000000,0.020099,1.000000,-0.000000,0.000000,0.000000,0.000000,0.000000,0.000000,4498.049552,-0.000000,-0.000000,-0.000000,1997.062250,2107.546574,1997.062250,2107.546574,1997.062250,2107.546574,1997.062250,2107.546574,0.008260,75
2.805340,0,-5.000000,0.000000,4.000000,0.000000,0.000000,0.000000,0.000000,0.000000,0.000000,0.000000,-5.000000,-0.000000,3.992592,0.000000,0.000000,0.019937,1.000000,-0.000000,0.000000,0.000000,0.000000,0.000000,-0.000000,4498.124141,-0.000000,-0.000000,-0.000000,1997.078293,2107.563676,1997.078293,2107.563676,1997.078293,2107.563676,1997.078293,2107.563676,0.008260,75
2.810332,0,-5.000000,0.000000,4.000000,0.000000,0.000000,0.000000,0.000000,0.000000,0.000000,0.000000,-5.000000,-0.000000,3.992691,0.000000,0.000000,0.019776,1.000000,-0.000000,0.000000,0.000000,0.000000,0.000000,0.000000,4498.199133,-0.000000,-0.000000,0.000000,1997.094422,2107.580869,1997.094422,2107.580869,1997.094422,2107.580869,1997.094422,2107.580869,0.008261,75
2.815334,0,-5.000000,0.000000,4.000000,0.000000,0.000000,0.000000,0.000000,0.000000,0.000000,0.000000,-5.000000,-0.000000,3.992789,0.000000,0.000000,0.019617,1.000000,-0.000000,0.000000,0.000000,0.000000,0.000000,-0.000000,4498.273569,-0.000000,-0.000000,-0.000000,1997.110431,2107.597935,1997.110431,2107.597935,1997.110431,2107.597935,1997.110431,2107.597935,0.008261,75
2.820333,0,-5.000000,0.000000,4.000000,0.000000,0.000000,0.000000,0.000000,0.000000,0.000000,0.000000,-5.000000,-0.000000,3.992886,0.000000,0.000000,0.019458,1.000000,-0.000000,0.000000,0.000000,0.000000,0.000000,-0.000000,4498.348100,-0.000000,-0.000000,0.000000,1997.126461,2107.615023,1997.126461,2107.615023,1997.126461,2107.615023,1997.126461,2107.615023,0.008262,75
2.825331,0,-5.000000,0.000000,4.000000,0.000000,0.000000,0.000000,0.000000,0.000000,0.000000,0.000000,-5.000000,-0.000000,3.992983,0.000000,0.000000,0.019300,1.000000,-0.000000,0.000000,0.000000,0.000000,0.000000,-0.000000,4498.422510,-0.000000,-0.000000,0.000000,1997.142464,2107.632083,1997.142464,2107.632083,1997.142464,2107.632083,1997.142464,2107.632083,0.008262,75
2.830260,0,-5.000000,0.000000,4.000000,0.000000,0.000000,0.000000,0.000000,0.000000,0.000000,0.000000,-5.000000,-0.000000,3.993077,0.000000,0.000000,0.019145,1.000000,-0.000000,0.000000,0.000000,0.000000,0.000000,-0.000000,4498.496847,-0.000000,-0.000000,0.000000,1997.158451,2107.649126,1997.158451,2107.649126,1997.158451,2107.649126,1997.158451,2107.649126,0.008262,75
2.835275,0,-5.000000,0.000000,4.000000,0.000000,0.000000,0.000000,0.000000,0.000000,0.000000,0.000000,-5.000000,-0.000000,3.993172,0.000000,0.000000,0.018988,1.000000,-0.000000,0.000000,0.000000,0.000000,0.000000,-0.000000,4498.570069,-0.000000,-0.000000,0.000000,1997.174199,2107.665913,1997.174199,2107.665913,1997.174199,2107.665913,1997.174199,2107.665913,0.008263,75
2.840225,0,-5.000000,0.000000,4.000000,0.000000,0.000000,0.000000,0.000000,0.000000,0.000000,0.000000,-5.000000,-0.000000,3.993265,0.000000,0.000000,0.018834,1.000000,-0.000000,0.000000,0.000000,0.000000,0.000000,-0.000000,4498.644500,-0.000000,-0.000000,0.000000,1997.190206,2107.682978,1997.190206,2107.682978,1997.190206,2107.682978,1997.190206,2107.682978,0.008263,75
2.845317,0,-5.000000,0.000000,4.000000,0.000000,0.000000,0.000000,0.000000,0.000000,0.000000,0.000000,-5.000000,-0.000000,3.993361,0.000000,0.000000,0.018676,1.000000,-0.000000,0.000000,0.000000,0.000000,0.000000,-0.000000,4498.717880,0.000000,-0.000000,0.000000,1997.205988,2107.699801,1997.205988,2107.699801,1997.205988,2107.699801,1997.205988,2107.699801,0.008263,75
2.850235,0,-5.000000,0.000000,4.000000,0.000000,0.000000,0.000000,0.000000,0.000000,0.000000,0.000000,-5.000000,-0.000000,3.993452,0.000000,0.000000,0.018525,1.000000,-0.000000,0.000000,0.000000,0.000000,0.000000,-0.000000,4498.793283,0.000000,-0.000000,0.000000,1997.222204,2107.717089,1997.222204,2107.717089,1997.222204,2107.717089,1997.222204,2107.717089,0.008264,75
2.855273,0,-5.000000,0.000000,4.000000,0.000000,0.000000,0.000000,0.000000,0.000000,0.000000,0.000000,-5.000000,-0.000000,3.993544,0.000000,0.000000,0.018371,1.000000,-0.000000,0.000000,0.000000,0.000000,0.000000,-0.000000,4498.866015,0.000000,-0.000000,0.000000,1997.237845,2107.733763,1997.237845,2107.733763,1997.237845,2107.733763,1997.237845,2107.733763,0.008264,75
2.860344,0,-5.000000,0.000000,4.000000,0.000000,0.000000,0.000000,0.000000,0.000000,0.000000,0.000000,-5.000000,-0.000000,3.993637,0.000000,0.000000,0.018216,1.000000,-0.000000,0.000000,0.000000,0.000000,0.000000,-0.000000,4498.940426,0.000000,-0.000000,0.000000,1997.253848,2107.750823,1997.253848,2107.750823,1997.253848,2107.750823,1997.253848,2107.750823,0.008265,75
2.865361,0,-5.000000,0.000000,4.000000,0.000000,0.000000,0.000000,0.000000,0.000000,0.000000,0.000000,-5.000000,-0.000000,3.993727,0.000000,0.000000,0.018064,1.000000,-0.000000,0.000000,0.000000,0.000000,-0.000000,-0.000000,4499.015229,0.000000,-0.000000,0.000000,1997.269934,2107.767973,1997.269934,2107.767973,1997.269934,2107.767973,1997.269934,2107.767973,0.008265,75
2.870355,0,-5.000000,0.000000,4.000000,0.000000,0.000000,0.000000,0.000000,0.000000,0.000000,0.000000,-5.000000,-0.000000,3.993817,0.000000,0.000000,0.017913,1.000000,-0.000000,0.000000,0.000000,0.000000,-0.000000,-0.000000,4499.089143,0.000000,-0.000000,0.000000,1997.285830,2107.784918,1997.285830,2107.784918,1997.285830,2107.784918,1997.285830,2107.784918,0.008265,75
2.875335,0,-5.000000,0.000000,4.000000,0.000000,0.000000,0.000000,0.000000,0.000000,0.000000,0.000000,-5.000000,-0.000000,3.993905,0.000000,0.000000,0.017764,1.000000,-0.000000,0.000000,0.000000,0.000000,-0.000000,-0.000000,4499.162605,0.000000,-0.000000,0.000000,1997.301628,2107.801760,1997.301628,2107.801760,1997.301628,2107.801760,1997.301628,2107.801760,0.008266,75
2.880360,0,-5.000000,0.000000,4.000000,0.000000,0.000000,0.000000,0.000000,0.000000,0.000000,0.000000,-5.000000,-0.000000,3.993994,0.000000,0.000000,0.017614,1.000000,-0.000000,0.000000,0.000000,0.000000,-0.000000,-0.000000,4499.235752,0.000000,-0.000000,0.000000,1997.317358,2107.818530,1997.317358,2107.818530,1997.317358,2107.818530,1997.317358,2107.818530,0.008266,75
2.885340,0,-5.000000,0.000000,4.000000,0.000000,0.000000,0.000000,0.000000,0.000000,0.000000,0.000000,-5.000000,-0.000000,3.994081,0.000000,0.000000,0.017466,1.000000,0.000000,0.000000,0.000000,0.000000,-0.000000,-0.000000,4499.309452,0.000000,-0.000000,0.000000,1997.333206,2107.835426,1997.333206,2107.835426,1997.333206,2107.835426,1997.333206,2107.835426,0.008266,75
2.890339,0,-5.000000,0.000000,4.000000,0.000000,0.000000,0.000000,0.000000,0.000000,0.000000,0.000000,-5.000000,-0.000000,3.994167,0.000000,0.000000,0.017319,1.000000,0.000000,0.000000,0.000000,0.000000,-0.000000,-0.000000,4499.382395,0.000000,-0.000000,0.000000,1997.348893,2107.852149,1997.348893,2107.852149,1997.348893,2107.852149,1997.348893,2107.852149,0.008267,75
2.895335,0,-5.000000,0.000000,4.000000,0.000000,0.000000,0.000000,0.000000,0.000000,0.000000,0.000000,-5.000000,-0.000000,3.994253,0.000000,0.000000,0.017172,1.000000,0.000000,0.000000,0.000000,0.000000,-0.000000,-0.000000,4499.455484,0.000000,-0.000000,0.000000,1997.364610,2107.868906,1997.364610,2107.868906,1997.364610,2107.868906,1997.364610,2107.868906,0.008267,75
2.900344,0,-5.000000,0.000000,4.000000,0.000000,0.000000,0.000000,0.000000,0.000000,0.000000,0.000000,-5.000000,-0.000000,3.994338,0.000000,0.000000,0.017026,1.000000,0.000000,0.000000,0.000000,0.000000,-0.000000,-0.000000,4499.528420,0.000000,-0.000000,0.000000,1997.380294,2107.885627,1997.380294,2107.885627,1997.380294,2107.885627,1997.380294,2107.885627,0.008268,75
2.905332,0,-5.000000,0.000000,4.000000,0.000000,0.000000,0.000000,0.000000,0.000000,0.000000,0.000000,-5.000000,-0.000000,3.994423,0.000000,0.000000,0.016881,1.000000,0.000000,0.000000,0.000000,0.000000,-0.000000,-0.000000,4499.601425,0.000000,-0.000000,0.000000,1997.395993,2107.902363,1997.395993,2107.902363,1997.395993,2107.902363,1997.395993,2107.902363,0.008268,75
2.910228,0,-5.000000,0.000000,4.000000,0.000000,0.000000,0.000000,0.000000,0.000000,0.000000,0.000000,-5.000000,-0.000000,3.994504,0.000000,0.000000,0.016740,1.000000,0.000000,0.000000,-0.000000,0.000000,-0.000000,-0.000000,4499.673994,0.000000,-0.000000,0.000000,1997.411598,2107.919000,1997.411598,2107.919000,1997.411598,2107.919000,1997.411598,2107.919000,0.008268,75
2.915224,0,-5.000000,0.000000,4.000000,0.000000,0.000000,0.000000,0.000000,0.000000,0.000000,0.000000,-5.000000,-0.000000,3.994587,0.000000,0.000000,0.016596,1.000000,0.000000,0.000000,-0.000000,0.000000,-0.000000,-0.000000,4499.745095,0.000000,-0.000000,0.000000,1997.426886,2107.935300,1997.426886,2107.935300,1997.426886,2107.935300,1997.426886,2107.935300,0.008269,75
2.920329,0,-5.000000,0.000000,4.000000,0.000000,0.000000,0.000000,0.000000,0.000000,0.000000,0.000000,-5.000000,-0.000000,3.994671,0.000000,0.000000,0.016451,1.000000,0.000000,0.000000,-0.000000,0.000000,-0.000000,-0.000000,4499.817531,0.000000,-0.000000,0.000000,1997.442463,2107.951907,1997.442463,2107.951907,1997.442463,2107.951907,1997.442463,2107.951907,0.008269,75
2.925322,0,-5.000000,0.000000,4.000000,0.000000,0.000000,0.000000,0.000000,0.000000,0.000000,0.000000,-5.000000,-0.000000,3.994753,0.000000,0.000000,0.016309,1.000000,0.000000,0.000000,-0.000000,0.000000,-0.000000,-0.000000,4499.891412,0.000000,-0.000000,0.000000,1997.458349,2107.968844,1997.458349,2107.968844,1997.458349,2107.968844,1997.458349,2107.968844,0.008269,75
2.930335,0,-5.000000,0.000000,4.000000,0.000000,0.000000,0.000000,0.000000,0.000000,0.000000,0.000000,-5.000000,-0.000000,3.994834,0.000000,0.000000,0.016167,1.000000,0.000000,0.000000,-0.000000,0.000000,-0.000000,-0.000000,4499.963526,0.000000,-0.000000,0.000000,1997.473856,2107.985376,1997.473856,2107.985376,1997.473856,2107.985376,1997.473856,2107.985376,0.008270,75
2.935359,0,-5.000000,0.000000,4.000000,0.000000,0.000000,0.000000,0.000000,0.000000,0.000000,0.000000,-5.000000,-0.000000,3.994914,0.000000,0.000000,0.016026,1.000000,0.000000,0.000000,-0.000000,0.000000,-0.000000,-0.000000,4500.035792,0.000000,-0.000000,0.000000,1997.489395,2108.001944,1997.489395,2108.001944,1997.489395,2108.001944,1997.489395,2108.001944,0.008270,75
2.940351,0,-5.000000,0.000000,4.000000,0.000000,0.000000,0.000000,0.000000,0.000000,0.000000,0.000000,-5.000000,-0.000000,3.994994,0.000000,0.000000,0.015887,1.000000,0.000000,0.000000,-0.000000,0.000000,-0.000000,-0.000000,4500.108087,0.000000,-0.000000,0.000000,1997.504940,2108.018517,1997.504940,2108.018517,1997.504940,2108.018517,1997.504940,2108.018517,0.008270,75
2.945224,0,-5.000000,0.000000,4.000000,0.000000,0.000000,0.000000,0.000000,0.000000,0.000000,0.000000,-5.000000,-0.000000,3.995070,0.000000,0.000000,0.015752,1.000000,0.000000,0.000000,-0.000000,0.000000,-0.000000,-0.000000,4500.179761,0.000000,-0.000000,0.000000,1997.520351,2108.034948,1997.520351,2108.034948,1997.520351,2108.034948,1997.520351,2108.034948,0.008271,75
2.950219,0,-5.000000,0.000000,4.000000,0.000000,0.000000,0.000000,0.000000,0.000000,0.000000,0.000000,-5.000000,-0.000000,3.995148,0.000000,0.000000,0.015614,1.000000,0.000000,0.000000,-0.000000,0.000000,-0.000000,-0.000000,4500.249591,0.000000,-0.000000,0.000000,1997.535366,2108.050957,1997.535366,2108.050957,1997.535366,2108.050957,1997.535366,2108.050957,0.008271,75
2.955325,0,-5.000000,0.000000,4.000000,0.000000,0.000000,0.000000,0.000000,0.000000,0.000000,0.000000,-5.000000,-0.000000,3.995227,0.000000,0.000000,0.015474,1.000000,0.000000,0.000000,-0.000000,0.000000,-0.000000,-0.000000,4500.321025,0.000000,-0.000000,0.000000,1997.550726,2108.067333,1997.550726,2108.067333,1997.550726,2108.067333,1997.550726,2108.067333,0.008272,75
2.960319,1,-5.000000,-0.000000,3.995227,0.000000,0.000000,0.000000,0.000000,0.000000,0.000000,-0.000000,-5.000000,-0.000000,3.995304,0.000000,0.000000,0.015328,1.000000,0.000000,0.000000,-0.000000,0.000000,-0.000000,-0.000000,4495.367255,0.000000,-0.000000,0.000000,1996.485248,2106.931558,1996.485248,2106.931558,1996.485248,2106.931558,1996.485248,2106.931558,0.008247,75
2.965223,1,-5.000000,-0.000000,3.995227,0.000000,0.000000,0.000000,0.000000,0.000000,0.000000,-0.000000,-5.000000,-0.000000,3.995378,0.000000,0.000000,0.015179,1.000000,0.000000,0.000000,-0.000000,0.000000,-0.000000,-0.000000,4495.448531,0.000000,-0.000000,0.000000,1996.502735,2106.950194,1996.502735,2106.950194,1996.502735,2106.950194,1996.502735,2106.950194,0.008247,75
2.970322,1,-5.000000,-0.000000,3.995227,0.000000,0.000000,0.000000,0.000000,0.000000,0.000000,-0.000000,-5.000000,-0.000000,3.995455,0.000000,0.000000,0.015018,1.000000,0.000000,0.000000,-0.000000,0.000000,-0.000000,-0.000000,4495.536383,0.000000,-0.000000,0.000000,1996.521636,2106.970339,1996.521636,2106.970339,1996.521636,2106.970339,1996.521636,2106.970339,0.008247,75
2.975355,1,-5.000000,-0.000000,3.995227,0.000000,0.000000,0.000000,0.000000,0.000000,0.000000,-0.000000,-5.000000,-0.000000,3.995530,0.000000,0.000000,0.014855,1.000000,0.000000,0.000000,-0.000000,0.000000,-0.000000,-0.000000,4495.635006,0.000000,-0.000000,0.000000,1996.542854,2106.992953,1996.542854,2106.992953,1996.542854,2106.992953,1996.542854,2106.992953,0.008248,75
2.980267,1,-5.000000,-0.000000,3.995227,0.000000,0.000000,0.000000,0.000000,0.000000,0.000000,-0.000000,-5.000000,-0.000000,3.995602,0.000000,0.000000,0.014692,1.000000,0.000000,0.000000,-0.000000,0.000000,-0.000000,-0.000000,4495.738178,0.000000,-0.000000,0.000000,1996.565051,2107.016610,1996.565051,2107.016610,1996.565051,2107.016610,1996.565051,2107.016610,0.008248,75
2.985242,1,-5.000000,-0.000000,3.995227,0.000000,0.000000,0.000000,0.000000,0.000000,0.000000,-0.000000,-5.000000,-0.000000,3.995674,0.000000,0.000000,0.014524,1.000000,0.000000,0.000000,-0.000000,0.000000,-0.000000,-0.000000,4495.843449,0.000000,-0.000000,0.000000,1996.587699,2107.040748,1996.587699,2107.040748,1996.587699,2107.040748,1996.587699,2107.040748,0.008249,75
2.990320,1,-5.000000,-0.000000,3.995227,0.000000,0.000000,0.000000,0.000000,0.000000,0.000000,-0.000000,-5.000000,-0.000000,3.995747,0.000000,0.000000,0.014351,1.000000,0.000000,0.000000,-0.000000,0.000000,-0.000000,-0.000000,4495.953942,0.000000,-0.000000,0.000000,1996.611470,2107.066084,1996.611470,2107.066084,1996.611470,2107.066084,1996.611470,2107.066084,0.008250,75
2.995332,1,-5.000000,-0.000000,3.995227,0.000000,0.000000,0.000000,0.000000,0.000000,0.000000,-0.000000,-5.000000,-0.000000,3.995818,0.000000,0.000000,0.014179,1.000000,0.000000,0.000000,-0.000000,0.000000,-0.000000,-0.000000,4496.070030,0.000000,-0.000000,0.000000,1996.636445,2107.092703,1996.636445,2107.092703,1996.636445,2107.092703,1996.636445,2107.092703,0.008250,75
3.000354,1,-5.000000,-0.000000,3.995227,0.000000,0.000000,0.000000,0.000000,0.000000,0.000000,-0.000000,-5.000000,-0.000000,3.995888,0.000000,0.000000,0.014005,1.000000,0.000000,0.000000,-0.000000,0.000000,-0.000000,-0.000000,4496.187194,0.000000,-0.000000,0.000000,1996.661650,2107.119568,1996.661650,2107.119568,1996.661650,2107.119568,1996.661650,2107.119568,0.008251,75
3.005343,1,-5.000000,-0.000000,3.995227,0.000000,0.000000,0.000000,0.000000,0.000000,0.000000,-0.000000,-5.000000,-0.000000,3.995957,0.000000,0.000000,0.013832,1.000000,0.000000,0.000000,-0.000000,0.000000,-0.000000,-0.000000,4496.306699,0.000000,-0.000000,0.000000,1996.687359,2107.146969,1996.687359,2107.146969,1996.687359,2107.146969,1996.687359,2107.146969,0.008251,75
3.010228,1,-5.000000,-0.000000,3.995227,0.000000,0.000000,0.000000,0.000000,0.000000,0.000000,-0.000000,-5.000000,-0.000000,3.996024,0.000000,0.000000,0.013662,1.000000,0.000000,0.000000,-0.000000,0.000000,-0.000000,-0.000000,4496.427046,0.000000,-0.000000,0.000000,1996.713249,2107.174564,1996.713249,2107.174564,1996.713249,2107.174564,1996.713249,2107.174564,0.008252,75
3.015337,1,-5.000000,-0.000000,3.995227,0.000000,0.000000,0.000000,0.000000,0.000000,0.000000,-0.000000,-5.000000,-0.000000,3.996093,0.000000,0.000000,0.013484,1.000000,0.000000,0.000000,-0.000000,0.000000,-0.000000,-0.000000,4496.546093,0.000000,-0.000000,0.000000,1996.738858,2107.201860,1996.738858,2107.201860,1996.738858,2107.201860,1996.738858,2107.201860,0.008253,75
3.020328,1,-5.000000,-0.000000,3.995227,0.000000,0.000000,0.000000,0.000000,0.000000,0.000000,-0.000000,-5.000000,-0.000000,3.996160,0.000000,0.000000,0.013310,1.000000,0.000000,0.000000,-0.000000,0.000000,-0.000000,-0.000000,4496.671631,-0.000000,-0.000000,0.000000,1996.765864,2107.230644,1996.765864,2107.230644,1996.765864,2107.230644,1996.765864,2107.230644,0.008253,75
3.025327,1,-5.000000,-0.000000,3.995227,0.000000,0.000000,0.000000,0.000000,0.000000,0.000000,-0.000000,-5.000000,-0.000000,3.996225,0.000000,0.000000,0.013137,1.000000,0.000000,0.000000,-0.000000,0.000000,-0.000000,-0.000000,4496.794994,-0.000000,-0.000000,0.000000,1996.792401,2107.258930,1996.792401,2107.258930,1996.792401,2107.258930,1996.792401,2107.258930,0.008254,75
3.030331,1,-5.000000,-0.000000,3.995227,0.000000,0.000000,0.000000,0.000000,0.000000,0.000000,-0.000000,-5.000000,-0.000000,3.996290,0.000000,0.000000,0.012964,1.000000,0.000000,0.000000,-0.000000,0.000000,-0.000000,-0.000000,4496.919029,-0.000000,-0.000000,0.000000,1996.819082,2107.287369,1996.819082,2107.287369,1996.819082,2107.287369,1996.819082,2107.287369,0.008254,75
3.035340,1,-5.000000,-0.000000,3.995227,0.000000,0.000000,0.000000,0.000000,0.000000,0.000000,-0.000000,-5.000000,-0.000000,3.996354,0.000000,0.000000,0.012791,1.000000,0.000000,0.000000,-0.000000,0.000000,-0.000000,-0.000000,4497.043526,-0.000000,-0.000000,0.000000,1996.845862,2107.315915,1996.845862,2107.315915,1996.845862,2107.315915,1996.845862,2107.315915,0.008255,75
3.040346,1,-5.000000,-0.000000,3.995227,0.000000,0.000000,0.000000,0.000000,0.000000,0.000000,-0.000000,-5.000000,-0.000000,3.996417,0.000000,0.000000,0.012619,1.000000,0.000000,0.000000,-0.000000,0.000000,-0.000000,-0.000000,4497.168300,-0.000000,-0.000000,0.000000,1996.872702,2107.344523,1996.872702,2107.344523,1996.872702,2107.344523,1996.872702,2107.344523,0.008256,75
3.045354,1,-5.000000,-0.000000,3.995227,0.000000,0.000000,0.000000,0.000000,0.000000,0.000000,-0.000000,-5.000000,-0.000000,3.996480,0.000000,0.000000,0.012448,1.000000,0.000000,0.000000,-0.000000,0.000000,-0.000000,-0.000000,4497.293013,-0.000000,-0.000000,0.000000,1996.899527,2107.373118,1996.899527,2107.373118,1996.899527,2107.373118,1996.899527,2107.373118,0.008256,75
3.050245,1,-5.000000,-0.000000,3.995227,0.000000,0.000000,0.000000,0.000000,0.000000,0.000000,-0.000000,-5.000000,-0.000000,3.996540,0.000000,0.000000,0.012282,1.000000,0.000000,0.000000,-0.000000,0.000000,-0.000000,-0.000000,4497.417702,-0.000000,-0.000000,0.000000,1996.926348,2107.401706,1996.926348,2107.401706,1996.926348,2107.401706,1996.926348,2107.401706,0.008257,75
3.055255,1,-5.000000,-0.000000,3.995227,0.000000,0.000000,0.000000,0.000000,0.000000,0.000000,-0.000000,-5.000000,-0.000000,3.996600,0.000000,0.000000,0.012113,1.000000,0.000000,0.000000,-0.000000,0.000000,-0.000000,-0.000000,4497.539297,-0.000000,-0.000000,0.000000,1996.952502,2107.429585,1996.952502,2107.429585,1996.952502,2107.429585,1996.952502,2107.429585,0.008258,75
3.060333,1,-5.000000,-0.000000,3.995227,0.000000,0.000000,0.000000,0.000000,0.000000,0.000000,-0.000000,-5.000000,0.000000,3.996661,0.000000,0.000000,0.011943,1.000000,0.000000,0.000000,-0.000000,0.000000,-0.000000,-0.000000,4497.663620,-0.000000,-0.000000,0.000000,1996.979243,2107.458090,1996.979243,2107.458090,1996.979243,2107.458090,1996.979243,2107.458090,0.008258,75
3.065324,1,-5.000000,-0.000000,3.995227,0.000000,0.000000,0.000000,0.000000,0.000000,0.000000,-0.000000,-5.000000,0.000000,3.996720,0.000000,0.000000,0.011777,1.000000,0.000000,0.000000,-0.000000,0.000000,-0.000000,0.000000,4497.789295,-0.000000,-0.000000,0.000000,1997.006274,2107.486904,1997.006274,2107.486904,1997.006274,2107.486904,1997.006274,2107.486904,0.008259,75
3.070322,1,-5.000000,-0.000000,3.995227,0.000000,0.000000,0.000000,0.000000,0.000000,0.000000,-0.000000,-5.000000,0.000000,3.996778,0.000000,0.000000,0.011612,1.000000,0.000000,0.000000,-0.000000,0.000000,-0.000000,0.000000,4497.912422,-0.000000,-0.000000,0.000000,1997.032757,2107.515134,1997.032757,2107.515134,1997.032757,2107.515134,1997.032757,2107.515134,0.008259,75
3.075333,1,-5.000000,-0.000000,3.995227,0.000000,0.000000,0.000000,0.000000,0.000000,0.000000,-0.000000,-5.000000,0.000000,3.996835,0.000000,0.000000,0.011447,1.000000,0.000000,0.000000,-0.000000,0.000000,-0.000000,0.000000,4498.035334,-0.000000,-0.000000,0.000000,1997.059192,2107.543315,1997.059192,2107.543315,1997.059192,2107.543315,1997.059192,2107.543315,0.008260,75
3.080331,1,-5.000000,-0.000000,3.995227,0.000000,0.000000,0.000000,0.000000,0.000000,0.000000,-0.000000,-5.000000,0.000000,3.996892,0.000000,0.000000,0.011284,1.000000,0.000000,0.000000,-0.000000,0.000000,-0.000000,0.000000,4498.158076,-0.000000,-0.000000,-0.000000,1997.085591,2107.571456,1997.085591,2107.571456,1997.085591,2107.571456,1997.085591,2107.571456,0.008261,75
3.085257,1,-5.000000,-0.000000,3.995227,0.000000,0.000000,0.000000,0.000000,0.000000,0.000000,-0.000000,-5.000000,0.000000,3.996946,0.000000,0.000000,0.011125,1.000000,0.000000,0.000000,-0.000000,0.000000,-0.000000,0.000000,4498.280034,-0.000000,-0.000000,-0.000000,1997.111822,2107.599417,1997.111822,2107.599417,1997.111822,2107.599417,1997.111822,2107.599417,0.008261,75
3.090251,1,-5.000000,-0.000000,3.995227,0.000000,0.000000,0.000000,0.000000,0.000000,0.000000,-0.000000,-5.000000,0.000000,3.997001,0.000000,0.000000,0.010965,1.000000,0.000000,0.000000,-0.000000,0.000000,-0.000000,0.000000,4498.399720,-0.000000,-0.000000,0.000000,1997.137562,2107.626858,1997.137562,2107.626858,1997.137562,2107.626858,1997.137562,2107.626858,0.008262,75
3.095265,1,-5.000000,-0.000000,3.995227,0.000000,0.000000,0.000000,0.000000,0.000000,0.000000,-0.000000,-5.000000,0.000000,3.997055,0.000000,0.000000,0.010805,1.000000,0.000000,0.000000,-0.000000,0.000000,-0.000000,0.000000,4498.520509,-0.000000,-0.000000,-0.000000,1997.163540,2107.654551,1997.163540,2107.654551,1997.163540,2107.654551,1997.163540,2107.654551,0.008262,75
3.100336,1,-5.000000,-0.000000,3.995227,0.000000,0.000000,0.000000,0.000000,0.000000,0.000000,-0.000000,-5.000000,0.000000,3.997109,0.000000,0.000000,0.010645,1.000000,0.000000,0.000000,-0.000000,0.000000,-0.000000,0.000000,4498.641220,-0.000000,-0.000000,-0.000000,1997.189501,2107.682226,1997.189501,2107.682226,1997.189501,2107.682226,1997.189501,2107.682226,0.008263,75
3.105259,1,-5.000000,-0.000000,3.995227,0.000000,0.000000,0.000000,0.000000,0.000000,0.000000,-0.000000,-5.000000,0.000000,3.997161,0.000000,0.000000,0.010491,1.000000,0.000000,0.000000,-0.000000,0.000000,-0.000000,0.000000,4498.762708,-0.000000,-0.000000,-0.000000,1997.215628,2107.710079,1997.215628,2107.710079,1997.215628,2107.710079,1997.215628,2107.710079,0.008264,75
3.110225,1,-5.000000,-0.000000,3.995227,0.000000,0.000000,0.000000,0.000000,0.000000,0.000000,-0.000000,-5.000000,0.000000,3.997212,0.000000,0.000000,0.010336,1.000000,0.000000,0.000000,-0.000000,0.000000,-0.000000,0.000000,4498.880066,-0.000000,-0.000000,-0.000000,1997.240867,2107.736985,1997.240867,2107.736985,1997.240867,2107.736985,1997.240867,2107.736985,0.008264,75
3.115250,1,-5.000000,-0.000000,3.995227,0.000000,0.000000,0.000000,0.000000,0.000000,0.000000,-0.000000,-5.000000,0.000000,3.997263,0.000000,0.000000,0.010182,1.000000,0.000000,0.000000,-0.000000,0.000000,-0.000000,0.000000,4498.997877,-0.000000,-0.000000,-0.000000,1997.266203,2107.763995,1997.266203,2107.763995,1997.266203,2107.763995,1997.266203,2107.763995,0.008265,75
3.120345,1,-5.000000,-0.000000,3.995227,0.000000,0.000000,0.000000,0.000000,0.000000,0.000000,-0.000000,-5.000000,0.000000,3.997315,0.000000,0.000000,0.010026,1.000000,0.000000,0.000000,-0.000000,0.000000,-0.000000,0.000000,4499.116450,-0.000000,-0.000000,-0.000000,1997.291702,2107.791179,1997.291702,2107.791179,1997.291702,2107.791179,1997.291702,2107.791179,0.008265,75
3.125338,1,-5.000000,-0.000000,3.995227,0.000000,0.000000,0.000000,0.000000,0.000000,0.000000,-0.000000,-5.000000,0.000000,3.997364,0.000000,0.000000,0.009875,1.000000,0.000000,0.000000,-0.000000,0.000000,-0.000000,-0.000000,4499.236032,-0.000000,-0.000000,-0.000000,1997.317418,2107.818594,1997.317418,2107.818594,1997.317418,2107.818594,1997.317418,2107.818594,0.008266,75
3.130349,1,-5.000000,-0.000000,3.995227,0.000000,0.000000,0.000000,0.000000,0.000000,0.000000,-0.000000,-5.000000,0.000000,3.997413,0.000000,0.000000,0.009724,1.000000,0.000000,0.000000,-0.000000,0.000000,-0.000000,-0.000000,4499.352593,-0.000000,-0.000000,0.000000,1997.342484,2107.845317,1997.342484,2107.845317,1997.342484,2107.845317,1997.342484,2107.845317,0.008267,75
3.135347,1,-5.000000,-0.000000,3.995227,0.000000,0.000000,0.000000,0.000000,0.000000,0.000000,-0.000000,-5.000000,0.000000,3.997460,0.000000,0.000000,0.009575,1.000000,0.000000,0.000000,-0.000000,0.000000,-0.000000,0.000000,4499.468964,-0.000000,-0.000000,0.000000,1997.367508,2107.871996,1997.367508,2107.871996,1997.367508,2107.871996,1997.367508,2107.871996,0.008267,75
3.140236,1,-5.000000,-0.000000,3.995227,0.000000,0.000000,0.000000,0.000000,0.000000,0.000000,-0.000000,-5.000000,0.000000,3.997507,0.000000,0.000000,0.009431,1.000000,0.000000,0.000000,-0.000000,0.000000,-0.000000,0.000000,4499.584370,-0.000000,-0.000000,-0.000000,1997.392325,2107.898453,1997.392325,2107.898453,1997.392325,2107.898453,1997.392325,2107.898453,0.008268,75
3.145236,1,-5.000000,-0.000000,3.995227,0.000000,0.000000,0.000000,0.000000,0.000000,0.000000,-0.000000,-5.000000,0.000000,3.997553,0.000000,0.000000,0.009284,1.000000,0.000000,0.000000,-0.000000,0.000000,-0.000000,0.000000,4499.696670,-0.000000,-0.000000,-0.000000,1997.416474,2107.924199,1997.416474,2107.924199,1997.416474,2107.924199,1997.416474,2107.924199,0.008268,75
3.150277,1,-5.000000,-0.000000,3.995227,0.000000,0.000000,0.000000,0.000000,0.000000,0.000000,-0.000000,-5.000000,0.000000,3.997599,0.000000,0.000000,0.009138,1.000000,0.000000,0.000000,-0.000000,0.000000,-0.000000,0.000000,4499.810866,-0.000000,-0.000000,-0.000000,1997.441029,2107.950379,1997.441029,2107.950379,1997.441029,2107.950379,1997.441029,2107.950379,0.008269,75
3.155274,1,-5.000000,-0.000000,3.995227,0.000000,0.000000,0.000000,0.000000,0.000000,0.000000,-0.000000,-5.000000,0.000000,3.997644,0.000000,0.000000,0.008994,1.000000,0.000000,0.000000,-0.000000,0.000000,-0.000000,0.000000,4499.925359,-0.000000,-0.000000,-0.000000,1997.465649,2107.976626,1997.465649,2107.976626,1997.465649,2107.976626,1997.465649,2107.976626,0.008270,75
3.160347,1,-5.000000,-0.000000,3.995227,0.000000,0.000000,0.000000,0.000000,0.000000,0.000000,-0.000000,-5.000000,0.000000,3.997689,0.000000,0.000000,0.008849,1.000000,0.000000,0.000000,-0.000000,0.000000,-0.000000,-0.000000,4500.038210,-0.000000,-0.000000,-0.000000,1997.489915,2108.002498,1997.489915,2108.002498,1997.489915,2108.002498,1997.489915,2108.002498,0.008270,75
3.165235,1,-5.000000,-0.000000,3.995227,0.000000,0.000000,0.000000,0.000000,0.000000,0.000000,-0.000000,-5.000000,0.000000,3.997731,0.000000,0.000000,0.008711,1.000000,0.000000,0.000000,-0.000000,0.000000,-0.000000,0.000000,4500.152088,-0.000000,-0.000000,0.000000,1997.514401,2108.028604,1997.514401,2108.028604,1997.514401,2108.028604,1997.514401,2108.028604,0.008271,75
3.170265,1,-5.000000,-0.000000,3.995227,0.000000,0.000000,0.000000,0.000000,0.000000,0.000000,-0.000000,-5.000000,0.000000,3.997775,0.000000,0.000000,0.008570,1.000000,0.000000,0.000000,-0.000000,0.000000,-0.000000,-0.000000,4500.261217,-0.000000,-0.000000,-0.000000,1997.537866,2108.053622,1997.537866,2108.053622,1997.537866,2108.053622,1997.537866,2108.053622,0.008271,75
3.175231,1,-5.000000,-0.000000,3.995227,0.000000,0.000000,0.000000,0.000000,0.000000,0.000000,-0.000000,-5.000000,0.000000,3.997816,0.000000,0.000000,0.008432,1.000000,0.000000,0.000000,-0.000000,0.000000,-0.000000,-0.000000,4500.372875,-0.000000,-0.000000,0.000000,1997.561874,2108.079219,1997.561874,2108.079219,1997.561874,2108.079219,1997.561874,2108.079219,0.008272,75
3.180274,1,-5.000000,-0.000000,3.995227,0.000000,0.000000,0.000000,0.000000,0.000000,0.000000,-0.000000,-5.000000,0.000000,3.997858,0.000000,0.000000,0.008293,1.000000,0.000000,0.000000,-0.000000,0.000000,-0.000000,0.000000,4500.482446,-0.000000,-0.000000,0.000000,1997.585434,2108.104338,1997.585434,2108.104338,1997.585434,2108.104338,1997.585434,2108.104338,0.008272,75
3.185341,1,-5.000000,-0.000000,3.995227,0.000000,0.000000,0.000000,0.000000,0.000000,0.000000,-0.000000,-5.000000,0.000000,3.997900,0.000000,0.000000,0.008155,1.000000,0.000000,-0.000000,-0.000000,0.000000,-0.000000,0.000000,4500.593091,-0.000000,-0.000000,-0.000000,1997.609224,2108.129703,1997.609224,2108.129703,1997.609224,2108.129703,1997.609224,2108.129703,0.008273,75
3.190262,1,-5.000000,-0.000000,3.995227,0.000000,0.000000,0.000000,0.000000,0.000000,0.000000,-0.000000,-5.000000,0.000000,3.997939,0.000000,0.000000,0.008022,1.000000,0.000000,-0.000000,-0.000000,0.000000,-0.000000,-0.000000,4500.703570,-0.000000,-0.000000,-0.000000,1997.632977,2108.155030,1997.632977,2108.155030,1997.632977,2108.155030,1997.632977,2108.155030,0.008273,75
3.195226,1,-5.000000,-0.000000,3.995227,0.000000,0.000000,0.000000,0.000000,0.000000,0.000000,-0.000000,-5.000000,0.000000,3.997978,0.000000,0.000000,0.007889,1.000000,0.000000,-0.000000,-0.000000,0.000000,-0.000000,0.000000,4500.810266,-0.000000,-0.000000,0.000000,1997.655918,2108.179489,1997.655918,2108.179489,1997.655918,2108.179489,1997.655918,2108.179489,0.008274,75
3.200330,1,-5.000000,-0.000000,3.995227,0.000000,0.000000,0.000000,0.000000,0.000000,0.000000,-0.000000,-5.000000,0.000000,3.998018,0.000000,0.000000,0.007753,1.000000,0.000000,-0.000000,-0.000000,0.000000,-0.000000,0.000000,4500.917256,-0.000000,-0.000000,-0.000000,1997.678921,2108.204016,1997.678921,2108.204016,1997.678921,2108.204016,1997.678921,2108.204016,0.008275,75
3.205352,1,-5.000000,-0.000000,3.995227,0.000000,0.000000,0.000000,0.000000,0.000000,0.000000,-0.000000,-5.000000,0.000000,3.998056,0.000000,0.000000,0.007621,1.000000,0.000000,-0.000000,-0.000000,0.000000,-0.000000,0.000000,4501.026596,-0.000000,-0.000000,-0.000000,1997.702429,2108.229081,1997.702429,2108.229081,1997.702429,2108.229081,1997.702429,2108.229081,0.008275,75
3.210230,1,-5.000000,-0.000000,3.995227,0.000000,0.000000,0.000000,0.000000,0.000000,0.000000,-0.000000,-5.000000,0.000000,3.998093,0.000000,0.000000,0.007494,1.000000,0.000000,-0.000000,-0.000000,0.000000,-0.000000,0.000000,4501.133510,-0.000000,-0.000000,-0.000000,1997.725415,2108.253590,1997.725415,2108.253590,1997.725415,2108.253590,1997.725415,2108.253590,0.008276,75
3.215327,1,-5.000000,-0.000000,3.995227,0.000000,0.000000,0.000000,0.000000,0.000000,0.000000,-0.000000,-5.000000,0.000000,3.998130,0.000000,0.000000,0.007362,1.000000,0.000000,-0.000000,-0.000000,0.000000,-0.000000,0.000000,4501.236782,-0.000000,-0.000000,-0.000000,1997.747618,2108.277264,1997.747618,2108.277264,1997.747618,2108.277264,1997.747618,2108.277264,0.008276,75
3.220324,1,-5.000000,-0.000000,3.995227,0.000000,0.000000,0.000000,0.000000,0.000000,0.000000,-0.000000,-5.000000,0.000000,3.998166,0.000000,0.000000,0.007234,1.000000,0.000000,-0.000000,-0.000000,0.000000,-0.000000,0.000000,4501.344015,-0.000000,-0.000000,-0.000000,1997.770672,2108.301846,1997.770672,2108.301846,1997.770672,2108.301846,1997.770672,2108.301846,0.008277,75
3.225219,1,-5.000000,-0.000000,3.995227,0.000000,0.000000,0.000000,0.000000,0.000000,0.000000,-0.000000,-5.000000,0.000000,3.998201,0.000000,0.000000,0.007110,1.000000,0.000000,-0.000000,-0.000000,0.000000,-0.000000,0.000000,4501.448490,-0.000000,-0.000000,-0.000000,1997.793133,2108.325795,1997.793133,2108.325795,1997.793133,2108.325795,1997.793133,2108.325795,0.008277,75
3.230219,1,-5.000000,-0.000000,3.995227,0.000000,0.000000,0.000000,0.000000,0.000000,0.000000,-0.000000,-5.000000,0.000000,3.998236,0.000000,0.000000,0.006984,1.000000,0.000000,-0.000000,-0.000000,0.000000,-0.000000,-0.000000,4501.550244,-0.000000,-0.000000,-0.000000,1997.815008,2108.349121,1997.815008,2108.349121,1997.815008,2108.349121,1997.815008,2108.349121,0.008278,75
3.235264,1,-5.000000,-0.000000,3.995227,0.000000,0.000000,0.000000,0.000000,0.000000,0.000000,-0.000000,-5.000000,0.000000,3.998271,0.000000,0.000000,0.006858,1.000000,0.000000,-0.000000,-0.000000,0.000000,-0.000000,0.000000,4501.653537,-0.000000,-0.000000,0.000000,1997.837215,2108.372799,1997.837215,2108.372799,1997.837215,2108.372799,1997.837215,2108.372799,0.008278,75
3.240323,1,-5.000000,-0.000000,3.995227,0.000000,0.000000,0.000000,0.000000,0.000000,0.000000,-0.000000,-5.000000,0.000000,3.998305,0.000000,0.000000,0.006733,1.000000,0.000000,-0.000000,-0.000000,0.000000,-0.000000,0.000000,4501.757118,-0.000000,-0.000000,-0.000000,1997.859482,2108.396543,1997.859482,2108.396543,1997.859482,2108.396543,1997.859482,2108.396543,0.008279,75
3.245219,1,-5.000000,-0.000000,3.995227,0.000000,0.000000,0.000000,0.000000,0.000000,0.000000,-0.000000,-5.000000,0.000000,3.998337,0.000000,0.000000,0.006613,1.000000,0.000000,-0.000000,-0.000000,0.000000,-0.000000,0.000000,4501.860346,-0.000000,-0.000000,-0.000000,1997.881674,2108.420206,1997.881674,2108.420206,1997.881674,2108.420206,1997.881674,2108.420206,0.008279,75
3.250252,1,-5.000000,-0.000000,3.995227,0.000000,0.000000,0.000000,0.000000,0.000000,0.000000,-0.000000,-5.000000,0.000000,3.998370,0.000000,0.000000,0.006491,1.000000,0.000000,-0.000000,-0.000000,0.000000,-0.000000,0.000000,4501.959652,-0.000000,-0.000000,-0.000000,1997.903022,2108.442970,1997.903022,2108.442970,1997.903022,2108.442970,1997.903022,2108.442970,0.008280,75
3.255346,1,-5.000000,-0.000000,3.995227,0.000000,0.000000,0.000000,0.000000,0.000000,0.000000,-0.000000,-5.000000,0.000000,3.998402,0.000000,0.000000,0.006369,1.000000,0.000000,-0.000000,-0.000000,0.000000,-0.000000,0.000000,4502.061090,-0.000000,-0.000000,-0.000000,1997.924828,2108.466223,1997.924828,2108.466223,1997.924828,2108.466223,1997.924828,2108.466223,0.008280,75
3.260340,1,-5.000000,-0.000000,3.995227,0.000000,0.000000,0.000000,0.000000,0.000000,0.000000,-0.000000,-5.000000,0.000000,3.998433,0.000000,0.000000,0.006250,1.000000,0.000000,-0.000000,-0.000000,0.000000,-0.000000,0.000000,4502.163100,-0.000000,-0.000000,-0.000000,1997.946757,2108.489606,1997.946757,2108.489606,1997.946757,2108.489606,1997.946757,2108.489606,0.008281,75
3.265325,1,-5.000000,-0.000000,3.995227,0.000000,0.000000,0.000000,0.000000,0.000000,0.000000,-0.000000,-5.000000,0.000000,3.998464,0.000000,0.000000,0.006133,1.000000,0.000000,-0.000000,-0.000000,0.000000,-0.000000,0.000000,4502.262489,-0.000000,-0.000000,-0.000000,1997.968123,2108.512389,1997.968123,2108.512389,1997.968123,2108.512389,1997.968123,2108.512389,0.008281,75
3.270326,1,-5.000000,-0.000000,3.995227,0.000000,0.000000,0.000000,0.000000,0.000000,0.000000,-0.000000,-5.000000,0.000000,3.998494,0.000000,0.000000,0.006016,1.000000,0.000000,-0.000000,-0.000000,0.000000,-0.000000,0.000000,4502.361094,-0.000000,-0.000000,-0.000000,1997.989319,2108.534992,1997.989319,2108.534992,1997.989319,2108.534992,1997.989319,2108.534992,0.008282,75
3.275323,1,-5.000000,-0.000000,3.995227,0.000000,0.000000,0.000000,0.000000,0.000000,0.000000,-0.000000,-5.000000,0.000000,3.998524,0.000000,0.000000,0.005901,1.000000,0.000000,-0.000000,-0.000000,0.000000,-0.000000,0.000000,4502.459383,-0.000000,-0.000000,-0.000000,1998.010447,2108.557522,1998.010447,2108.557522,1998.010447,2108.557522,1998.010447,2108.557522,0.008282,75
3.280258,1,-5.000000,-0.000000,3.995227,0.000000,0.000000,0.000000,0.000000,0.000000,0.000000,-0.000000,-5.000000,0.000000,3.998552,0.000000,0.000000,0.005788,1.000000,0.000000,-0.000000,-0.000000,0.000000,-0.000000,-0.000000,4502.556985,-0.000000,-0.000000,-0.000000,1998.031427,2108.579894,1998.031427,2108.579894,1998.031427,2108.579894,1998.031427,2108.579894,0.008283,75
3.285240,1,-5.000000,-0.000000,3.995227,0.000000,0.000000,0.000000,0.000000,0.000000,0.000000,-0.000000,-5.000000,0.000000,3.998580,0.000000,0.000000,0.005675,1.000000,0.000000,-0.000000,-0.000000,0.000000,-0.000000,-0.000000,4502.652756,-0.000000,0.000000,0.000000,1998.052014,2108.601847,1998.052014,2108.601847,1998.052014,2108.601847,1998.052014,2108.601847,0.008283,75
3.290333,1,-5.000000,-0.000000,3.995227,0.000000,0.000000,0.000000,0.000000,0.000000,0.000000,-0.000000,-5.000000,0.000000,3.998609,0.000000,0.000000,0.005560,1.000000,0.000000,-0.000000,-0.000000,0.000000,-0.000000,-0.000000,4502.748837,-0.000000,0.000000,0.000000,1998.072667,2108.623871,1998.072667,2108.623871,1998.072667,2108.623871,1998.072667,2108.623871,0.008284,75
3.295319,1,-5.000000,-0.000000,3.995227,0.000000,0.000000,0.000000,0.000000,0.000000,0.000000,-0.000000,-5.000000,0.000000,3.998636,0.000000,0.000000,0.005449,1.000000,0.000000,-0.000000,-0.000000,0.000000,-0.000000,-0.000000,4502.846435,-0.000000,0.000000,0.000000,1998.093645,2108.646243,1998.093645,2108.646243,1998.093645,2108.646243,1998.093645,2108.646243,0.008284,75
3.300326,1,-5.000000,-0.000000,3.995227,0.000000,0.000000,0.000000,0.000000,0.000000,0.000000,-0.000000,-5.000000,0.000000,3.998663,0.000000,0.000000,0.005339,1.000000,0.000000,-0.000000,-0.000000,0.000000,-0.000000,-0.000000,4502.941354,-0.000000,0.000000,0.000000,1998.114048,2108.668000,1998.114048,2108.668000,1998.114048,2108.668000,1998.114048,2108.668000,0.008285,75
3.305348,1,-5.000000,-0.000000,3.995227,0.000000,0.000000,0.000000,0.000000,0.000000,0.000000,-0.000000,-5.000000,0.000000,3.998689,0.000000,0.000000,0.005229,1.000000,0.000000,-0.000000,-0.000000,0.000000,-0.000000,0.000000,4503.036068,-0.000000,0.000000,0.000000,1998.134406,2108.689710,1998.134406,2108.689710,1998.134406,2108.689710,1998.134406,2108.689710,0.008285,75
3.310350,1,-5.000000,-0.000000,3.995227,0.000000,0.000000,0.000000,0.000000,0.000000,0.000000,-0.000000,-5.000000,0.000000,3.998714,0.000000,0.000000,0.005121,1.000000,0.000000,-0.000000,-0.000000,0.000000,-0.000000,0.000000,4503.130461,-0.000000,0.000000,-0.000000,1998.154695,2108.711347,1998.154695,2108.711347,1998.154695,2108.711347,1998.154695,2108.711347,0.008286,75
3.315322,1,-5.000000,-0.000000,3.995227,0.000000,0.000000,0.000000,0.000000,0.000000,0.000000,-0.000000,-5.000000,0.000000,3.998739,0.000000,0.000000,0.005015,1.000000,0.000000,-0.000000,-0.000000,0.000000,-0.000000,0.000000,4503.223868,-0.000000,0.000000,-0.000000,1998.174772,2108.732757,1998.174772,2108.732757,1998.174772,2108.732757,1998.174772,2108.732757,0.008286,75
3.320331,1,-5.000000,-0.000000,3.995227,0.000000,0.000000,0.000000,0.000000,0.000000,0.000000,-0.000000,-5.000000,0.000000,3.998764,0.000000,0.000000,0.004909,1.000000,0.000000,-0.000000,-0.000000,0.000000,-0.000000,0.000000,4503.316102,-0.000000,0.000000,-0.000000,1998.194597,2108.753899,1998.194597,2108.753899,1998.194597,2108.753899,1998.194597,2108.753899,0.008287,75
3.325401,1,-5.000000,-0.000000,3.995227,0.000000,0.000000,0.000000,0.000000,0.000000,0.000000,-0.000000,-5.000000,0.000000,3.998788,0.000000,0.000000,0.004802,1.000000,0.000000,-0.000000,-0.000000,-0.000000,-0.000000,0.000000,4503.408436,-0.000000,0.000000,-0.000000,1998.214442,2108.775063,1998.214442,2108.775063,1998.214442,2108.775063,1998.214442,2108.775063,0.008287,75
3.330235,1,-5.000000,-0.000000,3.995227,0.000000,0.000000,0.000000,0.000000,0.000000,0.000000,-0.000000,-5.000000,0.000000,3.998811,0.000000,0.000000,0.004702,1.000000,0.000000,-0.000000,-0.000000,-0.000000,-0.000000,0.000000,4503.501269,-0.000000,0.000000,-0.000000,1998.234395,2108.796341,1998.234395,2108.796341,1998.234395,2108.796341,1998.234395,2108.796341,0.008288,75
3.335265,1,-5.000000,-0.000000,3.995227,0.000000,0.000000,0.000000,0.000000,0.000000,0.000000,-0.000000,-5.000000,0.000000,3.998834,0.000000,0.000000,0.004598,1.000000,0.000000,-0.000000,-0.000000,-0.000000,-0.000000,0.000000,4503.589238,-0.000000,0.000000,-0.000000,1998.253302,2108.816505,1998.253302,2108.816505,1998.253302,2108.816505,1998.253302,2108.816505,0.008288,75
3.340319,1,-5.000000,-0.000000,3.995227,0.000000,0.000000,0.000000,0.000000,0.000000,0.000000,-0.000000,-5.000000,0.000000,3.998857,0.000000,0.000000,0.004495,1.000000,0.000000,-0.000000,-0.000000,-0.000000,-0.000000,0.000000,4503.680147,-0.000000,0.000000,-0.000000,1998.272841,2108.837342,1998.272841,2108.837342,1998.272841,2108.837342,1998.272841,2108.837342,0.008289,75
3.345353,1,-5.000000,-0.000000,3.995227,0.000000,0.000000,0.000000,0.000000,0.000000,0.000000,-0.000000,-5.000000,0.000000,3.998879,0.000000,0.000000,0.004394,1.000000,0.000000,-0.000000,-0.000000,-0.000000,-0.000000,0.000000,4503.770899,-0.000000,0.000000,-0.000000,1998.292346,2108.858144,1998.292346,2108.858144,1998.292346,2108.858144,1998.292346,2108.858144,0.008289,75
3.350219,1,-5.000000,-0.000000,3.995227,0.000000,0.000000,0.000000,0.000000,0.000000,0.000000,-0.000000,-5.000000,0.000000,3.998900,0.000000,0.000000,0.004297,1.000000,0.000000,-0.000000,-0.000000,-0.000000,-0.000000,0.000000,4503.860688,-0.000000,0.000000,-0.000000,1998.311644,2108.878724,1998.311644,2108.878724,1998.311644,2108.878724,1998.311644,2108.878724,0.008289,75
3.355258,1,-5.000000,-0.000000,3.995227,0.000000,0.000000,0.000000,0.000000,0.000000,0.000000,-0.000000,-5.000000,0.000000,3.998921,0.000000,0.000000,0.004197,1.000000,0.000000,-0.000000,-0.000000,-0.000000,-0.000000,0.000000,4503.946911,-0.000000,0.000000,-0.000000,1998.330175,2108.898487,1998.330175,2108.898487,1998.330175,2108.898487,1998.330175,2108.898487,0.008290,75
3.360322,1,-5.000000,-0.000000,3.995227,0.000000,0.000000,0.000000,0.000000,0.000000,0.000000,-0.000000,-5.000000,0.000000,3.998942,0.000000,0.000000,0.004098,1.000000,0.000000,-0.000000,-0.000000,-0.000000,-0.000000,0.000000,4504.035609,-0.000000,0.000000,-0.000000,1998.349237,2108.918817,1998.349237,2108.918817,1998.349237,2108.918817,1998.349237,2108.918817,0.008290,75
3.365326,1,-5.000000,-0.000000,3.995227,0.000000,0.000000,0.000000,0.000000,0.000000,0.000000,-0.000000,-5.000000,0.000000,3.998962,0.000000,0.000000,0.004001,1.000000,0.000000,-0.000000,-0.000000,-0.000000,-0.000000,0.000000,4504.124144,-0.000000,0.000000,-0.000000,1998.368265,2108.939110,1998.368265,2108.939110,1998.368265,2108.939110,1998.368265,2108.939110,0.008291,75
3.370325,1,-5.000000,-0.000000,3.995227,0.000000,0.000000,0.000000,0.000000,0.000000,0.000000,-0.000000,-5.000000,0.000000,3.998981,0.000000,0.000000,0.003905,1.000000,0.000000,-0.000000,-0.000000,-0.000000,-0.000000,0.000000,4504.211055,-0.000000,0.000000,-0.000000,1998.386943,2108.959031,1998.386943,2108.959031,1998.386943,2108.959031,1998.386943,2108.959031,0.008291,75
3.375339,1,-5.000000,-0.000000,3.995227,0.000000,0.000000,0.000000,0.000000,0.000000,0.000000,-0.000000,-5.000000,0.000000,3.999000,0.000000,0.000000,0.003810,1.000000,0.000000,-0.000000,-0.000000,-0.000000,-0.000000,0.000000,4504.297282,-0.000000,0.000000,-0.000000,1998.405474,2108.978794,1998.405474,2108.978794,1998.405474,2108.978794,1998.405474,2108.978794,0.008292,75
3.380265,1,-5.000000,-0.000000,3.995227,0.000000,0.000000,0.000000,0.000000,0.000000,0.000000,-0.000000,-5.000000,0.000000,3.999019,0.000000,0.000000,0.003717,1.000000,0.000000,-0.000000,-0.000000,-0.000000,-0.000000,0.000000,4504.383192,-0.000000,0.000000,-0.000000,1998.423937,2108.998485,1998.423937,2108.998485,1998.423937,2108.998485,1998.423937,2108.998485,0.008292,75
3.385334,1,-5.000000,-0.000000,3.995227,0.000000,0.000000,0.000000,0.000000,0.000000,0.000000,-0.000000,-5.000000,0.000000,3.999037,0.000000,0.000000,0.003623,1.000000,0.000000,-0.000000,-0.000000,-0.000000,-0.000000,0.000000,4504.467035,-0.000000,0.000000,-0.000000,1998.441955,2109.017702,1998.441955,2109.017702,1998.441955,2109.017702,1998.441955,2109.017702,0.008293,75
3.390311,1,-5.000000,-0.000000,3.995227,0.000000,0.000000,0.000000,0.000000,0.000000,0.000000,-0.000000,-5.000000,0.000000,3.999055,0.000000,-0.000000,0.003531,1.000000,0.000000,-0.000000,-0.000000,-0.000000,-0.000000,0.000000,4504.552711,-0.000000,0.000000,-0.000000,1998.460368,2109.037339,1998.460368,2109.037339,1998.460368,2109.037339,1998.460368,2109.037339,0.008293,75
3.395320,1,-5.000000,-0.000000,3.995227,0.000000,0.000000,0.000000,0.000000,0.000000,0.000000,-0.000000,-5.000000,0.000000,3.999072,0.000000,-0.000000,0.003440,1.000000,0.000000,-0.000000,-0.000000,-0.000000,-0.000000,0.000000,4504.636273,-0.000000,0.000000,-0.000000,1998.478325,2109.056492,1998.478325,2109.056492,1998.478325,2109.056492,1998.478325,2109.056492,0.008293,75
3.400324,1,-5.000000,-0.000000,3.995227,0.000000,0.000000,0.000000,0.000000,0.000000,0.000000,-0.000000,-5.000000,0.000000,3.999089,0.000000,-0.000000,0.003350,1.000000,0.000000,-0.000000,-0.000000,-0.000000,-0.000000,0.000000,4504.719800,-0.000000,0.000000,-0.000000,1998.496275,2109.075636,1998.496275,2109.075636,1998.496275,2109.075636,1998.496275,2109.075636,0.008294,75
3.405330,1,-5.000000,-0.000000,3.995227,0.000000,0.000000,0.000000,0.000000,0.000000,0.000000,-0.000000,-5.000000,0.000000,3.999105,0.000000,-0.000000,0.003260,1.000000,0.000000,-0.000000,-0.000000,-0.000000,-0.000000,0.000000,4504.802657,-0.000000,0.000000,-0.000000,1998.514081,2109.094627,1998.514081,2109.094627,1998.514081,2109.094627,1998.514081,2109.094627,0.008294,75
3.410340,1,-5.000000,-0.000000,3.995227,0.000000,0.000000,0.000000,0.000000,0.000000,0.000000,-0.000000,-5.000000,0.000000,3.999121,0.000000,-0.000000,0.003172,1.000000,0.000000,-0.000000,-0.000000,-0.000000,-0.000000,0.000000,4504.885004,-0.000000,0.000000,-0.000000,1998.531777,2109.113501,1998.531777,2109.113501,1998.531777,2109.113501,1998.531777,2109.113501,0.008295,75
3.415321,1,-5.000000,-0.000000,3.995227,0.000000,0.000000,0.000000,0.000000,0.000000,0.000000,-0.000000,-5.000000,0.000000,3.999136,0.000000,-0.000000,0.003085,1.000000,0.000000,-0.000000,-0.000000,-0.000000,-0.000000,0.000000,4504.966823,-0.000000,0.000000,-0.000000,1998.549359,2109.132253,1998.549359,2109.132253,1998.549359,2109.132253,1998.549359,2109.132253,0.008295,75
3.420313,1,-5.000000,-0.000000,3.995227,0.000000,0.000000,0.000000,0.000000,0.000000,0.000000,-0.000000,-5.000000,0.000000,3.999151,0.000000,-0.000000,0.002998,1.000000,0.000000,-0.000000,-0.000000,-0.000000,-0.000000,0.000000,4505.047617,-0.000000,0.000000,-0.000000,1998.566721,2109.150771,1998.566721,2109.150771,1998.566721,2109.150771,1998.566721,2109.150771,0.008295,75
3.425320,1,-5.000000,-0.000000,3.995227,0.000000,0.000000,0.000000,0.000000,0.000000,0.000000,-0.000000,-5.000000,0.000000,3.999166,0.000000,-0.000000,0.002913,1.000000,0.000000,-0.000000,-0.000000,-0.000000,-0.000000,0.000000,4505.128044,-0.000000,0.000000,-0.000000,1998.584003,2109.169204,1998.584003,2109.169204,1998.584003,2109.169204,1998.584003,2109.169204,0.008296,75
3.430316,1,-5.000000,-0.000000,3.995227,0.000000,0.000000,0.000000,0.000000,0.000000,0.000000,-0.000000,-5.000000,0.000000,3.999180,0.000000,-0.000000,0.002828,1.000000,0.000000,-0.000000,-0.000000,-0.000000,-0.000000,0.000000,4505.208140,-0.000000,0.000000,-0.000000,1998.601215,2109.187562,1998.601215,2109.187562,1998.601215,2109.187562,1998.601215,2109.187562,0.008296,75
3.435321,1,-5.000000,-0.000000,3.995227,0.000000,0.000000,0.000000,0.000000,0.000000,0.000000,-0.000000,-5.000000,0.000000,3.999194,0.000000,-0.000000,0.002744,1.000000,0.000000,-0.000000,0.000000,-0.000000,-0.000000,0.000000,4505.287509,-0.000000,0.000000,-0.000000,1998.618270,2109.205753,1998.618270,2109.205753,1998.618270,2109.205753,1998.618270,2109.205753,0.008297,75
3.440331,1,-5.000000,-0.000000,3.995227,0.000000,0.000000,0.000000,0.000000,0.000000,0.000000,-0.000000,-5.000000,0.000000,3.999207,0.000000,-0.000000,0.002661,1.000000,0.000000,-0.000000,0.000000,-0.000000,-0.000000,0.000000,4505.366455,-0.000000,0.000000,-0.000000,1998.635234,2109.223847,1998.635234,2109.223847,1998.635234,2109.223847,1998.635234,2109.223847,0.008297,75
3.445335,1,-5.000000,-0.000000,3.995227,0.000000,0.000000,0.000000,0.000000,0.000000,0.000000,-0.000000,-5.000000,0.000000,3.999220,0.000000,-0.000000,0.002579,1.000000,0.000000,-0.000000,0.000000,-0.000000,-0.000000,0.000000,4505.444939,-0.000000,0.000000,-0.000000,1998.652099,2109.241835,1998.652099,2109.241835,1998.652099,2109.241835,1998.652099,2109.241835,0.008297,75
3.450331,1,-5.000000,-0.000000,3.995227,0.000000,0.000000,0.000000,0.000000,0.000000,0.000000,-0.000000,-5.000000,0.000000,3.999232,0.000000,-0.000000,0.002498,1.000000,0.000000,-0.000000,0.000000,-0.000000,-0.000000,-0.000000,4505.522761,-0.000000,0.000000,-0.000000,1998.668821,2109.259671,1998.668821,2109.259671,1998.668821,2109.259671,1998.668821,2109.259671,0.008298,75
3.455348,1,-5.000000,-0.000000,3.995227,0.000000,0.000000,0.000000,0.000000,0.000000,0.000000,-0.000000,-5.000000,0.000000,3.999245,0.000000,-0.000000,0.002417,1.000000,0.000000,-0.000000,0.000000,-0.000000,-0.000000,-0.000000,4505.599925,-0.000000,0.000000,-0.000000,1998.685401,2109.277356,1998.685401,2109.277356,1998.685401,2109.277356,1998.685401,2109.277356,0.008298,75
3.460349,1,-5.000000,-0.000000,3.995227,0.000000,0.000000,0.000000,0.000000,0.000000,0.000000,-0.000000,-5.000000,0.000000,3.999256,0.000000,-0.000000,0.002338,1.000000,0.000000,-0.000000,0.000000,-0.000000,-0.000000,-0.000000,4505.676868,-0.000000,0.000000,-0.000000,1998.701934,2109.294990,1998.701934,2109.294990,1998.701934,2109.294990,1998.701934,2109.294990,0.008298,75
3.465350,1,-5.000000,-0.000000,3.995227,0.000000,0.000000,0.000000,0.000000,0.000000,0.000000,-0.000000,-5.000000,0.000000,3.999268,0.000000,-0.000000,0.002259,1.000000,0.000000,-0.000000,0.000000,-0.000000,-0.000000,-0.000000,4505.753013,-0.000000,0.000000,0.000000,1998.718295,2109.312442,1998.718295,2109.312442,1998.718295,2109.312442,1998.718295,2109.312442,0.008297,75
3.470317,1,-5.000000,-0.000000,3.995227,0.000000,0.000000,0.000000,0.000000,0.000000,0.000000,-0.000000,-5.000000,0.000000,3.999278,0.000000,-0.000000,0.002182,1.000000,0.000000,-0.000000,0.000000,-0.000000,-0.000000,-0.000000,4505.828616,-0.000000,0.000000,0.000000,1998.734540,2109.329769,1998.734540,2109.329769,1998.734540,2109.329769,1998.734540,2109.329769,0.008296,75
3.475330,1,-5.000000,-0.000000,3.995227,0.000000,0.000000,0.000000,0.000000,0.000000,0.000000,-0.000000,-5.000000,0.000000,3.999289,0.000000,-0.000000,0.002105,1.000000,0.000000,-0.000000,-0.000000,-0.000000,-0.000000,-0.000000,4505.903167,-0.000000,0.000000,0.000000,1998.750558,2109.346854,1998.750558,2109.346854,1998.750558,2109.346854,1998.750558,2109.346854,0.008296,75
3.480325,1,-5.000000,-0.000000,3.995227,0.000000,0.000000,0.000000,0.000000,0.000000,0.000000,-0.000000,-5.000000,0.000000,3.999299,0.000000,-0.000000,0.002029,1.000000,0.000000,-0.000000,-0.000000,-0.000000,-0.000000,-0.000000,4505.977872,-0.000000,0.000000,0.000000,1998.766609,2109.363976,1998.766609,2109.363976,1998.766609,2109.363976,1998.766609,2109.363976,0.008295,75
3.485328,1,-5.000000,-0.000000,3.995227,0.000000,0.000000,0.000000,0.000000,0.000000,0.000000,-0.000000,-5.000000,0.000000,3.999309,0.000000,-0.000000,0.001954,1.000000,0.000000,-0.000000,-0.000000,-0.000000,-0.000000,-0.000000,4506.051779,-0.000000,0.000000,0.000000,1998.782489,2109.380914,1998.782489,2109.380914,1998.782489,2109.380914,1998.782489,2109.380914,0.008295,75
3.490330,1,-5.000000,-0.000000,3.995227,0.000000,0.000000,0.000000,0.000000,0.000000,0.000000,-0.000000,-5.000000,0.000000,3.999318,0.000000,-0.000000,0.001880,1.000000,0.000000,-0.000000,-0.000000,-0.000000,-0.000000,-0.000000,4506.125274,-0.000000,0.000000,0.000000,1998.798280,2109.397758,1998.798280,2109.397758,1998.798280,2109.397758,1998.798280,2109.397758,0.008294,75
3.495223,1,-5.000000,-0.000000,3.995227,0.000000,0.000000,0.000000,0.000000,0.000000,0.000000,-0.000000,-5.000000,0.000000,3.999327,0.000000,-0.000000,0.001808,1.000000,0.000000,-0.000000,-0.000000,-0.000000,-0.000000,-0.000000,4506.198222,-0.000000,0.000000,0.000000,1998.813953,2109.414476,1998.813953,2109.414476,1998.813953,2109.414476,1998.813953,2109.414476,0.008294,75
3.500220,1,-5.000000,-0.000000,3.995227,0.000000,0.000000,0.000000,0.000000,0.000000,0.000000,-0.000000,-5.000000,0.000000,3.999336,0.000000,-0.000000,0.001735,1.000000,0.000000,-0.000000,-0.000000,-0.000000,-0.000000,-0.000000,4506.269070,-0.000000,0.000000,0.000000,1998.829175,2109.430713,1998.829175,2109.430713,1998.829175,2109.430713,1998.829175,2109.430713,0.008293,75
3.505338,1,-5.000000,-0.000000,3.995227,0.000000,0.000000,0.000000,0.000000,0.000000,0.000000,-0.000000,-5.000000,0.000000,3.999344,0.000000,-0.000000,0.001661,1.000000,0.000000,-0.000000,-0.000000,-0.000000,-0.000000,-0.000000,4506.340906,-0.000000,0.000000,0.000000,1998.844609,2109.447176,1998.844609,2109.447176,1998.844609,2109.447176,1998.844609,2109.447176,0.008293,75
3.510335,1,-5.000000,-0.000000,3.995227,0.000000,0.000000,0.000000,0.000000,0.000000,0.000000,-0.000000,-5.000000,0.000000,3.999352,0.000000,-0.000000,0.001590,1.000000,0.000000,-0.000000,-0.000000,-0.000000,-0.000000,-0.000000,4506.413917,-0.000000,0.000000,0.000000,1998.860296,2109.463908,1998.860296,2109.463908,1998.860296,2109.463908,1998.860296,2109.463908,0.008292,75
3.515321,1,-5.000000,-0.000000,3.995227,0.000000,0.000000,0.000000,0.000000,0.000000,0.000000,-0.000000,-5.000000,0.000000,3.999360,0.000000,-0.000000,0.001520,1.000000,0.000000,-0.000000,-0.000000,-0.000000,-0.000000,-0.000000,4506.484696,-0.000000,0.000000,0.000000,1998.875502,2109.480129,1998.875502,2109.480129,1998.875502,2109.480129,1998.875502,2109.480129,0.008292,75
3.520330,1,-5.000000,-0.000000,3.995227,0.000000,0.000000,0.000000,0.000000,0.000000,0.000000,-0.000000,-5.000000,0.000000,3.999367,0.000000,-0.000000,0.001450,1.000000,0.000000,-0.000000,-0.000000,-0.000000,-0.000000,-0.000000,4506.554790,-0.000000,0.000000,0.000000,1998.890562,2109.496193,1998.890562,2109.496193,1998.890562,2109.496193,1998.890562,2109.496193,0.008291,75
3.525343,1,-5.000000,-0.000000,3.995227,0.000000,0.000000,0.000000,0.000000,0.000000,0.000000,-0.000000,-5.000000,0.000000,3.999374,0.000000,-0.000000,0.001382,1.000000,0.000000,-0.000000,-0.000000,-0.000000,-0.000000,-0.000000,4506.624699,-0.000000,0.000000,0.000000,1998.905581,2109.512215,1998.905581,2109.512215,1998.905581,2109.512215,1998.905581,2109.512215,0.008291,75
3.530367,1,-5.000000,-0.000000,3.995227,0.000000,0.000000,0.000000,0.000000,0.000000,0.000000,-0.000000,-5.000000,0.000000,3.999381,0.000000,-0.000000,0.001313,1.000000,0.000000,-0.000000,-0.000000,-0.000000,-0.000000,-0.000000,4506.694140,-0.000000,0.000000,0.000000,1998.920500,2109.528129,1998.920500,2109.528129,1998.920500,2109.528129,1998.920500,2109.528129,0.008290,75
3.535343,1,-5.000000,-0.000000,3.995227,0.000000,0.000000,0.000000,0.000000,0.000000,0.000000,-0.000000,-5.000000,0.000000,3.999387,0.000000,-0.000000,0.001246,1.000000,0.000000,-0.000000,-0.000000,-0.000000,-0.000000,-0.000000,4506.763228,-0.000000,0.000000,0.000000,1998.935343,2109.543962,1998.935343,2109.543962,1998.935343,2109.543962,1998.935343,2109.543962,0.008290,75
3.540331,1,-5.000000,-0.000000,3.995227,0.000000,0.000000,0.000000,0.000000,0.000000,0.000000,-0.000000,-5.000000,0.000000,3.999393,0.000000,-0.000000,0.001180,1.000000,0.000000,-0.000000,-0.000000,-0.000000,-0.000000,-0.000000,4506.831142,-0.000000,0.000000,0.000000,1998.949934,2109.559526,1998.949934,2109.559526,1998.949934,2109.559526,1998.949934,2109.559526,0.008289,75
3.545343,1,-5.000000,-0.000000,3.995227,0.000000,0.000000,0.000000,0.000000,0.000000,0.000000,-0.000000,-5.000000,0.000000,3.999398,0.000000,-0.000000,0.001114,1.000000,0.000000,-0.000000,-0.000000,-0.000000,-0.000000,-0.000000,4506.898712,-0.000000,0.000000,0.000000,1998.964450,2109.575011,1998.964450,2109.575011,1998.964450,2109.575011,1998.964450,2109.575011,0.008289,75
3.550325,1,-5.000000,-0.000000,3.995227,0.000000,0.000000,0.000000,0.000000,0.000000,0.000000,-0.000000,-5.000000,0.000000,3.999403,0.000000,-0.000000,0.001050,1.000000,0.000000,-0.000000,-0.000000,-0.000000,-0.000000,-0.000000,4506.966095,-0.000000,0.000000,0.000000,1998.978926,2109.590454,1998.978926,2109.590454,1998.978926,2109.590454,1998.978926,2109.590454,0.008288,75
3.555341,1,-5.000000,-0.000000,3.995227,0.000000,0.000000,0.000000,0.000000,0.000000,0.000000,-0.000000,-5.000000,0.000000,3.999408,0.000000,-0.000000,0.000985,1.000000,0.000000,-0.000000,-0.000000,-0.000000,-0.000000,-0.000000,4507.032579,-0.000000,0.000000,0.000000,1998.993209,2109.605690,1998.993209,2109.605690,1998.993209,2109.605690,1998.993209,2109.605690,0.008288,75
3.560345,1,-5.000000,-0.000000,3.995227,0.000000,0.000000,0.000000,0.000000,0.000000,0.000000,-0.000000,-5.000000,0.000000,3.999413,0.000000,-0.000000,0.000922,1.000000,0.000000,-0.000000,-0.000000,-0.000000,-0.000000,-0.000000,4507.099018,-0.000000,0.000000,0.000000,1999.007483,2109.620916,1999.007483,2109.620916,1999.007483,2109.620916,1999.007483,2109.620916,0.008287,75
3.565347,1,-5.000000,-0.000000,3.995227,0.000000,0.000000,0.000000,0.000000,0.000000,0.000000,-0.000000,-5.000000,0.000000,3.999417,0.000000,-0.000000,0.000859,1.000000,0.000000,-0.000000,-0.000000,-0.000000,-0.000000,-0.000000,4507.164785,-0.000000,0.000000,0.000000,1999.021611,2109.635988,1999.021611,2109.635988,1999.021611,2109.635988,1999.021611,2109.635988,0.008287,75
3.570325,1,-5.000000,-0.000000,3.995227,0.000000,0.000000,0.000000,0.000000,0.000000,0.000000,-0.000000,-5.000000,0.000000,3.999421,0.000000,-0.000000,0.000798,1.000000,0.000000,-0.000000,-0.000000,-0.000000,-0.000000,-0.000000,4507.230039,-0.000000,0.000000,0.000000,1999.035630,2109.650942,1999.035630,2109.650942,1999.035630,2109.650942,1999.035630,2109.650942,0.008286,75
3.575329,1,-5.000000,-0.000000,3.995227,0.000000,0.000000,0.000000,0.000000,0.000000,0.000000,-0.000000,-5.000000,0.000000,3.999425,0.000000,-0.000000,0.000736,1.000000,0.000000,-0.000000,-0.000000,-0.000000,-0.000000,-0.000000,4507.294492,-0.000000,0.000000,0.000000,1999.049476,2109.665713,1999.049476,2109.665713,1999.049476,2109.665713,1999.049476,2109.665713,0.008286,75
3.580328,1,-5.000000,-0.000000,3.995227,0.000000,0.000000,0.000000,0.000000,0.000000,0.000000,-0.000000,-5.000000,0.000000,3.999428,0.000000,-0.000000,0.000676,1.000000,0.000000,-0.000000,-0.000000,-0.000000,-0.000000,-0.000000,4507.358776,-0.000000,0.000000,0.000000,1999.063286,2109.680444,1999.063286,2109.680444,1999.063286,2109.680444,1999.063286,2109.680444,0.008285,75
3.585330,1,-5.000000,-0.000000,3.995227,0.000000,0.000000,0.000000,0.000000,0.000000,0.000000,-0.000000,-5.000000,0.000000,3.999431,-0.000000,-0.000000,0.000616,1.000000,0.000000,-0.000000,-0.000000,-0.000000,-0.000000,-0.000000,4507.422524,-0.000000,0.000000,0.000000,1999.076980,2109.695053,1999.076980,2109.695053,1999.076980,2109.695053,1999.076980,2109.695053,0.008285,75
3.590320,1,-5.000000,-0.000000,3.995227,0.000000,0.000000,0.000000,0.000000,0.000000,0.000000,-0.000000,-5.000000,0.000000,3.999434,-0.000000,-0.000000,0.000557,1.000000,0.000000,-0.000000,-0.000000,-0.000000,-0.000000,-0.000000,4507.485814,-0.000000,0.000000,0.000000,1999.090576,2109.709557,1999.090576,2109.709557,1999.090576,2109.709557,1999.090576,2109.709557,0.008285,75
3.595323,1,-5.000000,-0.000000,3.995227,0.000000,0.000000,0.000000,0.000000,0.000000,0.000000,-0.000000,-5.000000,0.000000,3.999437,-0.000000,-0.000000,0.000499,1.000000,0.000000,-0.000000,-0.000000,-0.000000,-0.000000,-0.000000,4507.548456,-0.000000,0.000000,0.000000,1999.104033,2109.723913,1999.104033,2109.723913,1999.104033,2109.723913,1999.104033,2109.723913,0.008284,75
3.600335,1,-5.000000,-0.000000,3.995227,0.000000,0.000000,0.000000,0.000000,0.000000,0.000000,-0.000000,-5.000000,0.000000,3.999439,-0.000000,-0.000000,0.000441,1.000000,0.000000,-0.000000,-0.000000,-0.000000,-0.000000,-0.000000,4507.610793,-0.000000,0.000000,0.000000,1999.117424,2109.738198,1999.117424,2109.738198,1999.117424,2109.738198,1999.117424,2109.738198,0.008284,75
3.605347,1,-5.000000,-0.000000,3.995227,0.000000,0.000000,0.000000,0.000000,0.000000,0.000000,-0.000000,-5.000000,0.000000,3.999441,-0.000000,-0.000000,0.000384,1.000000,0.000000,-0.000000,-0.000000,-0.000000,-0.000000,-0.000000,4507.672750,-0.000000,0.000000,0.000000,1999.130733,2109.752396,1999.130733,2109.752396,1999.130733,2109.752396,1999.130733,2109.752396,0.008283,75
3.610315,1,-5.000000,-0.000000,3.995227,0.000000,0.000000,0.000000,0.000000,0.000000,0.000000,-0.000000,-5.000000,0.000000,3.999443,-0.000000,-0.000000,0.000328,1.000000,0.000000,-0.000000,-0.000000,-0.000000,-0.000000,-0.000000,4507.734241,-0.000000,0.000000,0.000000,1999.143942,2109.766488,1999.143942,2109.766488,1999.143942,2109.766488,1999.143942,2109.766488,0.008283,75
3.615320,1,-5.000000,-0.000000,3.995227,0.000000,0.000000,0.000000,0.000000,0.000000,0.000000,-0.000000,-5.000000,0.000000,3.999444,-0.000000,-0.000000,0.000273,1.000000,0.000000,-0.000000,-0.000000,-0.000000,-0.000000,-0.000000,4507.794709,-0.000000,0.000000,0.000000,1999.156932,2109.780345,1999.156932,2109.780345,1999.156932,2109.780345,1999.156932,2109.780345,0.008282,75
3.620319,1,-5.000000,-0.000000,3.995227,0.000000,0.000000,0.000000,0.000000,0.000000,0.000000,-0.000000,-5.000000,0.000000,3.999445,-0.000000,-0.000000,0.000218,1.000000,0.000000,-0.000000,-0.000000,-0.000000,-0.000000,-0.000000,4507.855150,-0.000000,0.000000,0.000000,1999.169915,2109.794195,1999.169915,2109.794195,1999.169915,2109.794195,1999.169915,2109.794195,0.008282,75
3.625314,1,-5.000000,-0.000000,3.995227,0.000000,0.000000,0.000000,0.000000,0.000000,0.000000,-0.000000,-5.000000,0.000000,3.999446,-0.000000,-0.000000,0.000164,1.000000,0.000000,-0.000000,-0.000000,-0.000000,-0.000000,-0.000000,4507.915061,-0.000000,0.000000,0.000000,1999.182784,2109.807925,1999.182784,2109.807925,1999.182784,2109.807925,1999.182784,2109.807925,0.008281,75
3.630322,1,-5.000000,-0.000000,3.995227,0.000000,0.000000,0.000000,0.000000,0.000000,0.000000,-0.000000,-5.000000,0.000000,3.999446,-0.000000,-0.000000,0.000110,1.000000,0.000000,-0.000000,-0.000000,-0.000000,-0.000000,-0.000000,4507.974447,-0.000000,0.000000,0.000000,1999.195541,2109.821534,1999.195541,2109.821534,1999.195541,2109.821534,1999.195541,2109.821534,0.008281,75
3.635341,1,-5.000000,-0.000000,3.995227,0.000000,0.000000,0.000000,0.000000,0.000000,0.000000,-0.000000,-5.000000,0.000000,3.999447,-0.000000,-0.000000,0.000057,1.000000,0.000000,-0.000000,-0.000000,-0.000000,-0.000000,-0.000000,4508.033520,-0.000000,0.000000,0.000000,1999.208230,2109.835071,1999.208230,2109.835071,1999.208230,2109.835071,1999.208230,2109.835071,0.008281,75
3.640239,1,-5.000000,-0.000000,3.995227,0.000000,0.000000,0.000000,0.000000,0.000000,0.000000,-0.000000,-5.000000,0.000000,3.999447,-0.000000,-0.000000,0.000006,1.000000,0.000000,-0.000000,-0.000000,-0.000000,-0.000000,-0.000000,4508.092251,-0.000000,0.000000,0.000000,1999.220846,2109.848530,1999.220846,2109.848530,1999.220846,2109.848530,1999.220846,2109.848530,0.008280,75
3.645236,1,-5.000000,-0.000000,3.995227,0.000000,0.000000,0.000000,0.000000,0.000000,0.000000,-0.000000,-5.000000,0.000000,3.999446,-0.000000,-0.000000,-0.000045,1.000000,0.000000,-0.000000,-0.000000,-0.000000,-0.000000,-0.000000,4508.149120,-0.000000,0.000000,0.000000,1999.233061,2109.861562,1999.233061,2109.861562,1999.233061,2109.861562,1999.233061,2109.861562,0.008280,75
3.650337,1,-5.000000,-0.000000,3.995227,0.000000,0.000000,0.000000,0.000000,0.000000,0.000000,-0.000000,-5.000000,0.000000,3.999446,-0.000000,-0.000000,-0.000097,1.000000,0.000000,-0.000000,-0.000000,-0.000000,-0.000000,-0.000000,4508.206688,-0.000000,0.000000,0.000000,1999.245427,2109.874754,1999.245427,2109.874754,1999.245427,2109.874754,1999.245427,2109.874754,0.008279,75
3.655322,1,-5.000000,-0.000000,3.995227,0.000000,0.000000,0.000000,0.000000,0.000000,0.000000,-0.000000,-5.000000,0.000000,3.999445,-0.000000,-0.000000,-0.000147,1.000000,0.000000,-0.000000,-0.000000,-0.000000,-0.000000,-0.000000,4508.264968,-0.000000,0.000000,0.000000,1999.257946,2109.888109,1999.257946,2109.888109,1999.257946,2109.888109,1999.257946,2109.888109,0.008279,75
3.660327,1,-5.000000,-0.000000,3.995227,0.000000,0.000000,0.000000,0.000000,0.000000,0.000000,-0.000000,-5.000000,0.000000,3.999444,-0.000000,-0.000000,-0.000197,1.000000,0.000000,-0.000000,-0.000000,-0.000000,-0.000000,-0.000000,4508.321480,-0.000000,0.000000,0.000000,1999.270084,2109.901059,1999.270084,2109.901059,1999.270084,2109.901059,1999.270084,2109.901059,0.008279,75
3.665232,1,-5.000000,-0.000000,3.995227,0.000000,0.000000,0.000000,0.000000,0.000000,0.000000,-0.000000,-5.000000,0.000000,3.999443,-0.000000,-0.000000,-0.000245,1.000000,0.000000,-0.000000,-0.000000,-0.000000,0.000000,-0.000000,4508.377753,-0.000000,0.000000,0.000000,1999.282172,2109.913955,1999.282172,2109.913955,1999.282172,2109.913955,1999.282172,2109.913955,0.008278,75
3.670226,1,-5.000000,-0.000000,3.995227,0.000000,0.000000,0.000000,0.000000,0.000000,0.000000,-0.000000,-5.000000,0.000000,3.999442,-0.000000,-0.000000,-0.000293,1.000000,0.000000,-0.000000,-0.000000,-0.000000,-0.000000,-0.000000,4508.432470,-0.000000,0.000000,0.000000,1999.293925,2109.926494,1999.293925,2109.926494,1999.293925,2109.926494,1999.293925,2109.926494,0.008278,75
3.675329,1,-5.000000,-0.000000,3.995227,0.000000,0.000000,0.000000,0.000000,0.000000,0.000000,-0.000000,-5.000000,0.000000,3.999440,-0.000000,-0.000000,-0.000342,1.000000,0.000000,-0.000000,-0.000000,-0.000000,-0.000000,-0.000000,4508.487733,-0.000000,0.000000,0.000000,1999.305795,2109.939157,1999.305795,2109.939157,1999.305795,2109.939157,1999.305795,2109.939157,0.008277,75
3.680331,1,-5.000000,-0.000000,3.995227,0.000000,0.000000,0.000000,0.000000,0.000000,0.000000,-0.000000,-5.000000,0.000000,3.999438,-0.000000,-0.000000,-0.000389,1.000000,0.000000,-0.000000,-0.000000,-0.000000,-0.000000,-0.000000,4508.543739,-0.000000,0.000000,0.000000,1999.317824,2109.951991,1999.317824,2109.951991,1999.317824,2109.951991,1999.317824,2109.951991,0.008277,75
3.685331,1,-5.000000,-0.000000,3.995227,0.000000,0.000000,0.000000,0.000000,0.000000,0.000000,-0.000000,-5.000000,0.000000,3.999436,-0.000000,-0.000000,-0.000435,1.000000,0.000000,-0.000000,-0.000000,-0.000000,0.000000,-0.000000,4508.598193,-0.000000,0.000000,0.000000,1999.329521,2109.964470,1999.329521,2109.964470,1999.329521,2109.964470,1999.329521,2109.964470,0.008277,75
3.690317,1,-5.000000,-0.000000,3.995227,0.000000,0.000000,0.000000,0.000000,0.000000,0.000000,-0.000000,-5.000000,0.000000,3.999433,-0.000000,-0.000000,-0.000481,1.000000,0.000000,-0.000000,-0.000000,-0.000000,0.000000,-0.000000,4508.652179,-0.000000,0.000000,0.000000,1999.341116,2109.976841,1999.341116,2109.976841,1999.341116,2109.976841,1999.341116,2109.976841,0.008276,75
3.695310,1,-5.000000,-0.000000,3.995227,0.000000,0.000000,0.000000,0.000000,0.000000,0.000000,-0.000000,-5.000000,0.000000,3.999431,-0.000000,-0.000000,-0.000526,1.000000,0.000000,-0.000000,-0.000000,-0.000000,-0.000000,-0.000000,4508.705587,-0.000000,0.000000,0.000000,1999.352587,2109.989079,1999.352587,2109.989079,1999.352587,2109.989079,1999.352587,2109.989079,0.008276,75
3.700322,1,-5.000000,-0.000000,3.995227,0.000000,0.000000,0.000000,0.000000,0.000000,0.000000,-0.000000,-5.000000,0.000000,3.999428,-0.000000,-0.000000,-0.000571,1.000000,0.000000,-0.000000,-0.000000,-0.000000,0.000000,-0.000000,4508.758621,-0.000000,0.000000,0.000000,1999.363979,2110.001232,1999.363979,2110.001232,1999.363979,2110.001232,1999.363979,2110.001232,0.008275,75
3.705331,1,-5.000000,-0.000000,3.995227,0.000000,0.000000,0.000000,0.000000,0.000000,0.000000,-0.000000,-5.000000,0.000000,3.999425,-0.000000,-0.000000,-0.000615,1.000000,0.000000,-0.000000,-0.000000,-0.000000,0.000000,-0.000000,4508.811421,-0.000000,0.000000,0.000000,1999.375319,2110.013331,1999.375319,2110.013331,1999.375319,2110.013331,1999.375319,2110.013331,0.008275,75
3.710264,1,-5.000000,-0.000000,3.995227,0.000000,0.000000,0.000000,0.000000,0.000000,0.000000,-0.000000,-5.000000,0.000000,3.999421,-0.000000,-0.000000,-0.000657,1.000000,0.000000,-0.000000,-0.000000,-0.000000,0.000000,-0.000000,4508.863760,-0.000000,0.000000,0.000000,1999.386561,2110.025325,1999.386561,2110.025325,1999.386561,2110.025325,1999.386561,2110.025325,0.008275,75
3.715231,1,-5.000000,-0.000000,3.995227,0.000000,0.000000,0.000000,0.000000,0.000000,0.000000,-0.000000,-5.000000,0.000000,3.999418,-0.000000,-0.000000,-0.000700,1.000000,0.000000,-0.000000,-0.000000,-0.000000,0.000000,-0.000000,4508.914887,-0.000000,0.000000,0.000000,1999.397542,2110.037040,1999.397542,2110.037040,1999.397542,2110.037040,1999.397542,2110.037040,0.008274,75
3.720322,1,-5.000000,-0.000000,3.995227,0.000000,0.000000,0.000000,0.000000,0.000000,0.000000,-0.000000,-5.000000,0.000000,3.999414,-0.000000,-0.000000,-0.000743,1.000000,0.000000,-0.000000,-0.000000,-0.000000,0.000000,-0.000000,4508.965935,-0.000000,0.000000,0.000000,1999.408506,2110.048738,1999.408506,2110.048738,1999.408506,2110.048738,1999.408506,2110.048738,0.008274,75
3.725334,1,-5.000000,-0.000000,3.995227,0.000000,0.000000,0.000000,0.000000,0.000000,0.000000,-0.000000,-5.000000,-0.000000,3.999410,-0.000000,-0.000000,-0.000785,1.000000,0.000000,-0.000000,-0.000000,-0.000000,0.000000,-0.000000,4509.017822,-0.000000,0.000000,0.000000,1999.419650,2110.060628,1999.419650,2110.060628,1999.419650,2110.060628,1999.419650,2110.060628,0.008273,75
3.730321,1,-5.000000,-0.000000,3.995227,0.000000,0.000000,0.000000,0.000000,0.000000,0.000000,-0.000000,-5.000000,-0.000000,3.999406,-0.000000,-0.000000,-0.000826,1.000000,0.000000,-0.000000,-0.000000,-0.000000,0.000000,-0.000000,4509.068473,-0.000000,0.000000,0.000000,1999.430529,2110.072235,1999.430529,2110.072235,1999.430529,2110.072235,1999.430529,2110.072235,0.008273,75
3.735358,1,-5.000000,-0.000000,3.995227,0.000000,0.000000,0.000000,0.000000,0.000000,0.000000,-0.000000,-5.000000,-0.000000,3.999402,-0.000000,-0.000000,-0.000867,1.000000,0.000000,-0.000000,-0.000000,-0.000000,0.000000,-0.000000,4509.118464,-0.000000,0.000000,0.000000,1999.441266,2110.083690,1999.441266,2110.083690,1999.441266,2110.083690,1999.441266,2110.083690,0.008273,75
3.740347,1,-5.000000,-0.000000,3.995227,0.000000,0.000000,0.000000,0.000000,0.000000,0.000000,-0.000000,-5.000000,-0.000000,3.999397,-0.000000,-0.000000,-0.000906,1.000000,0.000000,-0.000000,-0.000000,-0.000000,0.000000,-0.000000,4509.168517,-0.000000,0.000000,0.000000,1999.452016,2110.095159,1999.452016,2110.095159,1999.452016,2110.095159,1999.452016,2110.095159,0.008272,75
3.745215,1,-5.000000,-0.000000,3.995227,0.000000,0.000000,0.000000,0.000000,0.000000,0.000000,-0.000000,-5.000000,-0.000000,3.999393,-0.000000,-0.000000,-0.000945,1.000000,0.000000,-0.000000,-0.000000,-0.000000,0.000000,-0.000000,4509.217683,-0.000000,0.000000,0.000000,1999.462575,2110.106426,1999.462575,2110.106426,1999.462575,2110.106426,1999.462575,2110.106426,0.008272,75
3.750331,1,-5.000000,-0.000000,3.995227,0.000000,0.000000,0.000000,0.000000,0.000000,0.000000,-0.000000,-5.000000,-0.000000,3.999388,-0.000000,-0.000000,-0.000985,1.000000,0.000000,-0.000000,-0.000000,-0.000000,0.000000,-0.000000,4509.265262,-0.000000,0.000000,0.000000,1999.472794,2110.117328,1999.472794,2110.117328,1999.472794,2110.117328,1999.472794,2110.117328,0.008272,75
3.755369,1,-5.000000,-0.000000,3.995227,0.000000,0.000000,0.000000,0.000000,0.000000,0.000000,-0.000000,-5.000000,-0.000000,3.999382,-0.000000,-0.000000,-0.001023,1.000000,0.000000,-0.000000,-0.000000,-0.000000,0.000000,-0.000000,4509.314834,-0.000000,0.000000,0.000000,1999.483441,2110.128688,1999.483441,2110.128688,1999.483441,2110.128688,1999.483441,2110.128688,0.008271,75
3.760232,1,-5.000000,-0.000000,3.995227,0.000000,0.000000,0.000000,0.000000,0.000000,0.000000,-0.000000,-5.000000,-0.000000,3.999377,-0.000000,-0.000000,-0.001060,1.000000,0.000000,-0.000000,-0.000000,-0.000000,-0.000000,-0.000000,4509.363230,-0.000000,0.000000,0.000000,1999.493835,2110.139777,1999.493835,2110.139777,1999.493835,2110.139777,1999.493835,2110.139777,0.008271,75
3.765232,1,-5.000000,-0.000000,3.995227,0.000000,0.000000,0.000000,0.000000,0.000000,0.000000,-0.000000,-5.000000,-0.000000,3.999372,-0.000000,-0.000000,-0.001097,1.000000,0.000000,-0.000000,-0.000000,-0.000000,0.000000,-0.000000,4509.409563,-0.000000,0.000000,0.000000,1999.503786,2110.150394,1999.503786,2110.150394,1999.503786,2110.150394,1999.503786,2110.150394,0.008271,75
3.770236,1,-5.000000,-0.000000,3.995227,0.000000,0.000000,0.000000,0.000000,0.000000,0.000000,-0.000000,-5.000000,-0.000000,3.999366,-0.000000,-0.000000,-0.001134,1.000000,0.000000,-0.000000,-0.000000,-0.000000,0.000000,-0.000000,4509.456791,-0.000000,0.000000,0.000000,1999.513929,2110.161216,1999.513929,2110.161216,1999.513929,2110.161216,1999.513929,2110.161216,0.008270,75
3.775338,1,-5.000000,-0.000000,3.995227,0.000000,0.000000,0.000000,0.000000,0.000000,0.000000,-0.000000,-5.000000,-0.000000,3.999360,-0.000000,-0.000000,-0.001171,1.000000,0.000000,-0.000000,-0.000000,-0.000000,0.000000,-0.000000,4509.503660,-0.000000,0.000000,0.000000,1999.523994,2110.171956,1999.523994,2110.171956,1999.523994,2110.171956,1999.523994,2110.171956,0.008270,75
3.780333,1,-5.000000,-0.000000,3.995227,0.000000,0.000000,0.000000,0.000000,0.000000,0.000000,-0.000000,-5.000000,-0.000000,3.999354,-0.000000,-0.000000,-0.001206,1.000000,0.000000,-0.000000,-0.000000,-0.000000,0.000000,0.000000,4509.551021,-0.000000,0.000000,0.000000,1999.534166,2110.182809,1999.534166,2110.182809,1999.534166,2110.182809,1999.534166,2110.182809,0.008270,75
3.785330,1,-5.000000,-0.000000,3.995227,0.000000,0.000000,0.000000,0.000000,0.000000,0.000000,-0.000000,-5.000000,-0.000000,3.999348,-0.000000,-0.000000,-0.001241,1.000000,0.000000,-0.000000,-0.000000,-0.000000,-0.000000,-0.000000,4509.596993,-0.000000,0.000000,0.000000,1999.544039,2110.193343,1999.544039,2110.193343,1999.544039,2110.193343,1999.544039,2110.193343,0.008269,75
3.790340,1,-5.000000,-0.000000,3.995227,0.000000,0.000000,0.000000,0.000000,0.000000,0.000000,-0.000000,-5.000000,-0.000000,3.999342,-0.000000,-0.000000,-0.001276,1.000000,0.000000,-0.000000,-0.000000,-0.000000,0.000000,-0.000000,4509.642578,-0.000000,0.000000,0.000000,1999.553829,2110.203788,1999.553829,2110.203788,1999.553829,2110.203788,1999.553829,2110.203788,0.008269,75
3.795234,1,-5.000000,-0.000000,3.995227,0.000000,0.000000,0.000000,0.000000,0.000000,0.000000,-0.000000,-5.000000,-0.000000,3.999335,-0.000000,-0.000000,-0.001309,1.000000,0.000000,-0.000000,-0.000000,-0.000000,0.000000,-0.000000,4509.687898,-0.000000,0.000000,0.000000,1999.563562,2110.214173,1999.563562,2110.214173,1999.563562,2110.214173,1999.563562,2110.214173,0.008269,75
3.800264,1,-5.000000,-0.000000,3.995227,0.000000,0.000000,0.000000,0.000000,0.000000,0.000000,-0.000000,-5.000000,-0.000000,3.999328,-0.000000,-0.000000,-0.001343,1.000000,0.000000,-0.000000,-0.000000,-0.000000,0.000000,-0.000000,4509.731788,-0.000000,0.000000,0.000000,1999.572988,2110.224230,1999.572988,2110.224230,1999.572988,2110.224230,1999.572988,2110.224230,0.008268,75
3.805236,1,-5.000000,-0.000000,3.995227,0.000000,0.000000,0.000000,0.000000,0.000000,0.000000,-0.000000,-5.000000,-0.000000,3.999322,-0.000000,-0.000000,-0.001376,1.000000,0.000000,-0.000000,-0.000000,-0.000000,0.000000,-0.000000,4509.776497,-0.000000,0.000000,0.000000,1999.582589,2110.234474,1999.582589,2110.234474,1999.582589,2110.234474,1999.582589,2110.234474,0.008268,75
3.810260,1,-5.000000,-0.000000,3.995227,0.000000,0.000000,0.000000,0.000000,0.000000,0.000000,-0.000000,-5.000000,-0.000000,3.999315,-0.000000,-0.000000,-0.001409,1.000000,0.000000,-0.000000,-0.000000,-0.000000,0.000000,-0.000000,4509.820316,-0.000000,0.000000,0.000000,1999.592000,2110.244515,1999.592000,2110.244515,1999.592000,2110.244515,1999.592000,2110.244515,0.008268,75
3.815224,1,-5.000000,-0.000000,3.995227,0.000000,0.000000,0.000000,0.000000,0.000000,0.000000,-0.000000,-5.000000,-0.000000,3.999307,-0.000000,-0.000000,-0.001441,1.000000,0.000000,-0.000000,-0.000000,-0.000000,0.000000,-0.000000,4509.864194,-0.000000,0.000000,0.000000,1999.601423,2110.254569,1999.601423,2110.254569,1999.601423,2110.254569,1999.601423,2110.254569,0.008267,75
3.820312,1,-5.000000,-0.000000,3.995227,0.000000,0.000000,0.000000,0.000000,0.000000,0.000000,-0.000000,-5.000000,-0.000000,3.999300,-0.000000,-0.000000,-0.001473,1.000000,0.000000,-0.000000,-0.000000,-0.000000,0.000000,-0.000000,4509.907176,-0.000000,0.000000,0.000000,1999.610653,2110.264418,1999.610653,2110.264418,1999.610653,2110.264418,1999.610653,2110.264418,0.008267,75
3.825334,1,-5.000000,-0.000000,3.995227,0.000000,0.000000,0.000000,0.000000,0.000000,0.000000,-0.000000,-5.000000,-0.000000,3.999292,-0.000000,-0.000000,-0.001504,1.000000,0.000000,-0.000000,-0.000000,-0.000000,0.000000,-0.000000,4509.950841,-0.000000,0.000000,0.000000,1999.620031,2110.274424,1999.620031,2110.274424,1999.620031,2110.274424,1999.620031,2110.274424,0.008267,75
3.830330,1,-5.000000,-0.000000,3.995227,0.000000,0.000000,0.000000,0.000000,0.000000,0.000000,-0.000000,-5.000000,-0.000000,3.999285,-0.000000,-0.000000,-0.001534,1.000000,0.000000,-0.000000,-0.000000,-0.000000,0.000000,0.000000,4509.993543,-0.000000,0.000000,0.000000,1999.629201,2110.284208,1999.629201,2110.284208,1999.629201,2110.284208,1999.629201,2110.284208,0.008266,75
3.835217,1,-5.000000,-0.000000,3.995227,0.000000,0.000000,0.000000,0.000000,0.000000,0.000000,-0.000000,-5.000000,-0.000000,3.999277,-0.000000,-0.000000,-0.001564,1.000000,0.000000,-0.000000,-0.000000,-0.000000,0.000000,0.000000,4510.035656,-0.000000,0.000000,0.000000,1999.638245,2110.293858,1999.638245,2110.293858,1999.638245,2110.293858,1999.638245,2110.293858,0.008266,75
3.840239,1,-5.000000,-0.000000,3.995227,0.000000,0.000000,0.000000,0.000000,0.000000,0.000000,-0.000000,-5.000000,-0.000000,3.999269,-0.000000,-0.000000,-0.001594,1.000000,0.000000,-0.000000,-0.000000,-0.000000,0.000000,-0.000000,4510.076490,-0.000000,0.000000,0.000000,1999.647014,2110.303215,1999.647014,2110.303215,1999.647014,2110.303215,1999.647014,2110.303215,0.008266,75
3.845240,1,-5.000000,-0.000000,3.995227,0.000000,0.000000,0.000000,0.000000,0.000000,0.000000,-0.000000,-5.000000,-0.000000,3.999261,-0.000000,-0.000000,-0.001623,1.000000,0.000000,-0.000000,-0.000000,-0.000000,0.000000,-0.000000,4510.118079,-0.000000,0.000000,0.000000,1999.655945,2110.312744,1999.655945,2110.312744,1999.655945,2110.312744,1999.655945,2110.312744,0.008266,75
3.850299,1,-5.000000,-0.000000,3.995227,0.000000,0.000000,0.000000,0.000000,0.000000,0.000000,-0.000000,-5.000000,-0.000000,3.999253,-0.000000,-0.000000,-0.001652,1.000000,0.000000,-0.000000,-0.000000,-0.000000,0.000000,0.000000,4510.159120,-0.000000,0.000000,0.000000,1999.664758,2110.322148,1999.664758,2110.322148,1999.664758,2110.322148,1999.664758,2110.322148,0.008265,75
3.855261,1,-5.000000,-0.000000,3.995227,0.000000,0.000000,0.000000,0.000000,0.000000,0.000000,-0.000000,-5.000000,-0.000000,3.999244,-0.000000,-0.000000,-0.001680,1.000000,0.000000,-0.000000,-0.000000,-0.000000,0.000000,0.000000,4510.200260,-0.000000,0.000000,0.000000,1999.673593,2110.331575,1999.673593,2110.331575,1999.673593,2110.331575,1999.673593,2110.331575,0.008265,75
3.860269,1,-5.000000,-0.000000,3.995227,0.000000,0.000000,0.000000,0.000000,0.000000,0.000000,-0.000000,-5.000000,-0.000000,3.999236,-0.000000,-0.000000,-0.001708,1.000000,0.000000,-0.000000,-0.000000,-0.000000,0.000000,0.000000,4510.240248,-0.000000,0.000000,0.000000,1999.682181,2110.340737,1999.682181,2110.340737,1999.682181,2110.340737,1999.682181,2110.340737,0.008265,75
3.865345,1,-5.000000,-0.000000,3.995227,0.000000,0.000000,0.000000,0.000000,0.000000,0.000000,-0.000000,-5.000000,-0.000000,3.999227,-0.000000,-0.000000,-0.001735,1.000000,0.000000,-0.000000,-0.000000,-0.000000,0.000000,0.000000,4510.280244,-0.000000,0.000000,0.000000,1999.690769,2110.349902,1999.690769,2110.349902,1999.690769,2110.349902,1999.690769,2110.349902,0.008264,75
3.870347,1,-5.000000,-0.000000,3.995227,0.000000,0.000000,0.000000,0.000000,0.000000,0.000000,-0.000000,-5.000000,-0.000000,3.999218,-0.000000,-0.000000,-0.001762,1.000000,0.000000,-0.000000,-0.000000,-0.000000,0.000000,0.000000,4510.320407,-0.000000,0.000000,0.000000,1999.699394,2110.359104,1999.699394,2110.359104,1999.699394,2110.359104,1999.699394,2110.359104,0.008264,75
3.875337,1,-5.000000,-0.000000,3.995227,0.000000,0.000000,0.000000,0.000000,0.000000,0.000000,-0.000000,-5.000000,-0.000000,3.999209,-0.000000,-0.000000,-0.001789,1.000000,0.000000,-0.000000,-0.000000,-0.000000,0.000000,0.000000,4510.359626,-0.000000,0.000000,0.000000,1999.707816,2110.368091,1999.707816,2110.368091,1999.707816,2110.368091,1999.707816,2110.368091,0.008264,75
3.880257,1,-5.000000,-0.000000,3.995227,0.000000,0.000000,0.000000,0.000000,0.000000,0.000000,-0.000000,-5.000000,-0.000000,3.999200,-0.000000,-0.000000,-0.001814,1.000000,0.000000,-0.000000,-0.000000,-0.000000,0.000000,0.000000,4510.398397,-0.000000,0.000000,0.000000,1999.716142,2110.376975,1999.716142,2110.376975,1999.716142,2110.376975,1999.716142,2110.376975,0.008264,75
3.885220,1,-5.000000,-0.000000,3.995227,0.000000,0.000000,0.000000,0.000000,0.000000,0.000000,-0.000000,-5.000000,-0.000000,3.999191,-0.000000,-0.000000,-0.001840,1.000000,0.000000,-0.000000,-0.000000,-0.000000,0.000000,0.000000,4510.436278,-0.000000,0.000000,0.000000,1999.724276,2110.385654,1999.724276,2110.385654,1999.724276,2110.385654,1999.724276,2110.385654,0.008263,75
3.890329,1,-5.000000,-0.000000,3.995227,0.000000,0.000000,0.000000,0.000000,0.000000,0.000000,-0.000000,-5.000000,-0.000000,3.999181,-0.000000,-0.000000,-0.001865,1.000000,0.000000,-0.000000,-0.000000,-0.000000,0.000000,0.000000,4510.474141,-0.000000,0.000000,0.000000,1999.732407,2110.394330,1999.732407,2110.394330,1999.732407,2110.394330,1999.732407,2110.394330,0.008263,75
3.895341,1,-5.000000,-0.000000,3.995227,0.000000,0.000000,0.000000,0.000000,0.000000,0.000000,-0.000000,-5.000000,-0.000000,3.999172,-0.000000,-0.000000,-0.001890,1.000000,0.000000,-0.000000,-0.000000,-0.000000,0.000000,0.000000,4510.512750,-0.000000,0.000000,0.000000,1999.740698,2110.403177,1999.740698,2110.403177,1999.740698,2110.403177,1999.740698,2110.403177,0.008263,75
3.900324,1,-5.000000,-0.000000,3.995227,0.000000,0.000000,0.000000,0.000000,0.000000,0.000000,-0.000000,-5.000000,-0.000000,3.999162,-0.000000,-0.000000,-0.001914,1.000000,0.000000,-0.000000,-0.000000,-0.000000,0.000000,0.000000,4510.550272,-0.000000,0.000000,0.000000,1999.748755,2110.411774,1999.748755,2110.411774,1999.748755,2110.411774,1999.748755,2110.411774,0.008262,75
3.905320,1,-5.000000,-0.000000,3.995227,0.000000,0.000000,0.000000,0.000000,0.000000,0.000000,-0.000000,-5.000000,-0.000000,3.999153,-0.000000,-0.000000,-0.001938,1.000000,0.000000,-0.000000,-0.000000,-0.000000,0.000000,0.000000,4510.587236,-0.000000,0.000000,-0.000000,1999.756693,2110.420244,1999.756693,2110.420244,1999.756693,2110.420244,1999.756693,2110.420244,0.008262,75
3.910326,1,-5.000000,-0.000000,3.995227,0.000000,0.000000,0.000000,0.000000,0.000000,0.000000,-0.000000,-5.000000,-0.000000,3.999143,-0.000000,-0.000000,-0.001961,1.000000,0.000000,-0.000000,-0.000000,-0.000000,0.000000,0.000000,4510.623952,-0.000000,0.000000,-0.000000,1999.764577,2110.428657,1999.764577,2110.428657,1999.764577,2110.428657,1999.764577,2110.428657,0.008262,75
3.915340,1,-5.000000,-0.000000,3.995227,0.000000,0.000000,0.000000,0.000000,0.000000,0.000000,-0.000000,-5.000000,-0.000000,3.999133,-0.000000,-0.000000,-0.001984,1.000000,0.000000,-0.000000,-0.000000,-0.000000,0.000000,0.000000,4510.660395,-0.000000,0.000000,-0.000000,1999.772402,2110.437007,1999.772402,2110.437007,1999.772402,2110.437007,1999.772402,2110.437007,0.008262,75
3.920364,1,-5.000000,-0.000000,3.995227,0.000000,0.000000,0.000000,0.000000,0.000000,0.000000,-0.000000,-5.000000,-0.000000,3.999123,-0.000000,-0.000000,-0.002007,1.000000,0.000000,-0.000000,-0.000000,-0.000000,0.000000,0.000000,4510.696555,-0.000000,0.000000,-0.000000,1999.780167,2110.445292,1999.780167,2110.445292,1999.780167,2110.445292,1999.780167,2110.445292,0.008261,75
3.925342,1,-5.000000,-0.000000,3.995227,0.000000,0.000000,0.000000,0.000000,0.000000,0.000000,-0.000000,-5.000000,-0.000000,3.999113,-0.000000,-0.000000,-0.002029,1.000000,0.000000,-0.000000,-0.000000,-0.000000,0.000000,0.000000,4510.732441,-0.000000,0.000000,-0.000000,1999.787873,2110.453515,1999.787873,2110.453515,1999.787873,2110.453515,1999.787873,2110.453515,0.008261,75
3.930347,1,-5.000000,-0.000000,3.995227,0.000000,0.000000,0.000000,0.000000,0.000000,0.000000,-0.000000,-5.000000,-0.000000,3.999103,-0.000000,-0.000000,-0.002051,1.000000,0.000000,-0.000000,-0.000000,-0.000000,0.000000,0.000000,4510.767671,-0.000000,0.000000,-0.000000,1999.795438,2110.461587,1999.795438,2110.461587,1999.795438,2110.461587,1999.795438,2110.461587,0.008261,75
3.935215,1,-5.000000,-0.000000,3.995227,0.000000,0.000000,0.000000,0.000000,0.000000,0.000000,-0.000000,-5.000000,-0.000000,3.999093,-0.000000,-0.000000,-0.002072,1.000000,0.000000,-0.000000,-0.000000,-0.000000,0.000000,0.000000,4510.802750,-0.000000,0.000000,-0.000000,1999.802971,2110.469625,1999.802971,2110.469625,1999.802971,2110.469625,1999.802971,2110.469625,0.008261,75
3.940343,1,-5.000000,-0.000000,3.995227,0.000000,0.000000,0.000000,0.000000,0.000000,0.000000,-0.000000,-5.000000,-0.000000,3.999082,-0.000000,-0.000000,-0.002093,1.000000,0.000000,-0.000000,-0.000000,-0.000000,0.000000,0.000000,4510.836558,-0.000000,0.000000,-0.000000,1999.810230,2110.477371,1999.810230,2110.477371,1999.810230,2110.477371,1999.810230,2110.477371,0.008260,75
3.945349,1,-5.000000,-0.000000,3.995227,0.000000,0.000000,0.000000,0.000000,0.000000,0.000000,-0.000000,-5.000000,-0.000000,3.999071,-0.000000,-0.000000,-0.002114,1.000000,0.000000,-0.000000,-0.000000,-0.000000,0.000000,0.000000,4510.871823,-0.000000,0.000000,-0.000000,1999.817803,2110.485451,1999.817803,2110.485451,1999.817803,2110.485451,1999.817803,2110.485451,0.008260,75
3.950352,1,-5.000000,-0.000000,3.995227,0.000000,0.000000,0.000000,0.000000,0.000000,0.000000,-0.000000,-5.000000,-0.000000,3.999061,-0.000000,-0.000000,-0.002134,1.000000,0.000000,-0.000000,-0.000000,-0.000000,0.000000,0.000000,4510.905926,-0.000000,0.000000,-0.000000,1999.825125,2110.493265,1999.825125,2110.493265,1999.825125,2110.493265,1999.825125,2110.493265,0.008260,75
3.955347,1,-5.000000,-0.000000,3.995227,0.000000,0.000000,0.000000,0.000000,0.000000,0.000000,-0.000000,-5.000000,-0.000000,3.999050,-0.000000,-0.000000,-0.002154,1.000000,0.000000,-0.000000,-0.000000,-0.000000,0.000000,0.000000,4510.939670,-0.000000,0.000000,-0.000000,1999.832371,2110.500997,1999.832371,2110.500997,1999.832371,2110.500997,1999.832371,2110.500997,0.008260,75
3.960358,1,-5.000000,-0.000000,3.995227,0.000000,0.000000,0.000000,0.000000,0.000000,0.000000,-0.000000,-5.000000,-0.000000,3.999039,-0.000000,-0.000000,-0.002173,1.000000,0.000000,-0.000000,-0.000000,-0.000000,0.000000,0.000000,4510.973042,-0.000000,0.000000,-0.000000,1999.839537,2110.508643,1999.839537,2110.508643,1999.839537,2110.508643,1999.839537,2110.508643,0.008259,75
3.965231,1,-5.000000,-0.000000,3.995227,0.000000,0.000000,0.000000,0.000000,0.000000,0.000000,-0.000000,-5.000000,-0.000000,3.999028,-0.000000,-0.000000,-0.002192,1.000000,0.000000,-0.000000,-0.000000,-0.000000,0.000000,0.000000,4511.006201,-0.000000,0.000000,-0.000000,1999.846657,2110.516241,1999.846657,2110.516241,1999.846657,2110.516241,1999.846657,2110.516241,0.008259,75
3.970287,1,-5.000000,-0.000000,3.995227,0.000000,0.000000,0.000000,0.000000,0.000000,0.000000,-0.000000,-5.000000,-0.000000,3.999017,-0.000000,-0.000000,-0.002211,1.000000,0.000000,-0.000000,-0.000000,-0.000000,0.000000,0.000000,4511.038137,-0.000000,0.000000,-0.000000,1999.853514,2110.523558,1999.853514,2110.523558,1999.853514,2110.523558,1999.853514,2110.523558,0.008259,75
3.975324,1,-5.000000,-0.000000,3.995227,0.000000,0.000000,0.000000,0.000000,0.000000,0.000000,-0.000000,-5.000000,-0.000000,3.999006,-0.000000,-0.000000,-0.002229,1.000000,0.000000,-0.000000,-0.000000,-0.000000,0.000000,0.000000,4511.070946,-0.000000,0.000000,-0.000000,1999.860559,2110.531075,1999.860559,2110.531075,1999.860559,2110.531075,1999.860559,2110.531075,0.008259,75
3.980321,1,-5.000000,-0.000000,3.995227,0.000000,0.000000,0.000000,0.000000,0.000000,0.000000,-0.000000,-5.000000,-0.000000,3.998995,-0.000000,-0.000000,-0.002247,1.000000,-0.000000,-0.000000,-0.000000,-0.000000,0.000000,0.000000,4511.103318,-0.000000,0.000000,-0.000000,1999.867510,2110.538493,1999.867510,2110.538493,1999.867510,2110.538493,1999.867510,2110.538493,0.008258,75
3.985335,1,-5.000000,-0.000000,3.995227,0.000000,0.000000,0.000000,0.000000,0.000000,0.000000,-0.000000,-5.000000,-0.000000,3.998983,-0.000000,-0.000000,-0.002265,1.000000,-0.000000,-0.000000,-0.000000,-0.000000,0.000000,0.000000,4511.135109,-0.000000,0.000000,-0.000000,1999.874337,2110.545777,1999.874337,2110.545777,1999.874337,2110.545777,1999.874337,2110.545777,0.008258,75
3.990328,1,-5.000000,-0.000000,3.995227,0.000000,0.000000,0.000000,0.000000,0.000000,0.000000,-0.000000,-5.000000,-0.000000,3.998972,-0.000000,-0.000000,-0.002282,1.000000,-0.000000,-0.000000,-0.000000,-0.000000,0.000000,0.000000,4511.166700,-0.000000,0.000000,-0.000000,1999.881120,2110.553015,1999.881120,2110.553015,1999.881120,2110.553015,1999.881120,2110.553015,0.008258,75
3.995327,1,-5.000000,-0.000000,3.995227,0.000000,0.000000,0.000000,0.000000,0.000000,0.000000,-0.000000,-5.000000,-0.000000,3.998960,-0.000000,-0.000000,-0.002299,1.000000,-0.000000,-0.000000,-0.000000,-0.000000,0.000000,0.000000,4511.197854,-0.000000,0.000000,-0.000000,1999.887809,2110.560153,1999.887809,2110.560153,1999.887809,2110.560153,1999.887809,2110.560153,0.008258,75
4.000321,1,-5.000000,-0.000000,3.995227,0.000000,0.000000,0.000000,0.000000,0.000000,0.000000,-0.000000,-5.000000,-0.000000,3.998949,-0.000000,-0.000000,-0.002315,1.000000,-0.000000,-0.000000,-0.000000,-0.000000,0.000000,0.000000,4511.228729,-0.000000,0.000000,-0.000000,1999.894439,2110.567228,1999.894439,2110.567228,1999.894439,2110.567228,1999.894439,2110.567228,0.008258,75
4.005227,1,-5.000000,-0.000000,3.995227,0.000000,0.000000,0.000000,0.000000,0.000000,0.000000,-0.000000,-5.000000,-0.000000,3.998937,-0.000000,-0.000000,-0.002331,1.000000,-0.000000,-0.000000,-0.000000,-0.000000,0.000000,0.000000,4511.259270,-0.000000,0.000000,-0.000000,1999.900996,2110.574225,1999.900996,2110.574225,1999.900996,2110.574225,1999.900996,2110.574225,0.008257,75
4.010363,1,-5.000000,-0.000000,3.995227,0.000000,0.000000,0.000000,0.000000,0.000000,0.000000,-0.000000,-5.000000,-0.000000,3.998925,-0.000000,-0.000000,-0.002348,1.000000,-0.000000,-0.000000,-0.000000,-0.000000,0.000000,0.000000,4511.288981,-0.000000,0.000000,-0.000000,1999.907376,2110.581033,1999.907376,2110.581033,1999.907376,2110.581033,1999.907376,2110.581033,0.008257,75
4.015331,1,-5.000000,-0.000000,3.995227,0.000000,0.000000,0.000000,0.000000,0.000000,0.000000,-0.000000,-5.000000,-0.000000,3.998913,-0.000000,-0.000000,-0.002363,1.000000,-0.000000,-0.000000,-0.000000,-0.000000,0.000000,0.000000,4511.319767,-0.000000,0.000000,-0.000000,1999.913986,2110.588087,1999.913986,2110.588087,1999.913986,2110.588087,1999.913986,2110.588087,0.008257,75
4.020335,1,-5.000000,-0.000000,3.995227,0.000000,0.000000,0.000000,0.000000,0.000000,0.000000,-0.000000,-5.000000,-0.000000,3.998902,-0.000000,-0.000000,-0.002378,1.000000,-0.000000,-0.000000,-0.000000,-0.000000,0.000000,0.000000,4511.349247,-0.000000,0.000000,-0.000000,1999.920316,2110.594841,1999.920316,2110.594841,1999.920316,2110.594841,1999.920316,2110.594841,0.008257,75
4.025335,1,-5.000000,-0.000000,3.995227,0.000000,0.000000,0.000000,0.000000,0.000000,0.000000,-0.000000,-5.000000,-0.000000,3.998890,-0.000000,-0.000000,-0.002393,1.000000,-0.000000,-0.000000,-0.000000,-0.000000,0.000000,0.000000,4511.378646,-0.000000,0.000000,-0.000000,1999.926628,2110.601577,1999.926628,2110.601577,1999.926628,2110.601577,1999.926628,2110.601577,0.008256,75
4.030357,1,-5.000000,-0.000000,3.995227,0.000000,0.000000,0.000000,0.000000,0.000000,0.000000,-0.000000,-5.000000,-0.000000,3.998878,-0.000000,-0.000000,-0.002407,1.000000,-0.000000,-0.000000,-0.000000,-0.000000,0.000000,0.000000,4511.407721,-0.000000,0.000000,-0.000000,1999.932871,2110.608239,1999.932871,2110.608239,1999.932871,2110.608239,1999.932871,2110.608239,0.008256,75
4.035349,1,-5.000000,-0.000000,3.995227,0.000000,0.000000,0.000000,0.000000,0.000000,0.000000,-0.000000,-5.000000,-0.000000,3.998865,-0.000000,-0.000000,-0.002421,1.000000,-0.000000,-0.000000,-0.000000,-0.000000,0.000000,0.000000,4511.436630,-0.000000,0.000000,-0.000000,1999.939078,2110.614862,1999.939078,2110.614862,1999.939078,2110.614862,1999.939078,2110.614862,0.008256,75
4.040336,1,-5.000000,-0.000000,3.995227,0.000000,0.000000,0.000000,0.000000,0.000000,0.000000,-0.000000,-5.000000,-0.000000,3.998853,-0.000000,-0.000000,-0.002435,1.000000,-0.000000,-0.000000,-0.000000,-0.000000,0.000000,0.000000,4511.465070,-0.000000,0.000000,-0.000000,1999.945185,2110.621379,1999.945185,2110.621379,1999.945185,2110.621379,1999.945185,2110.621379,0.008256,75
4.045332,1,-5.000000,-0.000000,3.995227,0.000000,0.000000,0.000000,0.000000,0.000000,0.000000,-0.000000,-5.000000,-0.000000,3.998841,-0.000000,-0.000000,-0.002449,1.000000,-0.000000,-0.000000,-0.000000,-0.000000,0.000000,0.000000,4511.493194,-0.000000,0.000000,-0.000000,1999.951223,2110.627822,1999.951223,2110.627822,1999.951223,2110.627822,1999.951223,2110.627822,0.008256,75
4.050346,1,-5.000000,-0.000000,3.995227,0.000000,0.000000,0.000000,0.000000,0.000000,0.000000,-0.000000,-5.000000,-0.000000,3.998829,-0.000000,-0.000000,-0.002462,1.000000,-0.000000,-0.000000,-0.000000,-0.000000,0.000000,0.000000,4511.521083,-0.000000,0.000000,-0.000000,1999.957211,2110.634213,1999.957211,2110.634213,1999.957211,2110.634213,1999.957211,2110.634213,0.008255,75
4.055366,1,-5.000000,-0.000000,3.995227,0.000000,0.000000,0.000000,0.000000,0.000000,0.000000,-0.000000,-5.000000,-0.000000,3.998816,-0.000000,-0.000000,-0.002475,1.000000,-0.000000,-0.000000,-0.000000,-0.000000,0.000000,0.000000,4511.548784,-0.000000,0.000000,-0.000000,1999.963159,2110.640559,1999.963159,2110.640559,1999.963159,2110.640559,1999.963159,2110.640559,0.008255,75
4.060350,1,-5.000000,-0.000000,3.995227,0.000000,0.000000,0.000000,0.000000,0.000000,0.000000,-0.000000,-5.000000,-0.000000,3.998804,-0.000000,-0.000000,-0.002487,1.000000,-0.000000,-0.000000,-0.000000,-0.000000,0.000000,0.000000,4511.576230,-0.000000,0.000000,-0.000000,1999.969052,2110.646848,1999.969052,2110.646848,1999.969052,2110.646848,1999.969052,2110.646848,0.008255,75
4.065235,1,-5.000000,-0.000000,3.995227,0.000000,0.000000,0.000000,0.000000,0.000000,0.000000,-0.000000,-5.000000,-0.000000,3.998792,-0.000000,-0.000000,-0.002499,1.000000,-0.000000,-0.000000,-0.000000,-0.000000,0.000000,0.000000,4511.603201,-0.000000,0.000000,-0.000000,1999.974843,2110.653027,1999.974843,2110.653027,1999.974843,2110.653027,1999.974843,2110.653027,0.008255,75
4.070265,1,-5.000000,-0.000000,3.995227,0.000000,0.000000,0.000000,0.000000,0.000000,0.000000,-0.000000,-5.000000,-0.000000,3.998779,-0.000000,-0.000000,-0.002511,1.000000,-0.000000,-0.000000,-0.000000,-0.000000,0.000000,0.000000,4511.629364,-0.000000,0.000000,-0.000000,1999.980460,2110.659022,1999.980460,2110.659022,1999.980460,2110.659022,1999.980460,2110.659022,0.008255,75
4.075351,1,-5.000000,-0.000000,3.995227,0.000000,0.000000,0.000000,0.000000,0.000000,0.000000,-0.000000,-5.000000,-0.000000,3.998766,-0.000000,-0.000000,-0.002523,1.000000,-0.000000,-0.000000,-0.000000,-0.000000,0.000000,0.000000,4511.656026,-0.000000,0.000000,-0.000000,1999.986185,2110.665131,1999.986185,2110.665131,1999.986185,2110.665131,1999.986185,2110.665131,0.008254,75
4.080347,1,-5.000000,-0.000000,3.995227,0.000000,0.000000,0.000000,0.000000,0.000000,0.000000,-0.000000,-5.000000,-0.000000,3.998754,-0.000000,-0.000000,-0.002534,1.000000,-0.000000,-0.000000,-0.000000,-0.000000,0.000000,0.000000,4511.682692,-0.000000,0.000000,-0.000000,1999.991910,2110.671240,1999.991910,2110.671240,1999.991910,2110.671240,1999.991910,2110.671240,0.008254,75
4.085318,1,-5.000000,-0.000000,3.995227,0.000000,0.000000,0.000000,0.000000,0.000000,0.000000,-0.000000,-5.000000,-0.000000,3.998741,-0.000000,-0.000000,-0.002545,1.000000,-0.000000,-0.000000,-0.000000,-0.000000,0.000000,0.000000,4511.708616,-0.000000,0.000000,-0.000000,1999.997476,2110.677180,1999.997476,2110.677180,1999.997476,2110.677180,1999.997476,2110.677180,0.008254,75
4.090344,1,-5.000000,-0.000000,3.995227,0.000000,0.000000,0.000000,0.000000,0.000000,0.000000,-0.000000,-5.000000,-0.000000,3.998728,-0.000000,-0.000000,-0.002556,1.000000,-0.000000,-0.000000,-0.000000,-0.000000,0.000000,0.000000,4511.734140,-0.000000,0.000000,-0.000000,2000.002956,2110.683028,2000.002956,2110.683028,2000.002956,2110.683028,2000.002956,2110.683028,0.008254,75
4.095356,1,-5.000000,-0.000000,3.995227,0.000000,0.000000,0.000000,0.000000,0.000000,0.000000,-0.000000,-5.000000,-0.000000,3.998715,-0.000000,-0.000000,-0.002567,1.000000,-0.000000,-0.000000,-0.000000,-0.000000,0.000000,0.000000,4511.759670,-0.000000,0.000000,-0.000000,2000.008438,2110.688877,2000.008438,2110.688877,2000.008438,2110.688877,2000.008438,2110.688877,0.008254,75
4.100245,1,-5.000000,-0.000000,3.995227,0.000000,0.000000,0.000000,0.000000,0.000000,0.000000,-0.000000,-5.000000,-0.000000,3.998703,-0.000000,-0.000000,-0.002576,1.000000,-0.000000,-0.000000,-0.000000,-0.000000,0.000000,0.000000,4511.784857,-0.000000,0.000000,-0.000000,2000.013845,2110.694648,2000.013845,2110.694648,2000.013845,2110.694648,2000.013845,2110.694648,0.008254,75
4.105228,1,-5.000000,-0.000000,3.995227,0.000000,0.000000,0.000000,0.000000,0.000000,0.000000,-0.000000,-5.000000,-0.000000,3.998690,-0.000000,-0.000000,-0.002586,1.000000,-0.000000,-0.000000,-0.000000,-0.000000,0.000000,0.000000,4511.809174,-0.000000,0.000000,-0.000000,2000.019066,2110.700220,2000.019066,2110.700220,2000.019066,2110.700220,2000.019066,2110.700220,0.008253,75
4.110342,1,-5.000000,-0.000000,3.995227,0.000000,0.000000,0.000000,0.000000,0.000000,0.000000,-0.000000,-5.000000,-0.000000,3.998676,-0.000000,-0.000000,-0.002596,1.000000,-0.000000,-0.000000,0.000000,-0.000000,0.000000,0.000000,4511.833693,-0.000000,0.000000,-0.000000,2000.024330,2110.705837,2000.024330,2110.705837,2000.024330,2110.705837,2000.024330,2110.705837,0.008253,75
4.115384,1,-5.000000,-0.000000,3.995227,0.000000,0.000000,0.000000,0.000000,0.000000,0.000000,-0.000000,-5.000000,-0.000000,3.998663,-0.000000,-0.000000,-0.002605,1.000000,-0.000000,-0.000000,0.000000,-0.000000,0.000000,0.000000,4511.858578,-0.000000,0.000000,-0.000000,2000.029673,2110.711539,2000.029673,2110.711539,2000.029673,2110.711539,2000.029673,2110.711539,0.008253,75
4.120372,1,-5.000000,-0.000000,3.995227,0.000000,0.000000,0.000000,0.000000,0.000000,0.000000,-0.000000,-5.000000,-0.000000,3.998650,-0.000000,-0.000000,-0.002614,1.000000,-0.000000,-0.000000,0.000000,-0.000000,0.000000,0.000000,4511.882850,-0.000000,0.000000,-0.000000,2000.034885,2110.717100,2000.034885,2110.717100,2000.034885,2110.717100,2000.034885,2110.717100,0.008253,75
4.125245,1,-5.000000,-0.000000,3.995227,0.000000,0.000000,0.000000,0.000000,0.000000,0.000000,-0.000000,-5.000000,-0.000000,3.998637,-0.000000,-0.000000,-0.002623,1.000000,-0.000000,-0.000000,0.000000,-0.000000,0.000000,0.000000,4511.906600,-0.000000,0.000000,-0.000000,2000.039984,2110.722542,2000.039984,2110.722542,2000.039984,2110.722542,2000.039984,2110.722542,0.008253,75
4.130302,1,-5.000000,-0.000000,3.995227,0.000000,0.000000,0.000000,0.000000,0.000000,0.000000,-0.000000,-5.000000,-0.000000,3.998624,-0.000000,-0.000000,-0.002632,1.000000,-0.000000,-0.000000,0.000000,-0.000000,0.000000,0.000000,4511.929557,-0.000000,0.000000,-0.000000,2000.044912,2110.727801,2000.044912,2110.727801,2000.044912,2110.727801,2000.044912,2110.727801,0.008252,75
4.135342,1,-5.000000,-0.000000,3.995227,0.000000,0.000000,0.000000,0.000000,0.000000,0.000000,-0.000000,-5.000000,-0.000000,3.998611,-0.000000,-0.000000,-0.002640,1.000000,-0.000000,-0.000000,0.000000,-0.000000,0.000000,0.000000,4511.953117,-0.000000,0.000000,-0.000000,2000.049971,2110.733199,2000.049971,2110.733199,2000.049971,2110.733199,2000.049971,2110.733199,0.008252,75
4.140357,1,-5.000000,-0.000000,3.995227,0.000000,0.000000,0.000000,0.000000,0.000000,0.000000,-0.000000,-5.000000,-0.000000,3.998598,-0.000000,-0.000000,-0.002648,1.000000,-0.000000,-0.000000,0.000000,-0.000000,0.000000,0.000000,4511.976341,-0.000000,0.000000,-0.000000,2000.054957,2110.738521,2000.054957,2110.738521,2000.054957,2110.738521,2000.054957,2110.738521,0.008252,75
4.145270,1,-5.000000,-0.000000,3.995227,0.000000,0.000000,0.000000,0.000000,0.000000,0.000000,-0.000000,-5.000000,-0.000000,3.998585,-0.000000,-0.000000,-0.002655,1.000000,-0.000000,-0.000000,0.000000,-0.000000,0.000000,0.000000,4511.999196,-0.000000,0.000000,-0.000000,2000.059864,2110.743757,2000.059864,2110.743757,2000.059864,2110.743757,2000.059864,2110.743757,0.008252,75
4.150273,1,-5.000000,-0.000000,3.995227,0.000000,0.000000,0.000000,0.000000,0.000000,0.000000,-0.000000,-5.000000,-0.000000,3.998571,-0.000000,-0.000000,-0.002663,1.000000,-0.000000,-0.000000,0.000000,-0.000000,0.000000,0.000000,4512.021343,-0.000000,0.000000,-0.000000,2000.064619,2110.748831,2000.064619,2110.748831,2000.064619,2110.748831,2000.064619,2110.748831,0.008252,75
4.155362,1,-5.000000,-0.000000,3.995227,0.000000,0.000000,0.000000,0.000000,0.000000,0.000000,-0.000000,-5.000000,-0.000000,3.998558,-0.000000,-0.000000,-0.002670,1.000000,-0.000000,-0.000000,0.000000,-0.000000,0.000000,0.000000,4512.043647,-0.000000,0.000000,-0.000000,2000.069407,2110.753941,2000.069407,2110.753941,2000.069407,2110.753941,2000.069407,2110.753941,0.008252,75
4.160290,1,-5.000000,-0.000000,3.995227,0.000000,0.000000,0.000000,0.000000,0.000000,0.000000,-0.000000,-5.000000,-0.000000,3.998544,-0.000000,-0.000000,-0.002677,1.000000,-0.000000,-0.000000,0.000000,-0.000000,0.000000,0.000000,4512.066075,-0.000000,0.000000,-0.000000,2000.074222,2110.759080,2000.074222,2110.759080,2000.074222,2110.759080,2000.074222,2110.759080,0.008251,75
4.165223,1,-5.000000,-0.000000,3.995227,0.000000,0.000000,0.000000,0.000000,0.000000,0.000000,-0.000000,-5.000000,-0.000000,3.998531,-0.000000,-0.000000,-0.002683,1.000000,-0.000000,0.000000,0.000000,-0.000000,0.000000,0.000000,4512.087552,-0.000000,0.000000,-0.000000,2000.078834,2110.764001,2000.078834,2110.764001,2000.078834,2110.764001,2000.078834,2110.764001,0.008251,75
4.170294,1,-5.000000,-0.000000,3.995227,0.000000,0.000000,0.000000,0.000000,0.000000,0.000000,-0.000000,-5.000000,-0.000000,3.998518,-0.000000,-0.000000,-0.002690,1.000000,-0.000000,0.000000,0.000000,-0.000000,0.000000,0.000000,4512.108818,-0.000000,0.000000,-0.000000,2000.083399,2110.768873,2000.083399,2110.768873,2000.083399,2110.768873,2000.083399,2110.768873,0.008251,75
4.175341,1,-5.000000,-0.000000,3.995227,0.000000,0.000000,0.000000,0.000000,0.000000,0.000000,-0.000000,-5.000000,-0.000000,3.998504,-0.000000,-0.000000,-0.002696,1.000000,-0.000000,0.000000,0.000000,-0.000000,0.000000,-0.000000,4512.130428,-0.000000,0.000000,-0.000000,2000.088039,2110.773824,2000.088039,2110.773824,2000.088039,2110.773824,2000.088039,2110.773824,0.008251,75
4.180272,1,-5.000000,-0.000000,3.995227,0.000000,0.000000,0.000000,0.000000,0.000000,0.000000,-0.000000,-5.000000,-0.000000,3.998491,-0.000000,-0.000000,-0.002702,1.000000,-0.000000,0.000000,0.000000,-0.000000,0.000000,-0.000000,4512.151691,-0.000000,0.000000,-0.000000,2000.092604,2110.778696,2000.092604,2110.778696,2000.092604,2110.778696,2000.092604,2110.778696,0.008251,75
4.185224,1,-5.000000,-0.000000,3.995227,0.000000,0.000000,0.000000,0.000000,0.000000,0.000000,-0.000000,-5.000000,-0.000000,3.998477,-0.000000,-0.000000,-0.002708,1.000000,-0.000000,0.000000,0.000000,-0.000000,0.000000,-0.000000,4512.172233,-0.000000,0.000000,-0.000000,2000.097014,2110.783402,2000.097014,2110.783402,2000.097014,2110.783402,2000.097014,2110.783402,0.008251,75
4.190325,1,-5.000000,-0.000000,3.995227,0.000000,0.000000,0.000000,0.000000,0.000000,0.000000,-0.000000,-5.000000,-0.000000,3.998463,-0.000000,-0.000000,-0.002713,1.000000,-0.000000,0.000000,0.000000,-0.000000,0.000000,-0.000000,4512.192630,-0.000000,-0.000000,0.000000,2000.101393,2110.788075,2000.101393,2110.788075,2000.101393,2110.788075,2000.101393,2110.788075,0.008251,75
4.195345,1,-5.000000,-0.000000,3.995227,0.000000,0.000000,0.000000,0.000000,0.000000,0.000000,-0.000000,-5.000000,-0.000000,3.998450,-0.000000,-0.000000,-0.002718,1.000000,-0.000000,0.000000,0.000000,-0.000000,0.000000,-0.000000,4512.213393,-0.000000,-0.000000,-0.000000,2000.105851,2110.792833,2000.105851,2110.792833,2000.105851,2110.792833,2000.105851,2110.792833,0.008250,75
4.200228,1,-5.000000,-0.000000,3.995227,0.000000,0.000000,0.000000,0.000000,0.000000,0.000000,-0.000000,-5.000000,-0.000000,3.998436,-0.000000,-0.000000,-0.002723,1.000000,-0.000000,0.000000,0.000000,-0.000000,0.000000,-0.000000,4512.233593,-0.000000,-0.000000,-0.000000,2000.110187,2110.797460,2000.110187,2110.797460,2000.110187,2110.797460,2000.110187,2110.797460,0.008250,75
4.205228,1,-5.000000,-0.000000,3.995227,0.000000,0.000000,0.000000,0.000000,0.000000,0.000000,-0.000000,-5.000000,-0.000000,3.998423,-0.000000,-0.000000,-0.002728,1.000000,-0.000000,0.000000,0.000000,-0.000000,0.000000,-0.000000,4512.253021,-0.000000,-0.000000,-0.000000,2000.114359,2110.801912,2000.114359,2110.801912,2000.114359,2110.801912,2000.114359,2110.801912,0.008250,75
4.210248,1,-5.000000,-0.000000,3.995227,0.000000,0.000000,0.000000,0.000000,0.000000,0.000000,-0.000000,-5.000000,-0.000000,3.998409,-0.000000,-0.000000,-0.002733,1.000000,-0.000000,0.000000,0.000000,-0.000000,0.000000,-0.000000,4512.272682,-0.000000,-0.000000,-0.000000,2000.118580,2110.806416,2000.118580,2110.806416,2000.118580,2110.806416,2000.118580,2110.806416,0.008250,75
4.215229,1,-5.000000,-0.000000,3.995227,0.000000,0.000000,0.000000,0.000000,0.000000,0.000000,-0.000000,-5.000000,-0.000000,3.998395,-0.000000,-0.000000,-0.002737,1.000000,-0.000000,0.000000,0.000000,-0.000000,0.000000,-0.000000,4512.292193,-0.000000,-0.000000,-0.000000,2000.122768,2110.810886,2000.122768,2110.810886,2000.122768,2110.810886,2000.122768,2110.810886,0.008250,75
4.220224,1,-5.000000,-0.000000,3.995227,0.000000,0.000000,0.000000,0.000000,0.000000,0.000000,-0.000000,-5.000000,-0.000000,3.998382,-0.000000,-0.000000,-0.002741,1.000000,-0.000000,0.000000,0.000000,-0.000000,0.000000,0.000000,4512.311325,-0.000000,-0.000000,-0.000000,2000.126876,2110.815270,2000.126876,2110.815270,2000.126876,2110.815270,2000.126876,2110.815270,0.008250,75
4.225332,1,-5.000000,-0.000000,3.995227,0.000000,0.000000,0.000000,0.000000,0.000000,0.000000,-0.000000,-5.000000,-0.000000,3.998368,-0.000000,-0.000000,-0.002745,1.000000,-0.000000,0.000000,0.000000,-0.000000,0.000000,0.000000,4512.330288,-0.000000,-0.000000,-0.000000,2000.130947,2110.819614,2000.130947,2110.819614,2000.130947,2110.819614,2000.130947,2110.819614,0.008250,75
4.230330,1,-5.000000,-0.000000,3.995227,0.000000,0.000000,0.000000,0.000000,0.000000,0.000000,-0.000000,-5.000000,-0.000000,3.998354,-0.000000,-0.000000,-0.002749,1.000000,-0.000000,0.000000,0.000000,-0.000000,0.000000,0.000000,4512.349445,-0.000000,-0.000000,-0.000000,2000.135060,2110.824004,2000.135060,2110.824004,2000.135060,2110.824004,2000.135060,2110.824004,0.008249,75
4.235262,1,-5.000000,-0.000000,3.995227,0.000000,0.000000,0.000000,0.000000,0.000000,0.000000,-0.000000,-5.000000,-0.000000,3.998340,-0.000000,-0.000000,-0.002752,1.000000,-0.000000,0.000000,0.000000,-0.000000,0.000000,0.000000,4512.367971,-0.000000,-0.000000,-0.000000,2000.139037,2110.828248,2000.139037,2110.828248,2000.139037,2110.828248,2000.139037,2110.828248,0.008249,75
4.240225,1,-5.000000,-0.000000,3.995227,0.000000,0.000000,0.000000,0.000000,0.000000,0.000000,-0.000000,-5.000000,-0.000000,3.998327,-0.000000,-0.000000,-0.002755,1.000000,-0.000000,0.000000,0.000000,-0.000000,0.000000,0.000000,4512.386036,-0.000000,-0.000000,-0.000000,2000.142915,2110.832387,2000.142915,2110.832387,2000.142915,2110.832387,2000.142915,2110.832387,0.008249,75
4.245213,1,-5.000000,-0.000000,3.995227,0.000000,0.000000,0.000000,0.000000,0.000000,0.000000,-0.000000,-5.000000,-0.000000,3.998313,-0.000000,-0.000000,-0.002758,1.000000,-0.000000,0.000000,0.000000,-0.000000,0.000000,0.000000,4512.403999,-0.000000,-0.000000,-0.000000,2000.146772,2110.836503,2000.146772,2110.836503,2000.146772,2110.836503,2000.146772,2110.836503,0.008249,75
4.250262,1,-5.000000,-0.000000,3.995227,0.000000,0.000000,0.000000,0.000000,0.000000,0.000000,-0.000000,-5.000000,-0.000000,3.998299,-0.000000,-0.000000,-0.002761,1.000000,-0.000000,0.000000,0.000000,-0.000000,0.000000,-0.000000,4512.421836,-0.000000,-0.000000,-0.000000,2000.150601,2110.840589,2000.150601,2110.840589,2000.150601,2110.840589,2000.150601,2110.840589,0.008249,75
4.255219,1,-5.000000,-0.000000,3.995227,0.000000,0.000000,0.000000,0.000000,0.000000,0.000000,-0.000000,-5.000000,-0.000000,3.998285,-0.000000,-0.000000,-0.002764,1.000000,-0.000000,0.000000,0.000000,-0.000000,0.000000,-0.000000,4512.439670,-0.000000,-0.000000,0.000000,2000.154430,2110.844675,2000.154430,2110.844675,2000.154430,2110.844675,2000.154430,2110.844675,0.008249,75
4.260342,1,-5.000000,-0.000000,3.995227,0.000000,0.000000,0.000000,0.000000,0.000000,0.000000,-0.000000,-5.000000,-0.000000,3.998271,-0.000000,-0.000000,-0.002766,1.000000,-0.000000,0.000000,0.000000,-0.000000,0.000000,-0.000000,4512.456972,-0.000000,-0.000000,-0.000000,2000.158144,2110.848639,2000.158144,2110.848639,2000.158144,2110.848639,2000.158144,2110.848639,0.008249,75
4.265347,1,-5.000000,-0.000000,3.995227,0.000000,0.000000,0.000000,0.000000,0.000000,0.000000,-0.000000,-5.000000,-0.000000,3.998257,-0.000000,-0.000000,-0.002768,1.000000,-0.000000,0.000000,0.000000,-0.000000,0.000000,-0.000000,4512.474631,-0.000000,-0.000000,-0.000000,2000.161935,2110.852685,2000.161935,2110.852685,2000.161935,2110.852685,2000.161935,2110.852685,0.008249,75
4.270359,1,-5.000000,-0.000000,3.995227,0.000000,0.000000,0.000000,0.000000,0.000000,0.000000,-0.000000,-5.000000,-0.000000,3.998243,-0.000000,-0.000000,-0.002770,1.000000,-0.000000,0.000000,0.000000,-0.000000,0.000000,0.000000,4512.491669,-0.000000,-0.000000,-0.000000,2000.165593,2110.856589,2000.165593,2110.856589,2000.165593,2110.856589,2000.165593,2110.856589,0.008248,75
4.275340,1,-5.000000,-0.000000,3.995227,0.000000,0.000000,0.000000,0.000000,0.000000,0.000000,-0.000000,-5.000000,-0.000000,3.998230,-0.000000,-0.000000,-0.002772,1.000000,-0.000000,0.000000,0.000000,-0.000000,0.000000,0.000000,4512.508527,-0.000000,-0.000000,-0.000000,2000.169212,2110.860451,2000.169212,2110.860451,2000.169212,2110.860451,2000.169212,2110.860451,0.008248,75
4.280227,1,-5.000000,-0.000000,3.995227,0.000000,0.000000,0.000000,0.000000,0.000000,0.000000,-0.000000,-5.000000,-0.000000,3.998216,-0.000000,-0.000000,-0.002774,1.000000,-0.000000,0.000000,0.000000,-0.000000,0.000000,0.000000,4512.525070,-0.000000,-0.000000,-0.000000,2000.172764,2110.864241,2000.172764,2110.864241,2000.172764,2110.864241,2000.172764,2110.864241,0.008248,75
4.285243,1,-5.000000,-0.000000,3.995227,0.000000,0.000000,0.000000,0.000000,0.000000,0.000000,-0.000000,-5.000000,-0.000000,3.998202,-0.000000,-0.000000,-0.002775,1.000000,-0.000000,0.000000,0.000000,-0.000000,0.000000,-0.000000,4512.541106,-0.000000,-0.000000,-0.000000,2000.176207,2110.867915,2000.176207,2110.867915,2000.176207,2110.867915,2000.176207,2110.867915,0.008248,75
4.290236,1,-5.000000,-0.000000,3.995227,0.000000,0.000000,0.000000,0.000000,0.000000,0.000000,-0.000000,-5.000000,-0.000000,3.998188,-0.000000,-0.000000,-0.002776,1.000000,-0.000000,0.000000,0.000000,-0.000000,0.000000,0.000000,4512.557362,-0.000000,-0.000000,-0.000000,2000.179696,2110.871639,2000.179696,2110.871639,2000.179696,2110.871639,2000.179696,2110.871639,0.008248,75
4.295238,1,-5.000000,-0.000000,3.995227,0.000000,0.000000,0.000000,0.000000,0.000000,0.000000,-0.000000,-5.000000,-0.000000,3.998174,-0.000000,-0.000000,-0.002777,1.000000,-0.000000,0.000000,0.000000,-0.000000,0.000000,0.000000,4512.573338,-0.000000,-0.000000,-0.000000,2000.183126,2110.875300,2000.183126,2110.875300,2000.183126,2110.875300,2000.183126,2110.875300,0.008248,75
4.300257,1,-5.000000,-0.000000,3.995227,0.000000,0.000000,0.000000,0.000000,0.000000,0.000000,-0.000000,-5.000000,-0.000000,3.998160,-0.000000,-0.000000,-0.002778,1.000000,-0.000000,0.000000,0.000000,-0.000000,0.000000,0.000000,4512.589144,-0.000000,-0.000000,-0.000000,2000.186519,2110.878921,2000.186519,2110.878921,2000.186519,2110.878921,2000.186519,2110.878921,0.008248,75
4.305224,1,-5.000000,-0.000000,3.995227,0.000000,0.000000,0.000000,0.000000,0.000000,0.000000,-0.000000,-5.000000,-0.000000,3.998147,-0.000000,-0.000000,-0.002779,1.000000,-0.000000,0.000000,0.000000,-0.000000,0.000000,0.000000,4512.604801,-0.000000,-0.000000,-0.000000,2000.189881,2110.882508,2000.189881,2110.882508,2000.189881,2110.882508,2000.189881,2110.882508,0.008248,75
4.310371,1,-5.000000,-0.000000,3.995227,0.000000,0.000000,0.000000,0.000000,0.000000,0.000000,-0.000000,-5.000000,-0.000000,3.998132,-0.000000,-0.000000,-0.002779,1.000000,-0.000000,0.000000,0.000000,-0.000000,0.000000,-0.000000,4512.620101,-0.000000,-0.000000,-0.000000,2000.193165,2110.886014,2000.193165,2110.886014,2000.193165,2110.886014,2000.193165,2110.886014,0.008247,75
4.315347,1,-5.000000,-0.000000,3.995227,0.000000,0.000000,0.000000,0.000000,0.000000,0.000000,-0.000000,-5.000000,-0.000000,3.998119,-0.000000,-0.000000,-0.002780,1.000000,-0.000000,0.000000,0.000000,-0.000000,0.000000,-0.000000,4512.635748,-0.000000,-0.000000,0.000000,2000.196524,2110.889598,2000.196524,2110.889598,2000.196524,2110.889598,2000.196524,2110.889598,0.008247,75
4.320327,1,-5.000000,-0.000000,3.995227,0.000000,0.000000,0.000000,0.000000,0.000000,0.000000,-0.000000,-5.000000,-0.000000,3.998105,-0.000000,-0.000000,-0.002780,1.000000,-0.000000,0.000000,0.000000,-0.000000,0.000000,-0.000000,4512.650683,-0.000000,-0.000000,0.000000,2000.199730,2110.893020,2000.199730,2110.893020,2000.199730,2110.893020,2000.199730,2110.893020,0.008247,75
4.325238,1,-5.000000,-0.000000,3.995227,0.000000,0.000000,0.000000,0.000000,0.000000,0.000000,-0.000000,-5.000000,-0.000000,3.998091,-0.000000,-0.000000,-0.002780,1.000000,-0.000000,0.000000,0.000000,-0.000000,0.000000,-0.000000,4512.665440,-0.000000,-0.000000,0.000000,2000.202899,2110.896401,2000.202899,2110.896401,2000.202899,2110.896401,2000.202899,2110.896401,0.008247,75
4.330270,1,-5.000000,-0.000000,3.995227,0.000000,0.000000,0.000000,0.000000,0.000000,0.000000,-0.000000,-5.000000,-0.000000,3.998077,-0.000000,-0.000000,-0.002780,1.000000,-0.000000,0.000000,0.000000,-0.000000,0.000000,-0.000000,4512.679805,-0.000000,-0.000000,-0.000000,2000.205983,2110.899692,2000.205983,2110.899692,2000.205983,2110.899692,2000.205983,2110.899692,0.008247,75
4.335355,1,-5.000000,-0.000000,3.995227,0.000000,0.000000,0.000000,0.000000,0.000000,0.000000,-0.000000,-5.000000,-0.000000,3.998063,-0.000000,-0.000000,-0.002779,1.000000,-0.000000,0.000000,0.000000,-0.000000,0.000000,-0.000000,4512.694332,-0.000000,-0.000000,-0.000000,2000.209101,2110.903021,2000.209101,2110.903021,2000.209101,2110.903021,2000.209101,2110.903021,0.008247,75
4.340342,1,-5.000000,-0.000000,3.995227,0.000000,0.000000,0.000000,0.000000,0.000000,0.000000,-0.000000,-5.000000,-0.000000,3.998049,-0.000000,-0.000000,-0.002779,1.000000,-0.000000,0.000000,0.000000,-0.000000,0.000000,-0.000000,4512.708818,-0.000000,-0.000000,-0.000000,2000.212211,2110.906339,2000.212211,2110.906339,2000.212211,2110.906339,2000.212211,2110.906339,0.008247,75
4.345241,1,-5.000000,-0.000000,3.995227,0.000000,0.000000,0.000000,0.000000,0.000000,0.000000,-0.000000,-5.000000,-0.000000,3.998035,-0.000000,-0.000000,-0.002778,1.000000,-0.000000,0.000000,0.000000,-0.000000,0.000000,-0.000000,4512.722838,-0.000000,-0.000000,-0.000000,2000.215221,2110.909551,2000.215221,2110.909551,2000.215221,2110.909551,2000.215221,2110.909551,0.008247,75
4.350280,1,-5.000000,-0.000000,3.995227,0.000000,0.000000,0.000000,0.000000,0.000000,0.000000,-0.000000,-5.000000,-0.000000,3.998021,-0.000000,-0.000000,-0.002777,1.000000,-0.000000,0.000000,0.000000,-0.000000,0.000000,-0.000000,4512.736432,-0.000000,-0.000000,0.000000,2000.218139,2110.912666,2000.218139,2110.912666,2000.218139,2110.912666,2000.218139,2110.912666,0.008247,75
4.355227,1,-5.000000,-0.000000,3.995227,0.000000,0.000000,0.000000,0.000000,0.000000,0.000000,-0.000000,-5.000000,-0.000000,3.998008,-0.000000,-0.000000,-0.002776,1.000000,-0.000000,0.000000,0.000000,-0.000000,0.000000,-0.000000,4512.750228,-0.000000,-0.000000,0.000000,2000.221101,2110.915827,2000.221101,2110.915827,2000.221101,2110.915827,2000.221101,2110.915827,0.008247,75
4.360360,1,-5.000000,-0.000000,3.995227,0.000000,0.000000,0.000000,0.000000,0.000000,0.000000,-0.000000,-5.000000,-0.000000,3.997993,-0.000000,-0.000000,-0.002775,1.000000,-0.000000,0.000000,0.000000,-0.000000,0.000000,-0.000000,4512.763595,-0.000000,-0.000000,0.000000,2000.223970,2110.918889,2000.223970,2110.918889,2000.223970,2110.918889,2000.223970,2110.918889,0.008246,75
4.365230,1,-5.000000,-0.000000,3.995227,0.000000,0.000000,0.000000,0.000000,0.000000,0.000000,-0.000000,-5.000000,-0.000000,3.997980,-0.000000,-0.000000,-0.002774,1.000000,-0.000000,0.000000,0.000000,-0.000000,0.000000,-0.000000,4512.777271,-0.000000,-0.000000,0.000000,2000.226906,2110.922023,2000.226906,2110.922023,2000.226906,2110.922023,2000.226906,2110.922023,0.008246,75
4.370275,1,-5.000000,-0.000000,3.995227,0.000000,0.000000,0.000000,0.000000,0.000000,0.000000,-0.000000,-5.000000,-0.000000,3.997966,-0.000000,-0.000000,-0.002772,1.000000,-0.000000,0.000000,-0.000000,-0.000000,0.000000,-0.000000,4512.790078,-0.000000,-0.000000,0.000000,2000.229656,2110.924957,2000.229656,2110.924957,2000.229656,2110.924957,2000.229656,2110.924957,0.008246,75
4.375334,1,-5.000000,-0.000000,3.995227,0.000000,0.000000,0.000000,0.000000,0.000000,0.000000,-0.000000,-5.000000,-0.000000,3.997952,-0.000000,-0.000000,-0.002771,1.000000,-0.000000,0.000000,-0.000000,-0.000000,0.000000,-0.000000,4512.803163,-0.000000,-0.000000,0.000000,2000.232465,2110.927954,2000.232465,2110.927954,2000.232465,2110.927954,2000.232465,2110.927954,0.008246,75
4.380328,1,-5.000000,-0.000000,3.995227,0.000000,0.000000,0.000000,0.000000,0.000000,0.000000,-0.000000,-5.000000,-0.000000,3.997938,-0.000000,-0.000000,-0.002769,1.000000,-0.000000,0.000000,-0.000000,-0.000000,0.000000,-0.000000,4512.816103,-0.000000,-0.000000,0.000000,2000.235243,2110.930919,2000.235243,2110.930919,2000.235243,2110.930919,2000.235243,2110.930919,0.008246,75
4.385232,1,-5.000000,-0.000000,3.995227,0.000000,0.000000,0.000000,0.000000,0.000000,0.000000,-0.000000,-5.000000,-0.000000,3.997925,-0.000000,-0.000000,-0.002767,1.000000,-0.000000,0.000000,-0.000000,-0.000000,0.000000,-0.000000,4512.828702,-0.000000,-0.000000,0.000000,2000.237947,2110.933806,2000.237947,2110.933806,2000.237947,2110.933806,2000.237947,2110.933806,0.008246,75
4.390277,1,-5.000000,-0.000000,3.995227,0.000000,0.000000,0.000000,0.000000,0.000000,0.000000,-0.000000,-5.000000,-0.000000,3.997911,-0.000000,-0.000000,-0.002765,1.000000,-0.000000,0.000000,-0.000000,-0.000000,0.000000,-0.000000,4512.840906,-0.000000,-0.000000,0.000000,2000.240567,2110.936602,2000.240567,2110.936602,2000.240567,2110.936602,2000.240567,2110.936602,0.008246,75
4.395352,1,-5.000000,-0.000000,3.995227,0.000000,0.000000,0.000000,0.000000,0.000000,0.000000,-0.000000,-5.000000,-0.000000,3.997897,-0.000000,-0.000000,-0.002763,1.000000,-0.000000,0.000000,-0.000000,-0.000000,0.000000,-0.000000,4512.853285,-0.000000,-0.000000,0.000000,2000.243225,2110.939438,2000.243225,2110.939438,2000.243225,2110.939438,2000.243225,2110.939438,0.008246,75
4.400327,1,-5.000000,-0.000000,3.995227,0.000000,0.000000,0.000000,0.000000,0.000000,0.000000,-0.000000,-5.000000,-0.000000,3.997883,-0.000000,-0.000000,-0.002760,1.000000,-0.000000,0.000000,-0.000000,-0.000000,0.000000,-0.000000,4512.865565,-0.000000,-0.000000,0.000000,2000.245861,2110.942251,2000.245861,2110.942251,2000.245861,2110.942251,2000.245861,2110.942251,0.008246,75
4.405327,1,-5.000000,-0.000000,3.995227,0.000000,0.000000,0.000000,0.000000,0.000000,0.000000,-0.000000,-5.000000,-0.000000,3.997869,-0.000000,-0.000000,-0.002758,1.000000,-0.000000,0.000000,-0.000000,-0.000000,0.000000,-0.000000,4512.877432,-0.000000,-0.000000,0.000000,2000.248408,2110.944970,2000.248408,2110.944970,2000.248408,2110.944970,2000.248408,2110.944970,0.008246,75
4.410335,1,-5.000000,-0.000000,3.995227,0.000000,0.000000,0.000000,0.000000,0.000000,0.000000,-0.000000,-5.000000,-0.000000,3.997855,-0.000000,-0.000000,-0.002755,1.000000,-0.000000,0.000000,-0.000000,-0.000000,0.000000,-0.000000,4512.889191,-0.000000,-0.000000,0.000000,2000.250933,2110.947664,2000.250933,2110.947664,2000.250933,2110.947664,2000.250933,2110.947664,0.008246,75
4.415330,1,-5.000000,-0.000000,3.995227,0.000000,0.000000,0.000000,0.000000,0.000000,0.000000,-0.000000,-5.000000,-0.000000,3.997842,-0.000000,-0.000000,-0.002753,1.000000,-0.000000,0.000000,-0.000000,-0.000000,0.000000,-0.000000,4512.900802,0.000000,-0.000000,0.000000,2000.253425,2110.950324,2000.253425,2110.950324,2000.253425,2110.950324,2000.253425,2110.950324,0.008245,75
4.420337,1,-5.000000,-0.000000,3.995227,0.000000,0.000000,0.000000,0.000000,0.000000,0.000000,-0.000000,-5.000000,-0.000000,3.997828,-0.000000,-0.000000,-0.002750,1.000000,-0.000000,0.000000,-0.000000,-0.000000,0.000000,-0.000000,4512.912218,0.000000,-0.000000,0.000000,2000.255876,2110.952940,2000.255876,2110.952940,2000.255876,2110.952940,2000.255876,2110.952940,0.008245,75
4.425324,1,-5.000000,-0.000000,3.995227,0.000000,0.000000,0.000000,0.000000,0.000000,0.000000,-0.000000,-5.000000,-0.000000,3.997814,-0.000000,-0.000000,-0.002747,1.000000,-0.000000,0.000000,-0.000000,-0.000000,0.000000,-0.000000,4512.923496,0.000000,-0.000000,0.000000,2000.258297,2110.955524,2000.258297,2110.955524,2000.258297,2110.955524,2000.258297,2110.955524,0.008245,75
4.430333,1,-5.000000,-0.000000,3.995227,0.000000,0.000000,0.000000,0.000000,0.000000,0.000000,-0.000000,-5.000000,-0.000000,3.997800,-0.000000,-0.000000,-0.002744,1.000000,-0.000000,0.000000,-0.000000,-0.000000,0.000000,-0.000000,4512.934567,-0.000000,-0.000000,0.000000,2000.260674,2110.958060,2000.260674,2110.958060,2000.260674,2110.958060,2000.260674,2110.958060,0.008245,75
4.435330,1,-5.000000,-0.000000,3.995227,0.000000,0.000000,0.000000,0.000000,0.000000,0.000000,-0.000000,-5.000000,-0.000000,3.997787,-0.000000,-0.000000,-0.002740,1.000000,-0.000000,0.000000,-0.000000,-0.000000,0.000000,-0.000000,4512.945527,-0.000000,-0.000000,0.000000,2000.263026,2110.960571,2000.263026,2110.960571,2000.263026,2110.960571,2000.263026,2110.960571,0.008245,75
4.440360,1,-5.000000,-0.000000,3.995227,0.000000,0.000000,0.000000,0.000000,0.000000,0.000000,-0.000000,-5.000000,-0.000000,3.997773,-0.000000,-0.000000,-0.002737,1.000000,-0.000000,0.000000,-0.000000,-0.000000,0.000000,-0.000000,4512.956300,-0.000000,-0.000000,0.000000,2000.265339,2110.963039,2000.265339,2110.963039,2000.265339,2110.963039,2000.265339,2110.963039,0.008245,75
4.445351,1,-5.000000,-0.000000,3.995227,0.000000,0.000000,0.000000,0.000000,0.000000,0.000000,-0.000000,-5.000000,-0.000000,3.997759,-0.000000,-0.000000,-0.002733,1.000000,-0.000000,0.000000,-0.000000,-0.000000,0.000000,-0.000000,4512.966983,-0.000000,-0.000000,0.000000,2000.267632,2110.965487,2000.267632,2110.965487,2000.267632,2110.965487,2000.267632,2110.965487,0.008245,75
4.450352,1,-5.000000,-0.000000,3.995227,0.000000,0.000000,0.000000,0.000000,0.000000,0.000000,-0.000000,-5.000000,-0.000000,3.997746,-0.000000,-0.000000,-0.002730,1.000000,-0.000000,0.000000,-0.000000,-0.000000,0.000000,-0.000000,4512.977428,-0.000000,-0.000000,0.000000,2000.269875,2110.967880,2000.269875,2110.967880,2000.269875,2110.967880,2000.269875,2110.967880,0.008245,75
4.455226,1,-5.000000,-0.000000,3.995227,0.000000,0.000000,0.000000,0.000000,0.000000,0.000000,-0.000000,-5.000000,-0.000000,3.997732,-0.000000,-0.000000,-0.002726,1.000000,-0.000000,0.000000,-0.000000,-0.000000,0.000000,-0.000000,4512.987737,0.000000,-0.000000,0.000000,2000.272088,2110.970241,2000.272088,2110.970241,2000.272088,2110.970241,2000.272088,2110.970241,0.008245,75
4.460258,1,-5.000000,-0.000000,3.995227,0.000000,0.000000,0.000000,0.000000,0.000000,0.000000,-0.000000,-5.000000,-0.000000,3.997719,-0.000000,-0.000000,-0.002722,1.000000,-0.000000,0.000000,-0.000000,-0.000000,0.000000,-0.000000,4512.997638,-0.000000,-0.000000,0.000000,2000.274213,2110.972510,2000.274213,2110.972510,2000.274213,2110.972510,2000.274213,2110.972510,0.008245,75
4.465355,1,-5.000000,-0.000000,3.995227,0.000000,0.000000,0.000000,0.000000,0.000000,0.000000,-0.000000,-5.000000,-0.000000,3.997705,-0.000000,-0.000000,-0.002718,1.000000,-0.000000,0.000000,-0.000000,-0.000000,0.000000,-0.000000,4513.007704,-0.000000,-0.000000,0.000000,2000.276374,2110.974816,2000.276374,2110.974816,2000.276374,2110.974816,2000.276374,2110.974816,0.008245,75
4.470224,1,-5.000000,-0.000000,3.995227,0.000000,0.000000,0.000000,0.000000,0.000000,0.000000,-0.000000,-5.000000,-0.000000,3.997692,-0.000000,-0.000000,-0.002714,1.000000,-0.000000,0.000000,-0.000000,-0.000000,0.000000,-0.000000,4513.017743,-0.000000,-0.000000,0.000000,2000.278529,2110.977116,2000.278529,2110.977116,2000.278529,2110.977116,2000.278529,2110.977116,0.008245,75
4.475226,1,-5.000000,-0.000000,3.995227,0.000000,0.000000,0.000000,0.000000,0.000000,0.000000,-0.000000,-5.000000,-0.000000,3.997678,-0.000000,-0.000000,-0.002710,1.000000,-0.000000,0.000000,-0.000000,-0.000000,0.000000,-0.000000,4513.027190,0.000000,-0.000000,0.000000,2000.280557,2110.979280,2000.280557,2110.979280,2000.280557,2110.979280,2000.280557,2110.979280,0.008245,75
4.480338,1,-5.000000,-0.000000,3.995227,0.000000,0.000000,0.000000,0.000000,0.000000,0.000000,-0.000000,-5.000000,-0.000000,3.997664,-0.000000,-0.000000,-0.002705,1.000000,-0.000000,0.000000,-0.000000,-0.000000,0.000000,-0.000000,4513.036746,0.000000,-0.000000,0.000000,2000.282608,2110.981470,2000.282608,2110.981470,2000.282608,2110.981470,2000.282608,2110.981470,0.008244,75
4.485336,1,-5.000000,-0.000000,3.995227,0.000000,0.000000,0.000000,0.000000,0.000000,0.000000,-0.000000,-5.000000,-0.000000,3.997651,-0.000000,-0.000000,-0.002701,1.000000,-0.000000,0.000000,-0.000000,-0.000000,0.000000,-0.000000,4513.046356,0.000000,-0.000000,0.000000,2000.284671,2110.983671,2000.284671,2110.983671,2000.284671,2110.983671,2000.284671,2110.983671,0.008244,75
4.490234,1,-5.000000,-0.000000,3.995227,0.000000,0.000000,0.000000,0.000000,0.000000,0.000000,-0.000000,-5.000000,-0.000000,3.997637,-0.000000,-0.000000,-0.002696,1.000000,-0.000000,0.000000,-0.000000,-0.000000,0.000000,-0.000000,4513.055607,0.000000,-0.000000,0.000000,2000.286657,2110.985791,2000.286657,2110.985791,2000.286657,2110.985791,2000.286657,2110.985791,0.008244,75
4.495225,1,-5.000000,-0.000000,3.995227,0.000000,0.000000,0.000000,0.000000,0.000000,0.000000,-0.000000,-5.000000,-0.000000,3.997624,-0.000000,-0.000000,-0.002692,1.000000,-0.000000,0.000000,-0.000000,-0.000000,0.000000,-0.000000,4513.064532,0.000000,-0.000000,0.000000,2000.288573,2110.987835,2000.288573,2110.987835,2000.288573,2110.987835,2000.288573,2110.987835,0.008244,75
4.500262,1,-5.000000,-0.000000,3.995227,0.000000,0.000000,0.000000,0.000000,0.000000,0.000000,-0.000000,-5.000000,-0.000000,3.997610,-0.000000,-0.000000,-0.002687,1.000000,-0.000000,0.000000,-0.000000,-0.000000,0.000000,-0.000000,4513.073484,0.000000,-0.000000,0.000000,2000.290495,2110.989886,2000.290495,2110.989886,2000.290495,2110.989886,2000.290495,2110.989886,0.008244,75
4.505329,1,-5.000000,-0.000000,3.995227,0.000000,0.000000,0.000000,0.000000,0.000000,0.000000,-0.000000,-5.000000,-0.000000,3.997597,-0.000000,-0.000000,-0.002682,1.000000,-0.000000,0.000000,-0.000000,-0.000000,0.000000,-0.000000,4513.082372,0.000000,-0.000000,0.000000,2000.292403,2110.991923,2000.292403,2110.991923,2000.292403,2110.991923,2000.292403,2110.991923,0.008244,75
4.510325,1,-5.000000,-0.000000,3.995227,0.000000,0.000000,0.000000,0.000000,0.000000,0.000000,-0.000000,-5.000000,-0.000000,3.997584,-0.000000,-0.000000,-0.002677,1.000000,-0.000000,0.000000,-0.000000,-0.000000,0.000000,-0.000000,4513.091170,0.000000,-0.000000,0.000000,2000.294291,2110.993938,2000.294291,2110.993938,2000.294291,2110.993938,2000.294291,2110.993938,0.008244,75
4.515225,1,-5.000000,-0.000000,3.995227,0.000000,0.000000,0.000000,0.000000,0.000000,0.000000,-0.000000,-5.000000,-0.000000,3.997570,-0.000000,-0.000000,-0.002672,1.000000,-0.000000,0.000000,-0.000000,-0.000000,0.000000,-0.000000,4513.099701,0.000000,-0.000000,0.000000,2000.296123,2110.995893,2000.296123,2110.995893,2000.296123,2110.995893,2000.296123,2110.995893,0.008244,75
4.520338,1,-5.000000,-0.000000,3.995227,0.000000,0.000000,0.000000,0.000000,0.000000,0.000000,-0.000000,-5.000000,-0.000000,3.997557,-0.000000,-0.000000,-0.002667,1.000000,-0.000000,0.000000,-0.000000,-0.000000,0.000000,-0.000000,4513.107937,0.000000,-0.000000,0.000000,2000.297891,2110.997780,2000.297891,2110.997780,2000.297891,2110.997780,2000.297891,2110.997780,0.008244,75
4.525336,1,-5.000000,-0.000000,3.995227,0.000000,0.000000,0.000000,0.000000,0.000000,0.000000,-0.000000,-5.000000,-0.000000,3.997543,-0.000000,-0.000000,-0.002661,1.000000,-0.000000,0.000000,-0.000000,-0.000000,0.000000,-0.000000,4513.116388,0.000000,-0.000000,0.000000,2000.299705,2110.999716,2000.299705,2110.999716,2000.299705,2110.999716,2000.299705,2110.999716,0.008244,75
4.530347,1,-5.000000,-0.000000,3.995227,0.000000,0.000000,0.000000,0.000000,0.000000,0.000000,-0.000000,-5.000000,-0.000000,3.997530,-0.000000,-0.000000,-0.002656,1.000000,-0.000000,0.000000,-0.000000,-0.000000,0.000000,0.000000,4513.124510,0.000000,-0.000000,0.000000,2000.301448,2111.001577,2000.301448,2111.001577,2000.301448,2111.001577,2000.301448,2111.001577,0.008244,75
4.535408,1,-5.000000,-0.000000,3.995227,0.000000,0.000000,0.000000,0.000000,0.000000,0.000000,-0.000000,-5.000000,-0.000000,3.997517,-0.000000,-0.000000,-0.002650,1.000000,-0.000000,0.000000,-0.000000,-0.000000,0.000000,0.000000,4513.132519,0.000000,-0.000000,0.000000,2000.303168,2111.003411,2000.303168,2111.003411,2000.303168,2111.003411,2000.303168,2111.003411,0.008244,75
4.540265,1,-5.000000,-0.000000,3.995227,0.000000,0.000000,0.000000,0.000000,0.000000,0.000000,-0.000000,-5.000000,-0.000000,3.997504,-0.000000,-0.000000,-0.002645,1.000000,-0.000000,0.000000,-0.000000,-0.000000,0.000000,0.000000,4513.140469,0.000000,-0.000000,-0.000000,2000.304874,2111.005233,2000.304874,2111.005233,2000.304874,2111.005233,2000.304874,2111.005233,0.008244,75
4.545317,1,-5.000000,-0.000000,3.995227,0.000000,0.000000,0.000000,0.000000,0.000000,0.000000,-0.000000,-5.000000,-0.000000,3.997491,-0.000000,-0.000000,-0.002639,1.000000,-0.000000,0.000000,-0.000000,-0.000000,0.000000,0.000000,4513.147974,0.000000,-0.000000,0.000000,2000.306485,2111.006952,2000.306485,2111.006952,2000.306485,2111.006952,2000.306485,2111.006952,0.008244,75
4.550324,1,-5.000000,-0.000000,3.995227,0.000000,0.000000,0.000000,0.000000,0.000000,0.000000,-0.000000,-5.000000,-0.000000,3.997477,-0.000000,-0.000000,-0.002633,1.000000,-0.000000,0.000000,-0.000000,-0.000000,0.000000,0.000000,4513.155645,0.000000,-0.000000,-0.000000,2000.308132,2111.008710,2000.308132,2111.008710,2000.308132,2111.008710,2000.308132,2111.008710,0.008244,75
4.555318,1,-5.000000,-0.000000,3.995227,0.000000,0.000000,0.000000,0.000000,0.000000,0.000000,-0.000000,-5.000000,-0.000000,3.997464,-0.000000,-0.000000,-0.002628,1.000000,-0.000000,0.000000,-0.000000,-0.000000,0.000000,0.000000,4513.163117,0.000000,-0.000000,-0.000000,2000.309736,2111.010422,2000.309736,2111.010422,2000.309736,2111.010422,2000.309736,2111.010422,0.008244,75
4.560348,1,-5.000000,-0.000000,3.995227,0.000000,0.000000,0.000000,0.000000,0.000000,0.000000,-0.000000,-5.000000,-0.000000,3.997451,-0.000000,-0.000000,-0.002622,1.000000,-0.000000,0.000000,-0.000000,-0.000000,0.000000,0.000000,4513.170441,0.000000,-0.000000,-0.000000,2000.311308,2111.012100,2000.311308,2111.012100,2000.311308,2111.012100,2000.311308,2111.012100,0.008243,75
4.565318,1,-5.000000,-0.000000,3.995227,0.000000,0.000000,0.000000,0.000000,0.000000,0.000000,-0.000000,-5.000000,-0.000000,3.997438,-0.000000,-0.000000,-0.002616,1.000000,-0.000000,0.000000,-0.000000,-0.000000,0.000000,0.000000,4513.177689,0.000000,-0.000000,-0.000000,2000.312864,2111.013760,2000.312864,2111.013760,2000.312864,2111.013760,2000.312864,2111.013760,0.008243,75
4.570235,1,-5.000000,-0.000000,3.995227,0.000000,0.000000,0.000000,0.000000,0.000000,0.000000,-0.000000,-5.000000,-0.000000,3.997425,-0.000000,-0.000000,-0.002610,1.000000,-0.000000,0.000000,-0.000000,-0.000000,0.000000,0.000000,4513.184724,0.000000,-0.000000,-0.000000,2000.314374,2111.015372,2000.314374,2111.015372,2000.314374,2111.015372,2000.314374,2111.015372,0.008243,75
4.575223,1,-5.000000,-0.000000,3.995227,0.000000,0.000000,0.000000,0.000000,0.000000,0.000000,-0.000000,-5.000000,-0.000000,3.997412,-0.000000,-0.000000,-0.002604,1.000000,-0.000000,0.000000,-0.000000,-0.000000,-0.000000,0.000000,4513.191562,0.000000,-0.000000,-0.000000,2000.315842,2111.016938,2000.315842,2111.016938,2000.315842,2111.016938,2000.315842,2111.016938,0.008243,75
4.580257,1,-5.000000,-0.000000,3.995227,0.000000,0.000000,0.000000,0.000000,0.000000,0.000000,-0.000000,-5.000000,-0.000000,3.997399,-0.000000,-0.000000,-0.002597,1.000000,-0.000000,0.000000,-0.000000,-0.000000,0.000000,0.000000,4513.198375,0.000000,-0.000000,-0.000000,2000.317305,2111.018499,2000.317305,2111.018499,2000.317305,2111.018499,2000.317305,2111.018499,0.008243,75
4.585320,1,-5.000000,-0.000000,3.995227,0.000000,0.000000,0.000000,0.000000,0.000000,0.000000,-0.000000,-5.000000,-0.000000,3.997386,-0.000000,-0.000000,-0.002591,1.000000,-0.000000,0.000000,-0.000000,-0.000000,-0.000000,0.000000,4513.205125,0.000000,-0.000000,-0.000000,2000.318754,2111.020046,2000.318754,2111.020046,2000.318754,2111.020046,2000.318754,2111.020046,0.008243,75
4.590328,1,-5.000000,-0.000000,3.995227,0.000000,0.000000,0.000000,0.000000,0.000000,0.000000,-0.000000,-5.000000,-0.000000,3.997373,-0.000000,-0.000000,-0.002584,1.000000,-0.000000,0.000000,-0.000000,-0.000000,-0.000000,0.000000,4513.211789,0.000000,-0.000000,-0.000000,2000.320184,2111.021572,2000.320184,2111.021572,2000.320184,2111.021572,2000.320184,2111.021572,0.008243,75
4.595337,1,-5.000000,-0.000000,3.995227,0.000000,0.000000,0.000000,0.000000,0.000000,0.000000,-0.000000,-5.000000,-0.000000,3.997360,-0.000000,-0.000000,-0.002578,1.000000,-0.000000,0.000000,-0.000000,-0.000000,-0.000000,0.000000,4513.218259,0.000000,-0.000000,-0.000000,2000.321573,2111.023055,2000.321573,2111.023055,2000.321573,2111.023055,2000.321573,2111.023055,0.008243,75
4.600341,1,-5.000000,-0.000000,3.995227,0.000000,0.000000,0.000000,0.000000,0.000000,0.000000,-0.000000,-5.000000,-0.000000,3.997347,-0.000000,-0.000000,-0.002571,1.000000,-0.000000,0.000000,-0.000000,-0.000000,-0.000000,0.000000,4513.224610,0.000000,-0.000000,-0.000000,2000.322936,2111.024510,2000.322936,2111.024510,2000.322936,2111.024510,2000.322936,2111.024510,0.008243,75
4.605333,1,-5.000000,-0.000000,3.995227,0.000000,0.000000,0.000000,0.000000,0.000000,0.000000,-0.000000,-5.000000,-0.000000,3.997335,-0.000000,-0.000000,-0.002565,1.000000,-0.000000,0.000000,-0.000000,-0.000000,-0.000000,0.000000,4513.230834,0.000000,-0.000000,-0.000000,2000.324273,2111.025936,2000.324273,2111.025936,2000.324273,2111.025936,2000.324273,2111.025936,0.008243,75
4.610233,1,-5.000000,-0.000000,3.995227,0.000000,0.000000,0.000000,0.000000,0.000000,0.000000,-0.000000,-5.000000,-0.000000,3.997322,-0.000000,-0.000000,-0.002558,1.000000,-0.000000,0.000000,-0.000000,-0.000000,-0.000000,0.000000,4513.236928,0.000000,-0.000000,-0.000000,2000.325581,2111.027332,2000.325581,2111.027332,2000.325581,2111.027332,2000.325581,2111.027332,0.008243,75
4.615228,1,-5.000000,-0.000000,3.995227,0.000000,0.000000,0.000000,0.000000,0.000000,0.000000,-0.000000,-5.000000,-0.000000,3.997309,-0.000000,-0.000000,-0.002551,1.000000,-0.000000,0.000000,-0.000000,-0.000000,-0.000000,0.000000,4513.242796,0.000000,-0.000000,-0.000000,2000.326840,2111.028676,2000.326840,2111.028676,2000.326840,2111.028676,2000.326840,2111.028676,0.008243,75
4.620298,1,-5.000000,-0.000000,3.995227,0.000000,0.000000,0.000000,0.000000,0.000000,0.000000,-0.000000,-5.000000,-0.000000,3.997296,-0.000000,-0.000000,-0.002544,1.000000,-0.000000,0.000000,-0.000000,0.000000,-0.000000,0.000000,4513.248663,0.000000,-0.000000,-0.000000,2000.328100,2111.030020,2000.328100,2111.030020,2000.328100,2111.030020,2000.328100,2111.030020,0.008243,75
4.625329,1,-5.000000,-0.000000,3.995227,0.000000,0.000000,0.000000,0.000000,0.000000,0.000000,-0.000000,-5.000000,-0.000000,3.997284,-0.000000,-0.000000,-0.002537,1.000000,-0.000000,0.000000,-0.000000,0.000000,-0.000000,0.000000,4513.254500,0.000000,-0.000000,-0.000000,2000.329353,2111.031358,2000.329353,2111.031358,2000.329353,2111.031358,2000.329353,2111.031358,0.008243,75
4.630337,1,-5.000000,-0.000000,3.995227,0.000000,0.000000,0.000000,0.000000,0.000000,0.000000,-0.000000,-5.000000,-0.000000,3.997271,-0.000000,-0.000000,-0.002530,1.000000,-0.000000,0.000000,-0.000000,0.000000,-0.000000,0.000000,4513.260177,0.000000,-0.000000,-0.000000,2000.330571,2111.032658,2000.330571,2111.032658,2000.330571,2111.032658,2000.330571,2111.032658,0.008243,75
4.635341,1,-5.000000,-0.000000,3.995227,0.000000,0.000000,0.000000,0.000000,0.000000,0.000000,-0.000000,-5.000000,-0.000000,3.997258,-0.000000,-0.000000,-0.002523,1.000000,-0.000000,0.000000,-0.000000,0.000000,0.000000,0.000000,4513.265716,0.000000,-0.000000,-0.000000,2000.331760,2111.033927,2000.331760,2111.033927,2000.331760,2111.033927,2000.331760,2111.033927,0.008243,75
4.640244,1,-5.000000,-0.000000,3.995227,0.000000,0.000000,0.000000,0.000000,0.000000,0.000000,-0.000000,-5.000000,-0.000000,3.997246,-0.000000,-0.000000,-0.002516,1.000000,-0.000000,0.000000,-0.000000,0.000000,-0.000000,0.000000,4513.271139,0.000000,-0.000000,-0.000000,2000.332925,2111.035170,2000.332925,2111.035170,2000.332925,2111.035170,2000.332925,2111.035170,0.008243,75
4.645215,1,-5.000000,-0.000000,3.995227,0.000000,0.000000,0.000000,0.000000,0.000000,0.000000,-0.000000,-5.000000,-0.000000,3.997233,-0.000000,-0.000000,-0.002509,1.000000,-0.000000,0.000000,-0.000000,0.000000,-0.000000,0.000000,4513.276346,0.000000,-0.000000,-0.000000,2000.334042,2111.036362,2000.334042,2111.036362,2000.334042,2111.036362,2000.334042,2111.036362,0.008243,75
4.650342,1,-5.000000,-0.000000,3.995227,0.000000,0.000000,0.000000,0.000000,0.000000,0.000000,-0.000000,-5.000000,-0.000000,3.997221,-0.000000,-0.000000,-0.002502,1.000000,-0.000000,0.000000,-0.000000,0.000000,-0.000000,0.000000,4513.281518,-0.000000,-0.000000,-0.000000,2000.335152,2111.037547,2000.335152,2111.037547,2000.335152,2111.037547,2000.335152,2111.037547,0.008243,75
4.655325,1,-5.000000,-0.000000,3.995227,0.000000,0.000000,0.000000,0.000000,0.000000,0.000000,-0.000000,-5.000000,-0.000000,3.997208,-0.000000,-0.000000,-0.002494,1.000000,-0.000000,0.000000,-0.000000,0.000000,-0.000000,0.000000,4513.286738,0.000000,-0.000000,-0.000000,2000.336273,2111.038743,2000.336273,2111.038743,2000.336273,2111.038743,2000.336273,2111.038743,0.008243,75
4.660366,1,-5.000000,-0.000000,3.995227,0.000000,0.000000,0.000000,0.000000,0.000000,0.000000,-0.000000,-5.000000,-0.000000,3.997196,-0.000000,-0.000000,-0.002487,1.000000,-0.000000,0.000000,-0.000000,0.000000,-0.000000,0.000000,4513.291705,0.000000,-0.000000,-0.000000,2000.337339,2111.039881,2000.337339,2111.039881,2000.337339,2111.039881,2000.337339,2111.039881,0.008243,75
4.665229,1,-5.000000,-0.000000,3.995227,0.000000,0.000000,0.000000,0.000000,0.000000,0.000000,-0.000000,-5.000000,-0.000000,3.997184,-0.000000,-0.000000,-0.002480,1.000000,-0.000000,0.000000,-0.000000,0.000000,-0.000000,0.000000,4513.296623,-0.000000,-0.000000,-0.000000,2000.338395,2111.041008,2000.338395,2111.041008,2000.338395,2111.041008,2000.338395,2111.041008,0.008243,75
4.670245,1,-5.000000,-0.000000,3.995227,0.000000,0.000000,0.000000,0.000000,0.000000,0.000000,-0.000000,-5.000000,-0.000000,3.997171,-0.000000,-0.000000,-0.002472,1.000000,-0.000000,0.000000,-0.000000,0.000000,-0.000000,0.000000,4513.301268,-0.000000,-0.000000,-0.000000,2000.339392,2111.042072,2000.339392,2111.042072,2000.339392,2111.042072,2000.339392,2111.042072,0.008243,75
4.675221,1,-5.000000,-0.000000,3.995227,0.000000,0.000000,0.000000,0.000000,0.000000,0.000000,-0.000000,-5.000000,-0.000000,3.997159,-0.000000,-0.000000,-0.002465,1.000000,-0.000000,0.000000,-0.000000,0.000000,-0.000000,0.000000,4513.305953,-0.000000,-0.000000,-0.000000,2000.340398,2111.043145,2000.340398,2111.043145,2000.340398,2111.043145,2000.340398,2111.043145,0.008243,75
4.680220,1,-5.000000,-0.000000,3.995227,0.000000,0.000000,0.000000,0.000000,0.000000,0.000000,-0.000000,-5.000000,-0.000000,3.997147,-0.000000,-0.000000,-0.002457,1.000000,-0.000000,0.000000,0.000000,0.000000,-0.000000,0.000000,4513.310499,-0.000000,-0.000000,-0.000000,2000.341374,2111.044187,2000.341374,2111.044187,2000.341374,2111.044187,2000.341374,2111.044187,0.008242,75
4.685240,1,-5.000000,-0.000000,3.995227,0.000000,0.000000,0.000000,0.000000,0.000000,0.000000,-0.000000,-5.000000,-0.000000,3.997134,-0.000000,-0.000000,-0.002449,1.000000,-0.000000,0.000000,0.000000,0.000000,0.000000,0.000000,4513.314966,-0.000000,-0.000000,-0.000000,2000.342333,2111.045210,2000.342333,2111.045210,2000.342333,2111.045210,2000.342333,2111.045210,0.008242,75
4.690323,1,-5.000000,-0.000000,3.995227,0.000000,0.000000,0.000000,0.000000,0.000000,0.000000,-0.000000,-5.000000,-0.000000,3.997122,-0.000000,-0.000000,-0.002442,1.000000,-0.000000,0.000000,0.000000,0.000000,0.000000,0.000000,4513.319349,-0.000000,-0.000000,-0.000000,2000.343273,2111.046215,2000.343273,2111.046215,2000.343273,2111.046215,2000.343273,2111.046215,0.008242,75
4.695349,1,-5.000000,-0.000000,3.995227,0.000000,0.000000,0.000000,0.000000,0.000000,0.000000,-0.000000,-5.000000,-0.000000,3.997110,-0.000000,-0.000000,-0.002434,1.000000,-0.000000,0.000000,0.000000,0.000000,0.000000,0.000000,4513.323683,-0.000000,-0.000000,-0.000000,2000.344204,2111.047208,2000.344204,2111.047208,2000.344204,2111.047208,2000.344204,2111.047208,0.008242,75
4.700231,1,-5.000000,-0.000000,3.995227,0.000000,0.000000,0.000000,0.000000,0.000000,0.000000,-0.000000,-5.000000,-0.000000,3.997098,-0.000000,-0.000000,-0.002426,1.000000,-0.000000,0.000000,0.000000,0.000000,0.000000,0.000000,4513.327869,-0.000000,-0.000000,-0.000000,2000.345102,2111.048167,2000.345102,2111.048167,2000.345102,2111.048167,2000.345102,2111.048167,0.008242,75
4.705229,1,-5.000000,-0.000000,3.995227,0.000000,0.000000,0.000000,0.000000,0.000000,0.000000,-0.000000,-5.000000,-0.000000,3.997086,-0.000000,-0.000000,-0.002418,1.000000,-0.000000,0.000000,0.000000,0.000000,0.000000,0.000000,4513.331842,-0.000000,-0.000000,-0.000000,2000.345955,2111.049077,2000.345955,2111.049077,2000.345955,2111.049077,2000.345955,2111.049077,0.008242,75
4.710259,1,-5.000000,-0.000000,3.995227,0.000000,0.000000,0.000000,0.000000,0.000000,0.000000,-0.000000,-5.000000,-0.000000,3.997074,-0.000000,-0.000000,-0.002410,1.000000,-0.000000,0.000000,0.000000,0.000000,0.000000,0.000000,4513.335812,-0.000000,-0.000000,-0.000000,2000.346807,2111.049986,2000.346807,2111.049986,2000.346807,2111.049986,2000.346807,2111.049986,0.008242,75
4.715345,1,-5.000000,-0.000000,3.995227,0.000000,0.000000,0.000000,0.000000,0.000000,0.000000,-0.000000,-5.000000,-0.000000,3.997061,-0.000000,0.000000,-0.002402,1.000000,-0.000000,0.000000,0.000000,0.000000,0.000000,0.000000,4513.339712,-0.000000,-0.000000,-0.000000,2000.347644,2111.050880,2000.347644,2111.050880,2000.347644,2111.050880,2000.347644,2111.050880,0.008242,75
4.720343,1,-5.000000,-0.000000,3.995227,0.000000,0.000000,0.000000,0.000000,0.000000,0.000000,-0.000000,-5.000000,-0.000000,3.997050,-0.000000,0.000000,-0.002394,1.000000,-0.000000,0.000000,0.000000,0.000000,-0.000000,0.000000,4513.343555,-0.000000,-0.000000,-0.000000,2000.348469,2111.051760,2000.348469,2111.051760,2000.348469,2111.051760,2000.348469,2111.051760,0.008242,75
4.725343,1,-5.000000,-0.000000,3.995227,0.000000,0.000000,0.000000,0.000000,0.000000,0.000000,-0.000000,-5.000000,-0.000000,3.997038,-0.000000,0.000000,-0.002386,1.000000,-0.000000,0.000000,0.000000,0.000000,-0.000000,0.000000,4513.347239,-0.000000,-0.000000,-0.000000,2000.349260,2111.052604,2000.349260,2111.052604,2000.349260,2111.052604,2000.349260,2111.052604,0.008242,75
4.730349,1,-5.000000,-0.000000,3.995227,0.000000,0.000000,0.000000,0.000000,0.000000,0.000000,-0.000000,-5.000000,-0.000000,3.997026,-0.000000,0.000000,-0.002378,1.000000,-0.000000,0.000000,0.000000,0.000000,-0.000000,0.000000,4513.350831,-0.000000,-0.000000,-0.000000,2000.350031,2111.053427,2000.350031,2111.053427,2000.350031,2111.053427,2000.350031,2111.053427,0.008242,75
4.735230,1,-5.000000,-0.000000,3.995227,0.000000,0.000000,0.000000,0.000000,0.000000,0.000000,-0.000000,-5.000000,-0.000000,3.997014,-0.000000,0.000000,-0.002370,1.000000,-0.000000,0.000000,0.000000,0.000000,-0.000000,0.000000,4513.354335,-0.000000,-0.000000,-0.000000,2000.350783,2111.054230,2000.350783,2111.054230,2000.350783,2111.054230,2000.350783,2111.054230,0.008242,75
4.740214,1,-5.000000,-0.000000,3.995227,0.000000,0.000000,0.000000,0.000000,0.000000,0.000000,-0.000000,-5.000000,-0.000000,3.997002,-0.000000,0.000000,-0.002362,1.000000,-0.000000,0.000000,0.000000,0.000000,-0.000000,0.000000,4513.357664,-0.000000,-0.000000,-0.000000,2000.351498,2111.054993,2000.351498,2111.054993,2000.351498,2111.054993,2000.351498,2111.054993,0.008242,75
4.745219,1,-5.000000,-0.000000,3.995227,0.000000,0.000000,0.000000,0.000000,0.000000,0.000000,-0.000000,-5.000000,-0.000000,3.996991,-0.000000,0.000000,-0.002354,1.000000,-0.000000,0.000000,0.000000,0.000000,-0.000000,0.000000,4513.360975,-0.000000,-0.000000,-0.000000,2000.352209,2111.055751,2000.352209,2111.055751,2000.352209,2111.055751,2000.352209,2111.055751,0.008242,75
4.750342,1,-5.000000,-0.000000,3.995227,0.000000,0.000000,0.000000,0.000000,0.000000,0.000000,-0.000000,-5.000000,-0.000000,3.996979,-0.000000,0.000000,-0.002345,1.000000,-0.000000,0.000000,0.000000,0.000000,-0.000000,0.000000,4513.364209,-0.000000,-0.000000,-0.000000,2000.352903,2111.056492,2000.352903,2111.056492,2000.352903,2111.056492,2000.352903,2111.056492,0.008242,75
4.755386,1,-5.000000,-0.000000,3.995227,0.000000,0.000000,0.000000,0.000000,0.000000,0.000000,-0.000000,-5.000000,-0.000000,3.996967,-0.000000,0.000000,-0.002337,1.000000,-0.000000,0.000000,0.000000,0.000000,-0.000000,0.000000,4513.367428,0.000000,-0.000000,-0.000000,2000.353594,2111.057229,2000.353594,2111.057229,2000.353594,2111.057229,2000.353594,2111.057229,0.008242,75
4.760232,1,-5.000000,-0.000000,3.995227,0.000000,0.000000,0.000000,0.000000,0.000000,0.000000,-0.000000,-5.000000,-0.000000,3.996955,0.000000,0.000000,-0.002329,1.000000,-0.000000,0.000000,0.000000,0.000000,-0.000000,0.000000,4513.370507,-0.000000,-0.000000,-0.000000,2000.354255,2111.057935,2000.354255,2111.057935,2000.354255,2111.057935,2000.354255,2111.057935,0.008242,75
4.765217,1,-5.000000,-0.000000,3.995227,0.000000,0.000000,0.000000,0.000000,0.000000,0.000000,-0.000000,-5.000000,-0.000000,3.996944,0.000000,0.000000,-0.002320,1.000000,-0.000000,0.000000,0.000000,0.000000,-0.000000,0.000000,4513.373385,-0.000000,-0.000000,-0.000000,2000.354873,2111.058594,2000.354873,2111.058594,2000.354873,2111.058594,2000.354873,2111.058594,0.008242,75
4.770266,1,-5.000000,-0.000000,3.995227,0.000000,0.000000,0.000000,0.000000,0.000000,0.000000,-0.000000,-5.000000,-0.000000,3.996932,0.000000,0.000000,-0.002312,1.000000,-0.000000,0.000000,0.000000,0.000000,-0.000000,0.000000,4513.376260,-0.000000,-0.000000,-0.000000,2000.355490,2111.059253,2000.355490,2111.059253,2000.355490,2111.059253,2000.355490,2111.059253,0.008242,75
4.775383,1,-5.000000,-0.000000,3.995227,0.000000,0.000000,0.000000,0.000000,0.000000,0.000000,-0.000000,-5.000000,-0.000000,3.996920,0.000000,0.000000,-0.002303,1.000000,-0.000000,0.000000,0.000000,0.000000,-0.000000,0.000000,4513.379086,-0.000000,-0.000000,-0.000000,2000.356097,2111.059900,2000.356097,2111.059900,2000.356097,2111.059900,2000.356097,2111.059900,0.008242,75
4.780336,1,-5.000000,-0.000000,3.995227,0.000000,0.000000,0.000000,0.000000,0.000000,0.000000,-0.000000,-5.000000,-0.000000,3.996909,0.000000,0.000000,-0.002295,1.000000,-0.000000,0.000000,0.000000,0.000000,-0.000000,0.000000,4513.381862,-0.000000,-0.000000,-0.000000,2000.356693,2111.060536,2000.356693,2111.060536,2000.356693,2111.060536,2000.356693,2111.060536,0.008242,75
4.785225,1,-5.000000,-0.000000,3.995227,0.000000,0.000000,0.000000,0.000000,0.000000,0.000000,-0.000000,-5.000000,-0.000000,3.996898,0.000000,0.000000,-0.002286,1.000000,-0.000000,0.000000,0.000000,0.000000,-0.000000,0.000000,4513.384468,-0.000000,-0.000000,-0.000000,2000.357252,2111.061133,2000.357252,2111.061133,2000.357252,2111.061133,2000.357252,2111.061133,0.008242,75
4.790269,1,-5.000000,-0.000000,3.995227,0.000000,0.000000,0.000000,0.000000,0.000000,0.000000,-0.000000,-5.000000,-0.000000,3.996886,0.000000,0.000000,-0.002278,1.000000,-0.000000,0.000000,0.000000,0.000000,-0.000000,0.000000,4513.386961,-0.000000,-0.000000,-0.000000,2000.357787,2111.061705,2000.357787,2111.061705,2000.357787,2111.061705,2000.357787,2111.061705,0.008242,75
4.795348,1,-5.000000,-0.000000,3.995227,0.000000,0.000000,0.000000,0.000000,0.000000,0.000000,-0.000000,-5.000000,-0.000000,3.996875,0.000000,0.000000,-0.002269,1.000000,-0.000000,0.000000,0.000000,0.000000,-0.000000,0.000000,4513.389451,-0.000000,-0.000000,-0.000000,2000.358322,2111.062275,2000.358322,2111.062275,2000.358322,2111.062275,2000.358322,2111.062275,0.008242,75
4.800335,1,-5.000000,-0.000000,3.995227,0.000000,0.000000,0.000000,0.000000,0.000000,0.000000,-0.000000,-5.000000,-0.000000,3.996864,0.000000,0.000000,-0.002260,1.000000,-0.000000,0.000000,0.000000,0.000000,-0.000000,0.000000,4513.391876,-0.000000,-0.000000,-0.000000,2000.358842,2111.062830,2000.358842,2111.062830,2000.358842,2111.062830,2000.358842,2111.062830,0.008242,75
4.805224,1,-5.000000,-0.000000,3.995227,0.000000,0.000000,0.000000,0.000000,0.000000,0.000000,-0.000000,-5.000000,-0.000000,3.996853,0.000000,0.000000,-0.002252,1.000000,-0.000000,0.000000,0.000000,0.000000,-0.000000,-0.000000,4513.394177,-0.000000,-0.000000,-0.000000,2000.359336,2111.063358,2000.359336,2111.063358,2000.359336,2111.063358,2000.359336,2111.063358,0.008242,75
4.810273,1,-5.000000,-0.000000,3.995227,0.000000,0.000000,0.000000,0.000000,0.000000,0.000000,-0.000000,-5.000000,-0.000000,3.996841,0.000000,0.000000,-0.002243,1.000000,-0.000000,0.000000,0.000000,0.000000,-0.000000,-0.000000,4513.396359,-0.000000,-0.000000,-0.000000,2000.359804,2111.063857,2000.359804,2111.063857,2000.359804,2111.063857,2000.359804,2111.063857,0.008242,75
4.815398,1,-5.000000,-0.000000,3.995227,0.000000,0.000000,0.000000,0.000000,0.000000,0.000000,-0.000000,-5.000000,-0.000000,3.996830,0.000000,0.000000,-0.002234,1.000000,-0.000000,0.000000,0.000000,0.000000,-0.000000,-0.000000,4513.398532,-0.000000,-0.000000,0.000000,2000.360271,2111.064355,2000.360271,2111.064355,2000.360271,2111.064355,2000.360271,2111.064355,0.008242,75
4.820322,1,-5.000000,-0.000000,3.995227,0.000000,0.000000,0.000000,0.000000,0.000000,0.000000,-0.000000,-5.000000,-0.000000,3.996819,0.000000,0.000000,-0.002226,1.000000,-0.000000,0.000000,0.000000,0.000000,-0.000000,-0.000000,4513.400658,-0.000000,-0.000000,0.000000,2000.360727,2111.064842,2000.360727,2111.064842,2000.360727,2111.064842,2000.360727,2111.064842,0.008242,75
4.825229,1,-5.000000,-0.000000,3.995227,0.000000,0.000000,0.000000,0.000000,0.000000,0.000000,-0.000000,-5.000000,-0.000000,3.996808,0.000000,0.000000,-0.002217,1.000000,-0.000000,0.000000,0.000000,0.000000,-0.000000,-0.000000,4513.402626,-0.000000,-0.000000,0.000000,2000.361150,2111.065293,2000.361150,2111.065293,2000.361150,2111.065293,2000.361150,2111.065293,0.008242,75
4.830253,1,-5.000000,-0.000000,3.995227,0.000000,0.000000,0.000000,0.000000,0.000000,0.000000,-0.000000,-5.000000,-0.000000,3.996797,0.000000,0.000000,-0.002208,1.000000,-0.000000,0.000000,0.000000,0.000000,-0.000000,-0.000000,4513.404515,-0.000000,-0.000000,0.000000,2000.361555,2111.065726,2000.361555,2111.065726,2000.361555,2111.065726,2000.361555,2111.065726,0.008242,75
4.835363,1,-5.000000,-0.000000,3.995227,0.000000,0.000000,0.000000,0.000000,0.000000,0.000000,-0.000000,-5.000000,-0.000000,3.996786,0.000000,0.000000,-0.002199,1.000000,-0.000000,0.000000,0.000000,0.000000,-0.000000,-0.000000,4513.406374,-0.000000,-0.000000,0.000000,2000.361954,2111.066152,2000.361954,2111.066152,2000.361954,2111.066152,2000.361954,2111.066152,0.008242,75
4.840380,1,-5.000000,-0.000000,3.995227,0.000000,0.000000,0.000000,0.000000,0.000000,0.000000,-0.000000,-5.000000,-0.000000,3.996775,0.000000,0.000000,-0.002190,1.000000,-0.000000,0.000000,0.000000,0.000000,-0.000000,-0.000000,4513.408188,-0.000000,-0.000000,-0.000000,2000.362344,2111.066568,2000.362344,2111.066568,2000.362344,2111.066568,2000.362344,2111.066568,0.008242,75
4.845219,1,-5.000000,-0.000000,3.995227,0.000000,0.000000,0.000000,0.000000,0.000000,0.000000,-0.000000,-5.000000,-0.000000,3.996764,0.000000,0.000000,-0.002182,1.000000,-0.000000,0.000000,0.000000,0.000000,-0.000000,-0.000000,4513.409897,-0.000000,-0.000000,-0.000000,2000.362710,2111.066959,2000.362710,2111.066959,2000.362710,2111.066959,2000.362710,2111.066959,0.008242,75
4.850400,1,-5.000000,-0.000000,3.995227,0.000000,0.000000,0.000000,0.000000,0.000000,0.000000,-0.000000,-5.000000,-0.000000,3.996753,0.000000,0.000000,-0.002173,1.000000,-0.000000,0.000000,0.000000,0.000000,-0.000000,0.000000,4513.411476,-0.000000,-0.000000,-0.000000,2000.363049,2111.067321,2000.363049,2111.067321,2000.363049,2111.067321,2000.363049,2111.067321,0.008242,75
4.855352,1,-5.000000,-0.000000,3.995227,0.000000,0.000000,0.000000,0.000000,0.000000,0.000000,-0.000000,-5.000000,-0.000000,3.996742,0.000000,0.000000,-0.002164,1.000000,-0.000000,0.000000,0.000000,0.000000,-0.000000,0.000000,4513.413092,-0.000000,-0.000000,-0.000000,2000.363396,2111.067691,2000.363396,2111.067691,2000.363396,2111.067691,2000.363396,2111.067691,0.008242,75
4.860206,1,-5.000000,-0.000000,3.995227,0.000000,0.000000,0.000000,0.000000,0.000000,0.000000,-0.000000,-5.000000,-0.000000,3.996732,0.000000,0.000000,-0.002155,1.000000,-0.000000,0.000000,0.000000,0.000000,-0.000000,-0.000000,4513.414567,-0.000000,-0.000000,-0.000000,2000.363713,2111.068029,2000.363713,2111.068029,2000.363713,2111.068029,2000.363713,2111.068029,0.008242,75
4.865227,1,-5.000000,-0.000000,3.995227,0.000000,0.000000,0.000000,0.000000,0.000000,0.000000,-0.000000,-5.000000,-0.000000,3.996721,0.000000,0.000000,-0.002146,1.000000,-0.000000,0.000000,0.000000,0.000000,-0.000000,-0.000000,4513.415948,-0.000000,-0.000000,-0.000000,2000.364009,2111.068345,2000.364009,2111.068345,2000.364009,2111.068345,2000.364009,2111.068345,0.008242,75
4.870254,1,-5.000000,-0.000000,3.995227,0.000000,0.000000,0.000000,0.000000,0.000000,0.000000,-0.000000,-5.000000,-0.000000,3.996710,0.000000,0.000000,-0.002137,1.000000,-0.000000,0.000000,0.000000,0.000000,-0.000000,-0.000000,4513.417306,-0.000000,-0.000000,-0.000000,2000.364301,2111.068657,2000.364301,2111.068657,2000.364301,2111.068657,2000.364301,2111.068657,0.008242,75
4.875312,1,-5.000000,-0.000000,3.995227,0.000000,0.000000,0.000000,0.000000,0.000000,0.000000,-0.000000,-5.000000,-0.000000,3.996699,0.000000,0.000000,-0.002128,1.000000,-0.000000,0.000000,0.000000,0.000000,-0.000000,-0.000000,4513.418598,-0.000000,-0.000000,0.000000,2000.364578,2111.068953,2000.364578,2111.068953,2000.364578,2111.068953,2000.364578,2111.068953,0.008242,75
4.880310,1,-5.000000,-0.000000,3.995227,0.000000,0.000000,0.000000,0.000000,0.000000,0.000000,-0.000000,-5.000000,-0.000000,3.996689,0.000000,0.000000,-0.002119,1.000000,-0.000000,0.000000,0.000000,0.000000,-0.000000,-0.000000,4513.419829,-0.000000,-0.000000,0.000000,2000.364842,2111.069235,2000.364842,2111.069235,2000.364842,2111.069235,2000.364842,2111.069235,0.008242,75
4.885324,1,-5.000000,-0.000000,3.995227,0.000000,0.000000,0.000000,0.000000,0.000000,0.000000,-0.000000,-5.000000,-0.000000,3.996678,0.000000,0.000000,-0.002110,1.000000,-0.000000,0.000000,0.000000,0.000000,-0.000000,-0.000000,4513.420979,-0.000000,-0.000000,-0.000000,2000.365089,2111.069498,2000.365089,2111.069498,2000.365089,2111.069498,2000.365089,2111.069498,0.008242,75
4.890328,1,-5.000000,-0.000000,3.995227,0.000000,0.000000,0.000000,0.000000,0.000000,0.000000,-0.000000,-5.000000,-0.000000,3.996668,0.000000,0.000000,-0.002101,1.000000,-0.000000,0.000000,0.000000,0.000000,-0.000000,-0.000000,4513.422067,-0.000000,-0.000000,-0.000000,2000.365323,2111.069747,2000.365323,2111.069747,2000.365323,2111.069747,2000.365323,2111.069747,0.008242,75
4.895327,1,-5.000000,-0.000000,3.995227,0.000000,0.000000,0.000000,0.000000,0.000000,0.000000,-0.000000,-5.000000,-0.000000,3.996657,0.000000,0.000000,-0.002092,1.000000,-0.000000,0.000000,0.000000,0.000000,-0.000000,-0.000000,4513.423087,-0.000000,-0.000000,-0.000000,2000.365542,2111.069981,2000.365542,2111.069981,2000.365542,2111.069981,2000.365542,2111.069981,0.008242,75
4.900324,1,-5.000000,-0.000000,3.995227,0.000000,0.000000,0.000000,0.000000,0.000000,0.000000,-0.000000,-5.000000,-0.000000,3.996647,0.000000,0.000000,-0.002083,1.000000,-0.000000,0.000000,0.000000,0.000000,-0.000000,-0.000000,4513.424043,-0.000000,-0.000000,-0.000000,2000.365747,2111.070200,2000.365747,2111.070200,2000.365747,2111.070200,2000.365747,2111.070200,0.008242,75
4.905348,1,-5.000000,-0.000000,3.995227,0.000000,0.000000,0.000000,0.000000,0.000000,0.000000,-0.000000,-5.000000,-0.000000,3.996636,0.000000,0.000000,-0.002074,1.000000,-0.000000,0.000000,0.000000,0.000000,-0.000000,-0.000000,4513.424935,-0.000000,-0.000000,0.000000,2000.365938,2111.070404,2000.365938,2111.070404,2000.365938,2111.070404,2000.365938,2111.070404,0.008242,75
4.910346,1,-5.000000,-0.000000,3.995227,0.000000,0.000000,0.000000,0.000000,0.000000,0.000000,-0.000000,-5.000000,-0.000000,3.996626,0.000000,0.000000,-0.002065,1.000000,-0.000000,0.000000,0.000000,0.000000,-0.000000,0.000000,4513.425768,-0.000000,-0.000000,-0.000000,2000.366117,2111.070595,2000.366117,2111.070595,2000.366117,2111.070595,2000.366117,2111.070595,0.008242,75
4.915343,1,-5.000000,-0.000000,3.995227,0.000000,0.000000,0.000000,0.000000,0.000000,0.000000,-0.000000,-5.000000,-0.000000,3.996616,0.000000,0.000000,-0.002056,1.000000,-0.000000,0.000000,0.000000,0.000000,-0.000000,0.000000,4513.426536,-0.000000,-0.000000,-0.000000,2000.366282,2111.070771,2000.366282,2111.070771,2000.366282,2111.070771,2000.366282,2111.070771,0.008242,75
4.920332,1,-5.000000,-0.000000,3.995227,0.000000,0.000000,0.000000,0.000000,0.000000,0.000000,-0.000000,-5.000000,-0.000000,3.996606,0.000000,0.000000,-0.002047,1.000000,-0.000000,0.000000,0.000000,0.000000,-0.000000,0.000000,4513.427242,-0.000000,-0.000000,-0.000000,2000.366434,2111.070933,2000.366434,2111.070933,2000.366434,2111.070933,2000.366434,2111.070933,0.008242,75
4.925398,1,-5.000000,-0.000000,3.995227,0.000000,0.000000,0.000000,0.000000,0.000000,0.000000,-0.000000,-5.000000,-0.000000,3.996595,0.000000,0.000000,-0.002038,1.000000,-0.000000,0.000000,0.000000,0.000000,-0.000000,-0.000000,4513.427887,-0.000000,-0.000000,-0.000000,2000.366572,2111.071081,2000.366572,2111.071081,2000.366572,2111.071081,2000.366572,2111.071081,0.008242,75
4.930252,1,-5.000000,-0.000000,3.995227,0.000000,0.000000,0.000000,0.000000,0.000000,0.000000,-0.000000,-5.000000,-0.000000,3.996585,0.000000,0.000000,-0.002029,1.000000,-0.000000,0.000000,0.000000,0.000000,-0.000000,-0.000000,4513.428481,-0.000000,-0.000000,-0.000000,2000.366700,2111.071217,2000.366700,2111.071217,2000.366700,2111.071217,2000.366700,2111.071217,0.008242,75
4.935234,1,-5.000000,-0.000000,3.995227,0.000000,0.000000,0.000000,0.000000,0.000000,0.000000,-0.000000,-5.000000,-0.000000,3.996575,0.000000,0.000000,-0.002020,1.000000,-0.000000,0.000000,0.000000,0.000000,-0.000000,-0.000000,4513.428994,-0.000000,-0.000000,0.000000,2000.366810,2111.071334,2000.366810,2111.071334,2000.366810,2111.071334,2000.366810,2111.071334,0.008242,75
4.940220,1,-5.000000,-0.000000,3.995227,0.000000,0.000000,0.000000,0.000000,0.000000,0.000000,-0.000000,-5.000000,-0.000000,3.996565,0.000000,0.000000,-0.002010,1.000000,-0.000000,0.000000,0.000000,0.000000,-0.000000,-0.000000,4513.429463,-0.000000,-0.000000,0.000000,2000.366911,2111.071442,2000.366911,2111.071442,2000.366911,2111.071442,2000.366911,2111.071442,0.008242,75
4.945230,1,-5.000000,-0.000000,3.995227,0.000000,0.000000,0.000000,0.000000,0.000000,0.000000,-0.000000,-5.000000,-0.000000,3.996555,0.000000,0.000000,-0.002001,1.000000,-0.000000,0.000000,0.000000,0.000000,-0.000000,-0.000000,4513.429876,-0.000000,-0.000000,0.000000,2000.366999,2111.071536,2000.366999,2111.071536,2000.366999,2111.071536,2000.366999,2111.071536,0.008242,75
4.950222,1,-5.000000,-0.000000,3.995227,0.000000,0.000000,0.000000,0.000000,0.000000,0.000000,-0.000000,-5.000000,-0.000000,3.996545,0.000000,0.000000,-0.001992,1.000000,-0.000000,0.000000,0.000000,0.000000,-0.000000,-0.000000,4513.430233,-0.000000,-0.000000,0.000000,2000.367076,2111.071618,2000.367076,2111.071618,2000.367076,2111.071618,2000.367076,2111.071618,0.008242,75
4.955247,1,-5.000000,-0.000000,3.995227,0.000000,0.000000,0.000000,0.000000,0.000000,0.000000,-0.000000,-5.000000,-0.000000,3.996535,0.000000,0.000000,-0.001983,1.000000,-0.000000,0.000000,0.000000,0.000000,-0.000000,-0.000000,4513.430533,-0.000000,-0.000000,0.000000,2000.367140,2111.071687,2000.367140,2111.071687,2000.367140,2111.071687,2000.367140,2111.071687,0.008242,75
4.960267,1,-5.000000,-0.000000,3.995227,0.000000,0.000000,0.000000,0.000000,0.000000,0.000000,-0.000000,-5.000000,-0.000000,3.996526,0.000000,0.000000,-0.001974,1.000000,-0.000000,0.000000,0.000000,0.000000,-0.000000,-0.000000,4513.430778,-0.000000,-0.000000,0.000000,2000.367193,2111.071743,2000.367193,2111.071743,2000.367193,2111.071743,2000.367193,2111.071743,0.008242,75
4.965252,1,-5.000000,-0.000000,3.995227,0.000000,0.000000,0.000000,0.000000,0.000000,0.000000,-0.000000,-5.000000,-0.000000,3.996516,0.000000,0.000000,-0.001965,1.000000,-0.000000,0.000000,0.000000,0.000000,-0.000000,-0.000000,4513.430969,-0.000000,-0.000000,0.000000,2000.367234,2111.071787,2000.367234,2111.071787,2000.367234,2111.071787,2000.367234,2111.071787,0.008242,75
4.970335,1,-5.000000,-0.000000,3.995227,0.000000,0.000000,0.000000,0.000000,0.000000,0.000000,-0.000000,-5.000000,-0.000000,3.996506,0.000000,0.000000,-0.001955,1.000000,-0.000000,0.000000,0.000000,0.000000,-0.000000,-0.000000,4513.431104,-0.000000,-0.000000,0.000000,2000.367263,2111.071818,2000.367263,2111.071818,2000.367263,2111.071818,2000.367263,2111.071818,0.008242,75
4.975223,1,-5.000000,-0.000000,3.995227,0.000000,0.000000,0.000000,0.000000,0.000000,0.000000,-0.000000,-5.000000,-0.000000,3.996496,0.000000,0.000000,-0.001946,1.000000,-0.000000,0.000000,0.000000,0.000000,-0.000000,-0.000000,4513.431187,-0.000000,-0.000000,0.000000,2000.367280,2111.071837,2000.367280,2111.071837,2000.367280,2111.071837,2000.367280,2111.071837,0.008242,75
4.980260,1,-5.000000,-0.000000,3.995227,0.000000,0.000000,0.000000,0.000000,0.000000,0.000000,-0.000000,-5.000000,-0.000000,3.996487,0.000000,0.000000,-0.001937,1.000000,-0.000000,0.000000,0.000000,0.000000,-0.000000,-0.000000,4513.431216,-0.000000,-0.000000,0.000000,2000.367287,2111.071843,2000.367287,2111.071843,2000.367287,2111.071843,2000.367287,2111.071843,0.008242,75
4.985346,1,-5.000000,-0.000000,3.995227,0.000000,0.000000,0.000000,0.000000,0.000000,0.000000,-0.000000,-5.000000,-0.000000,3.996477,0.000000,0.000000,-0.001928,1.000000,-0.000000,0.000000,0.000000,0.000000,-0.000000,-0.000000,4513.431193,-0.000000,-0.000000,0.000000,2000.367282,2111.071838,2000.367282,2111.071838,2000.367282,2111.071838,2000.367282,2111.071838,0.008242,75
4.990217,1,-5.000000,-0.000000,3.995227,0.000000,0.000000,0.000000,0.000000,0.000000,0.000000,-0.000000,-5.000000,-0.000000,3.996467,0.000000,0.000000,-0.001919,1.000000,-0.000000,0.000000,0.000000,0.000000,-0.000000,-0.000000,4513.431117,-0.000000,-0.000000,0.000000,2000.367265,2111.071821,2000.367265,2111.071821,2000.367265,2111.071821,2000.367265,2111.071821,0.008242,75
4.995257,1,-5.000000,-0.000000,3.995227,0.000000,0.000000,0.000000,0.000000,0.000000,0.000000,-0.000000,-5.000000,-0.000000,3.996458,0.000000,0.000000,-0.001910,1.000000,-0.000000,0.000000,-0.000000,0.000000,-0.000000,-0.000000,4513.430996,-0.000000,-0.000000,0.000000,2000.367239,2111.071793,2000.367239,2111.071793,2000.367239,2111.071793,2000.367239,2111.071793,0.008242,75
5.000309,1,-5.000000,-0.000000,3.995227,0.000000,0.000000,0.000000,0.000000,0.000000,0.000000,-0.000000,-5.000000,-0.000000,3.996448,0.000000,0.000000,-0.001900,1.000000,-0.000000,0.000000,-0.000000,0.000000,-0.000000,-0.000000,4513.430819,-0.000000,-0.000000,0.000000,2000.367202,2111.071752,2000.367202,2111.071752,2000.367202,2111.071752,2000.367202,2111.071752,0.008242,75
5.005322,1,-5.000000,-0.000000,3.995227,0.000000,0.000000,0.000000,0.000000,0.000000,0.000000,-0.000000,-5.000000,-0.000000,3.996439,0.000000,0.000000,-0.001891,1.000000,-0.000000,0.000000,-0.000000,0.000000,-0.000000,-0.000000,4513.430592,-0.000000,-0.000000,0.000000,2000.367153,2111.071700,2000.367153,2111.071700,2000.367153,2111.071700,2000.367153,2111.071700,0.008242,75
5.010324,1,-5.000000,-0.000000,3.995227,0.000000,0.000000,0.000000,0.000000,0.000000,0.000000,-0.000000,-5.000000,-0.000000,3.996429,0.000000,0.000000,-0.001882,1.000000,-0.000000,0.000000,-0.000000,0.000000,-0.000000,-0.000000,4513.430317,-0.000000,-0.000000,0.000000,2000.367094,2111.071637,2000.367094,2111.071637,2000.367094,2111.071637,2000.367094,2111.071637,0.008242,75
5.015315,1,-5.000000,-0.000000,3.995227,0.000000,0.000000,0.000000,0.000000,0.000000,0.000000,-0.000000,-5.000000,-0.000000,3.996420,0.000000,0.000000,-0.001873,1.000000,-0.000000,0.000000,-0.000000,0.000000,-0.000000,-0.000000,4513.429995,-0.000000,-0.000000,0.000000,2000.367025,2111.071564,2000.367025,2111.071564,2000.367025,2111.071564,2000.367025,2111.071564,0.008242,75
5.020316,1,-5.000000,-0.000000,3.995227,0.000000,0.000000,0.000000,0.000000,0.000000,0.000000,-0.000000,-5.000000,-0.000000,3.996411,0.000000,0.000000,-0.001863,1.000000,-0.000000,0.000000,-0.000000,0.000000,-0.000000,-0.000000,4513.429626,-0.000000,-0.000000,0.000000,2000.366945,2111.071479,2000.366945,2111.071479,2000.366945,2111.071479,2000.366945,2111.071479,0.008242,75
5.025323,1,-5.000000,-0.000000,3.995227,0.000000,0.000000,0.000000,0.000000,0.000000,0.000000,-0.000000,-5.000000,-0.000000,3.996401,0.000000,0.000000,-0.001854,1.000000,-0.000000,0.000000,-0.000000,0.000000,-0.000000,-0.000000,4513.429209,-0.000000,-0.000000,0.000000,2000.366856,2111.071383,2000.366856,2111.071383,2000.366856,2111.071383,2000.366856,2111.071383,0.008242,75
5.030315,1,-5.000000,-0.000000,3.995227,0.000000,0.000000,0.000000,0.000000,0.000000,0.000000,-0.000000,-5.000000,-0.000000,3.996392,0.000000,0.000000,-0.001845,1.000000,-0.000000,0.000000,-0.000000,0.000000,-0.000000,-0.000000,4513.428745,-0.000000,-0.000000,0.000000,2000.366756,2111.071277,2000.366756,2111.071277,2000.366756,2111.071277,2000.366756,2111.071277,0.008242,75
5.035336,1,-5.000000,-0.000000,3.995227,0.000000,0.000000,0.000000,0.000000,0.000000,0.000000,-0.000000,-5.000000,-0.000000,3.996383,0.000000,0.000000,-0.001836,1.000000,-0.000000,0.000000,-0.000000,0.000000,-0.000000,-0.000000,4513.428237,-0.000000,-0.000000,0.000000,2000.366647,2111.071161,2000.366647,2111.071161,2000.366647,2111.071161,2000.366647,2111.071161,0.008242,75
5.040314,1,-5.000000,-0.000000,3.995227,0.000000,0.000000,0.000000,0.000000,0.000000,0.000000,-0.000000,-5.000000,-0.000000,3.996374,0.000000,0.000000,-0.001827,1.000000,-0.000000,0.000000,-0.000000,0.000000,-0.000000,-0.000000,4513.427681,-0.000000,-0.000000,0.000000,2000.366528,2111.071033,2000.366528,2111.071033,2000.366528,2111.071033,2000.366528,2111.071033,0.008242,75
5.045364,1,-5.000000,-0.000000,3.995227,0.000000,0.000000,0.000000,0.000000,0.000000,0.000000,-0.000000,-5.000000,-0.000000,3.996365,0.000000,0.000000,-0.001818,1.000000,-0.000000,0.000000,-0.000000,0.000000,-0.000000,-0.000000,4513.427085,-0.000000,-0.000000,0.000000,2000.366400,2111.070897,2000.366400,2111.070897,2000.366400,2111.070897,2000.366400,2111.070897,0.008242,75
5.050214,1,-5.000000,-0.000000,3.995227,0.000000,0.000000,0.000000,0.000000,0.000000,0.000000,-0.000000,-5.000000,-0.000000,3.996356,0.000000,0.000000,-0.001809,1.000000,-0.000000,0.000000,-0.000000,0.000000,-0.000000,-0.000000,4513.426436,-0.000000,-0.000000,0.000000,2000.366261,2111.070748,2000.366261,2111.070748,2000.366261,2111.070748,2000.366261,2111.070748,0.008242,75
5.055259,1,-5.000000,-0.000000,3.995227,0.000000,0.000000,0.000000,0.000000,0.000000,0.000000,-0.000000,-5.000000,-0.000000,3.996347,0.000000,0.000000,-0.001799,1.000000,-0.000000,0.000000,-0.000000,0.000000,-0.000000,-0.000000,4513.425772,-0.000000,-0.000000,0.000000,2000.366118,2111.070596,2000.366118,2111.070596,2000.366118,2111.070596,2000.366118,2111.070596,0.008242,75
5.060333,1,-5.000000,-0.000000,3.995227,0.000000,0.000000,0.000000,0.000000,0.000000,0.000000,-0.000000,-5.000000,-0.000000,3.996338,0.000000,0.000000,-0.001790,1.000000,-0.000000,0.000000,-0.000000,0.000000,-0.000000,-0.000000,4513.425037,-0.000000,-0.000000,0.000000,2000.365960,2111.070428,2000.365960,2111.070428,2000.365960,2111.070428,2000.365960,2111.070428,0.008242,75
5.065325,1,-5.000000,-0.000000,3.995227,0.000000,0.000000,0.000000,0.000000,0.000000,0.000000,-0.000000,-5.000000,-0.000000,3.996329,0.000000,0.000000,-0.001781,1.000000,-0.000000,0.000000,-0.000000,0.000000,-0.000000,-0.000000,4513.424255,-0.000000,-0.000000,0.000000,2000.365793,2111.070249,2000.365793,2111.070249,2000.365793,2111.070249,2000.365793,2111.070249,0.008242,75
5.070329,1,-5.000000,-0.000000,3.995227,0.000000,0.000000,0.000000,0.000000,0.000000,0.000000,-0.000000,-5.000000,-0.000000,3.996320,0.000000,0.000000,-0.001772,1.000000,-0.000000,0.000000,-0.000000,0.000000,-0.000000,-0.000000,4513.423444,-0.000000,-0.000000,0.000000,2000.365619,2111.070063,2000.365619,2111.070063,2000.365619,2111.070063,2000.365619,2111.070063,0.008242,75
5.075330,1,-5.000000,-0.000000,3.995227,0.000000,0.000000,0.000000,0.000000,0.000000,0.000000,-0.000000,-5.000000,-0.000000,3.996311,0.000000,0.000000,-0.001763,1.000000,-0.000000,0.000000,-0.000000,0.000000,-0.000000,-0.000000,4513.422590,-0.000000,-0.000000,0.000000,2000.365435,2111.069867,2000.365435,2111.069867,2000.365435,2111.069867,2000.365435,2111.069867,0.008242,75
5.080329,1,-5.000000,-0.000000,3.995227,0.000000,0.000000,0.000000,0.000000,0.000000,0.000000,-0.000000,-5.000000,-0.000000,3.996302,0.000000,0.000000,-0.001754,1.000000,-0.000000,0.000000,-0.000000,0.000000,-0.000000,-0.000000,4513.421697,-0.000000,-0.000000,0.000000,2000.365243,2111.069662,2000.365243,2111.069662,2000.365243,2111.069662,2000.365243,2111.069662,0.008242,75
5.085217,1,-5.000000,-0.000000,3.995227,0.000000,0.000000,0.000000,0.000000,0.000000,0.000000,-0.000000,-5.000000,-0.000000,3.996294,0.000000,0.000000,-0.001745,1.000000,-0.000000,0.000000,-0.000000,0.000000,-0.000000,-0.000000,4513.420763,-0.000000,-0.000000,0.000000,2000.365043,2111.069449,2000.365043,2111.069449,2000.365043,2111.069449,2000.365043,2111.069449,0.008242,75
5.090331,1,-5.000000,-0.000000,3.995227,0.000000,0.000000,0.000000,0.000000,0.000000,0.000000,-0.000000,-5.000000,-0.000000,3.996285,0.000000,0.000000,-0.001735,1.000000,-0.000000,0.000000,-0.000000,0.000000,-0.000000,-0.000000,4513.419813,-0.000000,-0.000000,0.000000,2000.364839,2111.069231,2000.364839,2111.069231,2000.364839,2111.069231,2000.364839,2111.069231,0.008242,75
5.095347,1,-5.000000,-0.000000,3.995227,0.000000,0.000000,0.000000,0.000000,0.000000,0.000000,-0.000000,-5.000000,-0.000000,3.996276,0.000000,0.000000,-0.001726,1.000000,-0.000000,0.000000,-0.000000,0.000000,-0.000000,-0.000000,4513.418778,-0.000000,-0.000000,0.000000,2000.364617,2111.068994,2000.364617,2111.068994,2000.364617,2111.068994,2000.364617,2111.068994,0.008242,75
5.100374,1,-5.000000,-0.000000,3.995227,0.000000,0.000000,0.000000,0.000000,0.000000,0.000000,-0.000000,-5.000000,-0.000000,3.996268,0.000000,0.000000,-0.001717,1.000000,-0.000000,0.000000,-0.000000,0.000000,-0.000000,-0.000000,4513.417725,-0.000000,-0.000000,0.000000,2000.364391,2111.068752,2000.364391,2111.068752,2000.364391,2111.068752,2000.364391,2111.068752,0.008242,75
5.105363,1,-5.000000,-0.000000,3.995227,0.000000,0.000000,0.000000,0.000000,0.000000,0.000000,-0.000000,-5.000000,-0.000000,3.996259,0.000000,0.000000,-0.001708,1.000000,-0.000000,0.000000,-0.000000,0.000000,-0.000000,-0.000000,4513.416631,-0.000000,-0.000000,0.000000,2000.364156,2111.068502,2000.364156,2111.068502,2000.364156,2111.068502,2000.364156,2111.068502,0.008242,75
5.110239,1,-5.000000,-0.000000,3.995227,0.000000,0.000000,0.000000,0.000000,0.000000,0.000000,-0.000000,-5.000000,-0.000000,3.996251,0.000000,0.000000,-0.001699,1.000000,-0.000000,0.000000,-0.000000,0.000000,-0.000000,-0.000000,4513.415509,-0.000000,-0.000000,0.000000,2000.363915,2111.068245,2000.363915,2111.068245,2000.363915,2111.068245,2000.363915,2111.068245,0.008242,75
5.115231,1,-5.000000,-0.000000,3.995227,0.000000,0.000000,0.000000,0.000000,0.000000,0.000000,-0.000000,-5.000000,-0.000000,3.996242,0.000000,0.000000,-0.001690,1.000000,-0.000000,0.000000,-0.000000,0.000000,-0.000000,-0.000000,4513.414377,-0.000000,-0.000000,0.000000,2000.363672,2111.067985,2000.363672,2111.067985,2000.363672,2111.067985,2000.363672,2111.067985,0.008242,75
5.120251,1,-5.000000,-0.000000,3.995227,0.000000,0.000000,0.000000,0.000000,0.000000,0.000000,-0.000000,-5.000000,-0.000000,3.996234,0.000000,0.000000,-0.001681,1.000000,0.000000,0.000000,-0.000000,0.000000,-0.000000,-0.000000,4513.413182,-0.000000,-0.000000,0.000000,2000.363416,2111.067712,2000.363416,2111.067712,2000.363416,2111.067712,2000.363416,2111.067712,0.008242,75
5.125222,1,-5.000000,-0.000000,3.995227,0.000000,0.000000,0.000000,0.000000,0.000000,0.000000,-0.000000,-5.000000,-0.000000,3.996226,0.000000,0.000000,-0.001672,1.000000,0.000000,0.000000,-0.000000,0.000000,-0.000000,-0.000000,4513.411945,-0.000000,-0.000000,0.000000,2000.363150,2111.067428,2000.363150,2111.067428,2000.363150,2111.067428,2000.363150,2111.067428,0.008242,75
5.130266,1,-5.000000,-0.000000,3.995227,0.000000,0.000000,0.000000,0.000000,0.000000,0.000000,-0.000000,-5.000000,-0.000000,3.996217,0.000000,0.000000,-0.001663,1.000000,0.000000,0.000000,-0.000000,0.000000,-0.000000,-0.000000,4513.410685,-0.000000,-0.000000,0.000000,2000.362880,2111.067140,2000.362880,2111.067140,2000.362880,2111.067140,2000.362880,2111.067140,0.008242,75
5.135472,1,-5.000000,-0.000000,3.995227,0.000000,0.000000,0.000000,0.000000,0.000000,0.000000,-0.000000,-5.000000,-0.000000,3.996209,0.000000,0.000000,-0.001653,1.000000,0.000000,0.000000,-0.000000,0.000000,-0.000000,0.000000,4513.409372,-0.000000,-0.000000,0.000000,2000.362598,2111.066839,2000.362598,2111.066839,2000.362598,2111.066839,2000.362598,2111.066839,0.008242,75
5.140272,1,-5.000000,-0.000000,3.995227,0.000000,0.000000,0.000000,0.000000,0.000000,0.000000,-0.000000,-5.000000,-0.000000,3.996201,0.000000,0.000000,-0.001645,1.000000,0.000000,0.000000,-0.000000,0.000000,-0.000000,0.000000,4513.407979,-0.000000,-0.000000,0.000000,2000.362299,2111.066520,2000.362299,2111.066520,2000.362299,2111.066520,2000.362299,2111.066520,0.008242,75
5.145280,1,-5.000000,-0.000000,3.995227,0.000000,0.000000,0.000000,0.000000,0.000000,0.000000,-0.000000,-5.000000,-0.000000,3.996193,0.000000,0.000000,-0.001636,1.000000,0.000000,0.000000,-0.000000,0.000000,-0.000000,0.000000,4513.406665,-0.000000,-0.000000,-0.000000,2000.362017,2111.066219,2000.362017,2111.066219,2000.362017,2111.066219,2000.362017,2111.066219,0.008242,75
5.150231,1,-5.000000,-0.000000,3.995227,0.000000,0.000000,0.000000,0.000000,0.000000,0.000000,-0.000000,-5.000000,-0.000000,3.996185,0.000000,0.000000,-0.001627,1.000000,0.000000,0.000000,-0.000000,0.000000,-0.000000,0.000000,4513.405260,-0.000000,-0.000000,-0.000000,2000.361715,2111.065897,2000.361715,2111.065897,2000.361715,2111.065897,2000.361715,2111.065897,0.008242,75
5.155333,1,-5.000000,-0.000000,3.995227,0.000000,0.000000,0.000000,0.000000,0.000000,0.000000,-0.000000,-5.000000,-0.000000,3.996176,0.000000,0.000000,-0.001618,1.000000,0.000000,0.000000,-0.000000,0.000000,-0.000000,0.000000,4513.403840,-0.000000,-0.000000,-0.000000,2000.361410,2111.065571,2000.361410,2111.065571,2000.361410,2111.065571,2000.361410,2111.065571,0.008242,75
5.160348,1,-5.000000,-0.000000,3.995227,0.000000,0.000000,0.000000,0.000000,0.000000,0.000000,-0.000000,-5.000000,-0.000000,3.996168,0.000000,0.000000,-0.001609,1.000000,0.000000,0.000000,-0.000000,0.000000,-0.000000,0.000000,4513.402343,-0.000000,-0.000000,-0.000000,2000.361089,2111.065228,2000.361089,2111.065228,2000.361089,2111.065228,2000.361089,2111.065228,0.008242,75
5.165343,1,-5.000000,-0.000000,3.995227,0.000000,0.000000,0.000000,0.000000,0.000000,0.000000,-0.000000,-5.000000,-0.000000,3.996160,0.000000,0.000000,-0.001600,1.000000,0.000000,0.000000,-0.000000,0.000000,-0.000000,0.000000,4513.400840,-0.000000,-0.000000,-0.000000,2000.360766,2111.064884,2000.360766,2111.064884,2000.360766,2111.064884,2000.360766,2111.064884,0.008242,75
5.170336,1,-5.000000,-0.000000,3.995227,0.000000,0.000000,0.000000,0.000000,0.000000,0.000000,-0.000000,-5.000000,-0.000000,3.996152,0.000000,0.000000,-0.001591,1.000000,0.000000,0.000000,-0.000000,0.000000,-0.000000,0.000000,4513.399311,-0.000000,-0.000000,-0.000000,2000.360438,2111.064534,2000.360438,2111.064534,2000.360438,2111.064534,2000.360438,2111.064534,0.008242,75
5.175230,1,-5.000000,-0.000000,3.995227,0.000000,0.000000,0.000000,0.000000,0.000000,0.000000,-0.000000,-5.000000,-0.000000,3.996145,0.000000,0.000000,-0.001582,1.000000,0.000000,0.000000,-0.000000,0.000000,-0.000000,0.000000,4513.397754,-0.000000,-0.000000,-0.000000,2000.360104,2111.064177,2000.360104,2111.064177,2000.360104,2111.064177,2000.360104,2111.064177,0.008242,75
5.180241,1,-5.000000,-0.000000,3.995227,0.000000,0.000000,0.000000,0.000000,0.000000,0.000000,-0.000000,-5.000000,-0.000000,3.996137,0.000000,0.000000,-0.001573,1.000000,0.000000,0.000000,-0.000000,0.000000,-0.000000,0.000000,4513.396198,-0.000000,-0.000000,-0.000000,2000.359770,2111.063821,2000.359770,2111.063821,2000.359770,2111.063821,2000.359770,2111.063821,0.008242,75
5.185252,1,-5.000000,-0.000000,3.995227,0.000000,0.000000,0.000000,0.000000,0.000000,0.000000,-0.000000,-5.000000,-0.000000,3.996129,0.000000,0.000000,-0.001564,1.000000,0.000000,0.000000,-0.000000,0.000000,-0.000000,0.000000,4513.394575,-0.000000,-0.000000,-0.000000,2000.359421,2111.063449,2000.359421,2111.063449,2000.359421,2111.063449,2000.359421,2111.063449,0.008242,75
5.190223,1,-5.000000,-0.000000,3.995227,0.000000,0.000000,0.000000,0.000000,0.000000,0.000000,-0.000000,-5.000000,-0.000000,3.996121,0.000000,0.000000,-0.001556,1.000000,0.000000,0.000000,-0.000000,0.000000,-0.000000,0.000000,4513.392923,-0.000000,-0.000000,-0.000000,2000.359067,2111.063070,2000.359067,2111.063070,2000.359067,2111.063070,2000.359067,2111.063070,0.008242,75
5.195347,1,-5.000000,-0.000000,3.995227,0.000000,0.000000,0.000000,0.000000,0.000000,0.000000,-0.000000,-5.000000,-0.000000,3.996113,0.000000,0.000000,-0.001547,1.000000,0.000000,0.000000,-0.000000,0.000000,-0.000000,0.000000,4513.391256,-0.000000,-0.000000,-0.000000,2000.358709,2111.062689,2000.358709,2111.062689,2000.358709,2111.062689,2000.358709,2111.062689,0.008242,75
5.200325,1,-5.000000,-0.000000,3.995227,0.000000,0.000000,0.000000,0.000000,0.000000,0.000000,-0.000000,-5.000000,-0.000000,3.996105,0.000000,0.000000,-0.001538,1.000000,0.000000,0.000000,-0.000000,0.000000,-0.000000,0.000000,4513.389508,-0.000000,-0.000000,-0.000000,2000.358334,2111.062288,2000.358334,2111.062288,2000.358334,2111.062288,2000.358334,2111.062288,0.008242,75
5.205337,1,-5.000000,-0.000000,3.995227,0.000000,0.000000,0.000000,0.000000,0.000000,0.000000,-0.000000,-5.000000,-0.000000,3.996098,0.000000,0.000000,-0.001529,1.000000,0.000000,0.000000,-0.000000,0.000000,-0.000000,0.000000,4513.387783,-0.000000,-0.000000,-0.000000,2000.357963,2111.061893,2000.357963,2111.061893,2000.357963,2111.061893,2000.357963,2111.061893,0.008242,75
5.210337,1,-5.000000,-0.000000,3.995227,0.000000,0.000000,0.000000,0.000000,0.000000,0.000000,-0.000000,-5.000000,-0.000000,3.996090,0.000000,0.000000,-0.001520,1.000000,0.000000,0.000000,-0.000000,0.000000,-0.000000,0.000000,4513.386018,-0.000000,-0.000000,-0.000000,2000.357585,2111.061488,2000.357585,2111.061488,2000.357585,2111.061488,2000.357585,2111.061488,0.008242,75
5.215336,1,-5.000000,-0.000000,3.995227,0.000000,0.000000,0.000000,0.000000,0.000000,0.000000,-0.000000,-5.000000,-0.000000,3.996083,0.000000,0.000000,-0.001511,1.000000,0.000000,0.000000,-0.000000,0.000000,-0.000000,0.000000,4513.384231,-0.000000,-0.000000,-0.000000,2000.357201,2111.061079,2000.357201,2111.061079,2000.357201,2111.061079,2000.357201,2111.061079,0.008242,75
5.220399,1,-5.000000,-0.000000,3.995227,0.000000,0.000000,0.000000,0.000000,0.000000,0.000000,-0.000000,-5.000000,-0.000000,3.996075,0.000000,0.000000,-0.001502,1.000000,0.000000,0.000000,-0.000000,0.000000,-0.000000,0.000000,4513.382418,-0.000000,-0.000000,-0.000000,2000.356812,2111.060664,2000.356812,2111.060664,2000.356812,2111.060664,2000.356812,2111.060664,0.008242,75
5.225294,1,-5.000000,-0.000000,3.995227,0.000000,0.000000,0.000000,0.000000,0.000000,0.000000,-0.000000,-5.000000,-0.000000,3.996068,0.000000,0.000000,-0.001494,1.000000,0.000000,0.000000,-0.000000,0.000000,-0.000000,0.000000,4513.380555,-0.000000,-0.000000,-0.000000,2000.356412,2111.060237,2000.356412,2111.060237,2000.356412,2111.060237,2000.356412,2111.060237,0.008242,75
5.230215,1,-5.000000,-0.000000,3.995227,0.000000,0.000000,0.000000,0.000000,0.000000,0.000000,-0.000000,-5.000000,-0.000000,3.996060,0.000000,0.000000,-0.001485,1.000000,0.000000,0.000000,-0.000000,0.000000,-0.000000,0.000000,4513.378730,-0.000000,-0.000000,-0.000000,2000.356020,2111.059819,2000.356020,2111.059819,2000.356020,2111.059819,2000.356020,2111.059819,0.008242,75
5.235327,1,-5.000000,-0.000000,3.995227,0.000000,0.000000,0.000000,0.000000,0.000000,0.000000,-0.000000,-5.000000,-0.000000,3.996053,0.000000,0.000000,-0.001476,1.000000,0.000000,0.000000,-0.000000,0.000000,-0.000000,0.000000,4513.376870,-0.000000,-0.000000,-0.000000,2000.355621,2111.059393,2000.355621,2111.059393,2000.355621,2111.059393,2000.355621,2111.059393,0.008242,75
5.240324,1,-5.000000,-0.000000,3.995227,0.000000,0.000000,0.000000,0.000000,0.000000,0.000000,-0.000000,-5.000000,-0.000000,3.996046,0.000000,0.000000,-0.001468,1.000000,0.000000,0.000000,-0.000000,0.000000,-0.000000,0.000000,4513.374913,-0.000000,-0.000000,-0.000000,2000.355201,2111.058944,2000.355201,2111.058944,2000.355201,2111.058944,2000.355201,2111.058944,0.008242,75
5.245318,1,-5.000000,-0.000000,3.995227,0.000000,0.000000,0.000000,0.000000,0.000000,0.000000,-0.000000,-5.000000,-0.000000,3.996038,0.000000,0.000000,-0.001459,1.000000,0.000000,0.000000,0.000000,0.000000,-0.000000,0.000000,4513.372976,-0.000000,-0.000000,-0.000000,2000.354785,2111.058500,2000.354785,2111.058500,2000.354785,2111.058500,2000.354785,2111.058500,0.008242,75
5.250338,1,-5.000000,-0.000000,3.995227,0.000000,0.000000,0.000000,0.000000,0.000000,0.000000,-0.000000,-5.000000,-0.000000,3.996031,0.000000,0.000000,-0.001450,1.000000,0.000000,0.000000,0.000000,0.000000,-0.000000,0.000000,4513.371016,-0.000000,-0.000000,-0.000000,2000.354364,2111.058052,2000.354364,2111.058052,2000.354364,2111.058052,2000.354364,2111.058052,0.008242,75
5.255251,1,-5.000000,-0.000000,3.995227,0.000000,0.000000,0.000000,0.000000,0.000000,0.000000,-0.000000,-5.000000,-0.000000,3.996024,0.000000,0.000000,-0.001442,1.000000,0.000000,0.000000,0.000000,0.000000,-0.000000,0.000000,4513.369023,-0.000000,-0.000000,-0.000000,2000.353936,2111.057595,2000.353936,2111.057595,2000.353936,2111.057595,2000.353936,2111.057595,0.008242,75
5.260223,1,-5.000000,-0.000000,3.995227,0.000000,0.000000,0.000000,0.000000,0.000000,0.000000,-0.000000,-5.000000,-0.000000,3.996017,0.000000,0.000000,-0.001433,1.000000,0.000000,0.000000,0.000000,0.000000,-0.000000,0.000000,4513.367049,-0.000000,-0.000000,-0.000000,2000.353513,2111.057143,2000.353513,2111.057143,2000.353513,2111.057143,2000.353513,2111.057143,0.008242,75
5.265233,1,-5.000000,-0.000000,3.995227,0.000000,0.000000,0.000000,0.000000,0.000000,0.000000,-0.000000,-5.000000,-0.000000,3.996010,0.000000,0.000000,-0.001425,1.000000,0.000000,0.000000,0.000000,0.000000,-0.000000,0.000000,4513.365030,-0.000000,-0.000000,-0.000000,2000.353079,2111.056680,2000.353079,2111.056680,2000.353079,2111.056680,2000.353079,2111.056680,0.008242,75
5.270364,1,-5.000000,-0.000000,3.995227,0.000000,0.000000,0.000000,0.000000,0.000000,0.000000,-0.000000,-5.000000,-0.000000,3.996002,0.000000,0.000000,-0.001416,1.000000,0.000000,0.000000,0.000000,0.000000,-0.000000,0.000000,4513.362974,-0.000000,-0.000000,-0.000000,2000.352638,2111.056209,2000.352638,2111.056209,2000.352638,2111.056209,2000.352638,2111.056209,0.008242,75
5.275347,1,-5.000000,-0.000000,3.995227,0.000000,0.000000,0.000000,0.000000,0.000000,0.000000,-0.000000,-5.000000,-0.000000,3.995995,0.000000,0.000000,-0.001408,1.000000,0.000000,0.000000,0.000000,0.000000,-0.000000,0.000000,4513.360844,-0.000000,-0.000000,-0.000000,2000.352181,2111.055721,2000.352181,2111.055721,2000.352181,2111.055721,2000.352181,2111.055721,0.008242,75
5.280228,1,-5.000000,-0.000000,3.995227,0.000000,0.000000,0.000000,0.000000,0.000000,0.000000,-0.000000,-5.000000,-0.000000,3.995989,0.000000,0.000000,-0.001399,1.000000,0.000000,0.000000,0.000000,0.000000,-0.000000,0.000000,4513.358755,-0.000000,-0.000000,-0.000000,2000.351732,2111.055243,2000.351732,2111.055243,2000.351732,2111.055243,2000.351732,2111.055243,0.008242,75
5.285219,1,-5.000000,-0.000000,3.995227,0.000000,0.000000,0.000000,0.000000,0.000000,0.000000,-0.000000,-5.000000,-0.000000,3.995982,0.000000,0.000000,-0.001391,1.000000,0.000000,0.000000,0.000000,0.000000,-0.000000,0.000000,4513.356689,-0.000000,-0.000000,-0.000000,2000.351289,2111.054769,2000.351289,2111.054769,2000.351289,2111.054769,2000.351289,2111.054769,0.008242,75
5.290330,1,-5.000000,-0.000000,3.995227,0.000000,0.000000,0.000000,0.000000,0.000000,0.000000,-0.000000,-5.000000,-0.000000,3.995975,0.000000,0.000000,-0.001382,1.000000,0.000000,0.000000,0.000000,0.000000,-0.000000,0.000000,4513.354556,-0.000000,-0.000000,-0.000000,2000.350831,2111.054281,2000.350831,2111.054281,2000.350831,2111.054281,2000.350831,2111.054281,0.008242,75
5.295219,1,-5.000000,-0.000000,3.995227,0.000000,0.000000,0.000000,0.000000,0.000000,0.000000,-0.000000,-5.000000,-0.000000,3.995968,0.000000,0.000000,-0.001374,1.000000,0.000000,0.000000,0.000000,0.000000,-0.000000,0.000000,4513.352351,-0.000000,-0.000000,-0.000000,2000.350358,2111.053775,2000.350358,2111.053775,2000.350358,2111.053775,2000.350358,2111.053775,0.008242,75
5.300239,1,-5.000000,-0.000000,3.995227,0.000000,0.000000,0.000000,0.000000,0.000000,0.000000,-0.000000,-5.000000,-0.000000,3.995961,0.000000,0.000000,-0.001365,1.000000,0.000000,0.000000,0.000000,0.000000,-0.000000,0.000000,4513.350222,-0.000000,-0.000000,-0.000000,2000.349901,2111.053288,2000.349901,2111.053288,2000.349901,2111.053288,2000.349901,2111.053288,0.008242,75
5.305231,1,-5.000000,-0.000000,3.995227,0.000000,0.000000,0.000000,0.000000,0.000000,0.000000,-0.000000,-5.000000,-0.000000,3.995954,0.000000,0.000000,-0.001357,1.000000,0.000000,0.000000,0.000000,0.000000,-0.000000,0.000000,4513.348018,-0.000000,-0.000000,-0.000000,2000.349427,2111.052783,2000.349427,2111.052783,2000.349427,2111.052783,2000.349427,2111.052783,0.008242,75
5.310225,1,-5.000000,-0.000000,3.995227,0.000000,0.000000,0.000000,0.000000,0.000000,0.000000,-0.000000,-5.000000,-0.000000,3.995947,0.000000,0.000000,-0.001349,1.000000,0.000000,0.000000,0.000000,0.000000,-0.000000,0.000000,4513.345806,-0.000000,-0.000000,-0.000000,2000.348953,2111.052276,2000.348953,2111.052276,2000.348953,2111.052276,2000.348953,2111.052276,0.008242,75
5.315236,1,-5.000000,-0.000000,3.995227,0.000000,0.000000,0.000000,0.000000,0.000000,0.000000,-0.000000,-5.000000,-0.000000,3.995941,0.000000,0.000000,-0.001340,1.000000,0.000000,0.000000,0.000000,0.000000,-0.000000,0.000000,4513.343575,-0.000000,-0.000000,-0.000000,2000.348474,2111.051765,2000.348474,2111.051765,2000.348474,2111.051765,2000.348474,2111.051765,0.008242,75
5.320231,1,-5.000000,-0.000000,3.995227,0.000000,0.000000,0.000000,0.000000,0.000000,0.000000,-0.000000,-5.000000,-0.000000,3.995934,0.000000,0.000000,-0.001332,1.000000,0.000000,0.000000,0.000000,0.000000,-0.000000,0.000000,4513.341318,-0.000000,-0.000000,-0.000000,2000.347989,2111.051248,2000.347989,2111.051248,2000.347989,2111.051248,2000.347989,2111.051248,0.008242,75
5.325243,1,-5.000000,-0.000000,3.995227,0.000000,0.000000,0.000000,0.000000,0.000000,0.000000,-0.000000,-5.000000,-0.000000,3.995927,0.000000,0.000000,-0.001324,1.000000,0.000000,0.000000,0.000000,0.000000,-0.000000,0.000000,4513.339051,-0.000000,-0.000000,-0.000000,2000.347503,2111.050728,2000.347503,2111.050728,2000.347503,2111.050728,2000.347503,2111.050728,0.008242,75
5.330231,1,-5.000000,-0.000000,3.995227,0.000000,0.000000,0.000000,0.000000,0.000000,0.000000,-0.000000,-5.000000,-0.000000,3.995921,0.000000,0.000000,-0.001315,1.000000,0.000000,0.000000,0.000000,0.000000,-0.000000,0.000000,4513.336758,-0.000000,-0.000000,-0.000000,2000.347010,2111.050203,2000.347010,2111.050203,2000.347010,2111.050203,2000.347010,2111.050203,0.008242,75
5.335279,1,-5.000000,-0.000000,3.995227,0.000000,0.000000,0.000000,0.000000,0.000000,0.000000,-0.000000,-5.000000,-0.000000,3.995914,0.000000,0.000000,-0.001307,1.000000,0.000000,0.000000,0.000000,0.000000,-0.000000,0.000000,4513.334460,-0.000000,-0.000000,-0.000000,2000.346517,2111.049676,2000.346517,2111.049676,2000.346517,2111.049676,2000.346517,2111.049676,0.008242,75
5.340269,1,-5.000000,-0.000000,3.995227,0.000000,0.000000,0.000000,0.000000,0.000000,0.000000,-0.000000,-5.000000,-0.000000,3.995908,0.000000,0.000000,-0.001299,1.000000,0.000000,0.000000,0.000000,-0.000000,-0.000000,0.000000,4513.332116,-0.000000,-0.000000,-0.000000,2000.346014,2111.049139,2000.346014,2111.049139,2000.346014,2111.049139,2000.346014,2111.049139,0.008242,75
5.345241,1,-5.000000,-0.000000,3.995227,0.000000,0.000000,0.000000,0.000000,0.000000,0.000000,-0.000000,-5.000000,-0.000000,3.995901,0.000000,0.000000,-0.001291,1.000000,0.000000,0.000000,0.000000,0.000000,-0.000000,0.000000,4513.329783,-0.000000,-0.000000,-0.000000,2000.345513,2111.048605,2000.345513,2111.048605,2000.345513,2111.048605,2000.345513,2111.048605,0.008242,75
5.350236,1,-5.000000,-0.000000,3.995227,0.000000,0.000000,0.000000,0.000000,0.000000,0.000000,-0.000000,-5.000000,-0.000000,3.995895,0.000000,0.000000,-0.001282,1.000000,0.000000,0.000000,0.000000,-0.000000,-0.000000,0.000000,4513.327443,-0.000000,-0.000000,-0.000000,2000.345011,2111.048069,2000.345011,2111.048069,2000.345011,2111.048069,2000.345011,2111.048069,0.008242,75
5.355250,1,-5.000000,-0.000000,3.995227,0.000000,0.000000,0.000000,0.000000,0.000000,0.000000,-0.000000,-5.000000,-0.000000,3.995889,0.000000,0.000000,-0.001274,1.000000,0.000000,0.000000,0.000000,-0.000000,-0.000000,0.000000,4513.325076,-0.000000,-0.000000,-0.000000,2000.344503,2111.047527,2000.344503,2111.047527,2000.344503,2111.047527,2000.344503,2111.047527,0.008242,75
5.360209,1,-5.000000,-0.000000,3.995227,0.000000,0.000000,0.000000,0.000000,0.000000,0.000000,-0.000000,-5.000000,-0.000000,3.995882,0.000000,0.000000,-0.001266,1.000000,0.000000,0.000000,0.000000,-0.000000,-0.000000,0.000000,4513.322684,-0.000000,-0.000000,-0.000000,2000.343989,2111.046979,2000.343989,2111.046979,2000.343989,2111.046979,2000.343989,2111.046979,0.008242,75
5.365325,1,-5.000000,-0.000000,3.995227,0.000000,0.000000,0.000000,0.000000,0.000000,0.000000,-0.000000,-5.000000,-0.000000,3.995876,0.000000,0.000000,-0.001258,1.000000,0.000000,0.000000,0.000000,-0.000000,-0.000000,0.000000,4513.320304,-0.000000,-0.000000,-0.000000,2000.343478,2111.046433,2000.343478,2111.046433,2000.343478,2111.046433,2000.343478,2111.046433,0.008242,75
5.370229,1,-5.000000,-0.000000,3.995227,0.000000,0.000000,0.000000,0.000000,0.000000,0.000000,-0.000000,-5.000000,-0.000000,3.995870,0.000000,0.000000,-0.001250,1.000000,0.000000,0.000000,0.000000,-0.000000,-0.000000,0.000000,4513.317833,-0.000000,-0.000000,-0.000000,2000.342948,2111.045867,2000.342948,2111.045867,2000.342948,2111.045867,2000.342948,2111.045867,0.008242,75
5.375235,1,-5.000000,-0.000000,3.995227,0.000000,0.000000,0.000000,0.000000,0.000000,0.000000,-0.000000,-5.000000,-0.000000,3.995864,0.000000,0.000000,-0.001242,1.000000,0.000000,0.000000,0.000000,-0.000000,-0.000000,0.000000,4513.315452,-0.000000,-0.000000,-0.000000,2000.342437,2111.045322,2000.342437,2111.045322,2000.342437,2111.045322,2000.342437,2111.045322,0.008242,75
5.380262,1,-5.000000,-0.000000,3.995227,0.000000,0.000000,0.000000,0.000000,0.000000,0.000000,-0.000000,-5.000000,-0.000000,3.995857,0.000000,0.000000,-0.001234,1.000000,0.000000,0.000000,0.000000,-0.000000,-0.000000,0.000000,4513.313006,-0.000000,-0.000000,-0.000000,2000.341912,2111.044761,2000.341912,2111.044761,2000.341912,2111.044761,2000.341912,2111.044761,0.008242,75
5.385228,1,-5.000000,-0.000000,3.995227,0.000000,0.000000,0.000000,0.000000,0.000000,0.000000,-0.000000,-5.000000,-0.000000,3.995851,0.000000,0.000000,-0.001226,1.000000,0.000000,0.000000,0.000000,-0.000000,-0.000000,0.000000,4513.310536,-0.000000,-0.000000,-0.000000,2000.341382,2111.044196,2000.341382,2111.044196,2000.341382,2111.044196,2000.341382,2111.044196,0.008242,75
5.390324,1,-5.000000,-0.000000,3.995227,0.000000,0.000000,0.000000,0.000000,0.000000,0.000000,-0.000000,-5.000000,-0.000000,3.995845,0.000000,0.000000,-0.001218,1.000000,0.000000,0.000000,0.000000,-0.000000,-0.000000,0.000000,4513.308083,-0.000000,-0.000000,-0.000000,2000.340855,2111.043633,2000.340855,2111.043633,2000.340855,2111.043633,2000.340855,2111.043633,0.008242,75
5.395326,1,-5.000000,-0.000000,3.995227,0.000000,0.000000,0.000000,0.000000,0.000000,0.000000,-0.000000,-5.000000,-0.000000,3.995839,0.000000,0.000000,-0.001210,1.000000,0.000000,0.000000,0.000000,-0.000000,-0.000000,0.000000,4513.305552,-0.000000,-0.000000,-0.000000,2000.340312,2111.043054,2000.340312,2111.043054,2000.340312,2111.043054,2000.340312,2111.043054,0.008243,75
5.400321,1,-5.000000,-0.000000,3.995227,0.000000,0.000000,0.000000,0.000000,0.000000,0.000000,-0.000000,-5.000000,-0.000000,3.995833,0.000000,0.000000,-0.001202,1.000000,0.000000,0.000000,0.000000,-0.000000,-0.000000,0.000000,4513.303055,-0.000000,-0.000000,-0.000000,2000.339776,2111.042482,2000.339776,2111.042482,2000.339776,2111.042482,2000.339776,2111.042482,0.008243,75
5.405322,1,-5.000000,-0.000000,3.995227,0.000000,0.000000,0.000000,0.000000,0.000000,0.000000,-0.000000,-5.000000,-0.000000,3.995827,0.000000,0.000000,-0.001194,1.000000,0.000000,0.000000,0.000000,-0.000000,-0.000000,0.000000,4513.300549,-0.000000,-0.000000,-0.000000,2000.339238,2111.041907,2000.339238,2111.041907,2000.339238,2111.041907,2000.339238,2111.041907,0.008243,75
5.410362,1,-5.000000,-0.000000,3.995227,0.000000,0.000000,0.000000,0.000000,0.000000,0.000000,-0.000000,-5.000000,-0.000000,3.995821,0.000000,0.000000,-0.001186,1.000000,0.000000,0.000000,0.000000,-0.000000,-0.000000,0.000000,4513.298028,-0.000000,-0.000000,-0.000000,2000.338697,2111.041330,2000.338697,2111.041330,2000.338697,2111.041330,2000.338697,2111.041330,0.008243,75
5.415348,1,-5.000000,-0.000000,3.995227,0.000000,0.000000,0.000000,0.000000,0.000000,0.000000,-0.000000,-5.000000,-0.000000,3.995815,0.000000,0.000000,-0.001178,1.000000,0.000000,0.000000,0.000000,-0.000000,-0.000000,0.000000,4513.295475,-0.000000,-0.000000,-0.000000,2000.338149,2111.040745,2000.338149,2111.040745,2000.338149,2111.040745,2000.338149,2111.040745,0.008243,75
5.420317,1,-5.000000,-0.000000,3.995227,0.000000,0.000000,0.000000,0.000000,0.000000,0.000000,-0.000000,-5.000000,-0.000000,3.995809,0.000000,0.000000,-0.001170,1.000000,0.000000,0.000000,0.000000,-0.000000,-0.000000,0.000000,4513.292939,-0.000000,-0.000000,-0.000000,2000.337604,2111.040164,2000.337604,2111.040164,2000.337604,2111.040164,2000.337604,2111.040164,0.008243,75
5.425219,1,-5.000000,-0.000000,3.995227,0.000000,0.000000,0.000000,0.000000,0.000000,0.000000,-0.000000,-5.000000,-0.000000,3.995804,0.000000,0.000000,-0.001163,1.000000,0.000000,0.000000,0.000000,-0.000000,-0.000000,0.000000,4513.290400,-0.000000,-0.000000,-0.000000,2000.337059,2111.039582,2000.337059,2111.039582,2000.337059,2111.039582,2000.337059,2111.039582,0.008243,75
5.430240,1,-5.000000,-0.000000,3.995227,0.000000,0.000000,0.000000,0.000000,0.000000,0.000000,-0.000000,-5.000000,-0.000000,3.995798,0.000000,0.000000,-0.001155,1.000000,0.000000,0.000000,0.000000,-0.000000,-0.000000,0.000000,4513.287884,-0.000000,-0.000000,-0.000000,2000.336519,2111.039006,2000.336519,2111.039006,2000.336519,2111.039006,2000.336519,2111.039006,0.008243,75
5.435320,1,-5.000000,-0.000000,3.995227,0.000000,0.000000,0.000000,0.000000,0.000000,0.000000,-0.000000,-5.000000,-0.000000,3.995792,0.000000,0.000000,-0.001147,1.000000,0.000000,0.000000,0.000000,-0.000000,-0.000000,0.000000,4513.285297,-0.000000,-0.000000,-0.000000,2000.335964,2111.038413,2000.335964,2111.038413,2000.335964,2111.038413,2000.335964,2111.038413,0.008243,75
5.440321,1,-5.000000,-0.000000,3.995227,0.000000,0.000000,0.000000,0.000000,0.000000,0.000000,-0.000000,-5.000000,-0.000000,3.995786,0.000000,0.000000,-0.001139,1.000000,0.000000,0.000000,0.000000,-0.000000,-0.000000,0.000000,4513.282669,-0.000000,-0.000000,-0.000000,2000.335400,2111.037811,2000.335400,2111.037811,2000.335400,2111.037811,2000.335400,2111.037811,0.008243,75
5.445211,1,-5.000000,-0.000000,3.995227,0.000000,0.000000,0.000000,0.000000,0.000000,0.000000,-0.000000,-5.000000,-0.000000,3.995781,0.000000,0.000000,-0.001132,1.000000,0.000000,0.000000,0.000000,-0.000000,-0.000000,0.000000,4513.280071,-0.000000,-0.000000,-0.000000,2000.334842,2111.037216,2000.334842,2111.037216,2000.334842,2111.037216,2000.334842,2111.037216,0.008243,75
5.450224,1,-5.000000,-0.000000,3.995227,0.000000,0.000000,0.000000,0.000000,0.000000,0.000000,-0.000000,-5.000000,-0.000000,3.995775,0.000000,0.000000,-0.001124,1.000000,0.000000,0.000000,0.000000,-0.000000,-0.000000,0.000000,4513.277522,-0.000000,-0.000000,-0.000000,2000.334295,2111.036632,2000.334295,2111.036632,2000.334295,2111.036632,2000.334295,2111.036632,0.008243,75
5.455230,1,-5.000000,-0.000000,3.995227,0.000000,0.000000,0.000000,0.000000,0.000000,0.000000,-0.000000,-5.000000,-0.000000,3.995770,0.000000,0.000000,-0.001116,1.000000,0.000000,0.000000,0.000000,-0.000000,-0.000000,0.000000,4513.274899,-0.000000,-0.000000,-0.000000,2000.333732,2111.036031,2000.333732,2111.036031,2000.333732,2111.036031,2000.333732,2111.036031,0.008243,75
5.460215,1,-5.000000,-0.000000,3.995227,0.000000,0.000000,0.000000,0.000000,0.000000,0.000000,-0.000000,-5.000000,-0.000000,3.995764,0.000000,0.000000,-0.001109,1.000000,0.000000,0.000000,0.000000,-0.000000,-0.000000,0.000000,4513.272271,-0.000000,-0.000000,-0.000000,2000.333168,2111.035429,2000.333168,2111.035429,2000.333168,2111.035429,2000.333168,2111.035429,0.008243,75
5.465230,1,-5.000000,-0.000000,3.995227,0.000000,0.000000,0.000000,0.000000,0.000000,0.000000,-0.000000,-5.000000,-0.000000,3.995759,0.000000,0.000000,-0.001101,1.000000,0.000000,0.000000,0.000000,-0.000000,-0.000000,-0.000000,4513.269645,-0.000000,-0.000000,-0.000000,2000.332604,2111.034827,2000.332604,2111.034827,2000.332604,2111.034827,2000.332604,2111.034827,0.008243,75
5.470319,1,-5.000000,-0.000000,3.995227,0.000000,0.000000,0.000000,0.000000,0.000000,0.000000,-0.000000,-5.000000,-0.000000,3.995753,0.000000,0.000000,-0.001093,1.000000,0.000000,0.000000,0.000000,-0.000000,-0.000000,-0.000000,4513.266994,-0.000000,-0.000000,-0.000000,2000.332035,2111.034220,2000.332035,2111.034220,2000.332035,2111.034220,2000.332035,2111.034220,0.008243,75
5.475329,1,-5.000000,-0.000000,3.995227,0.000000,0.000000,0.000000,0.000000,0.000000,0.000000,-0.000000,-5.000000,-0.000000,3.995748,0.000000,0.000000,-0.001086,1.000000,0.000000,0.000000,0.000000,-0.000000,-0.000000,-0.000000,4513.264296,-0.000000,-0.000000,-0.000000,2000.331456,2111.033602,2000.331456,2111.033602,2000.331456,2111.033602,2000.331456,2111.033602,0.008243,75
5.480335,1,-5.000000,-0.000000,3.995227,0.000000,0.000000,0.000000,0.000000,0.000000,0.000000,-0.000000,-5.000000,-0.000000,3.995742,0.000000,0.000000,-0.001078,1.000000,0.000000,0.000000,0.000000,-0.000000,-0.000000,-0.000000,4513.261631,-0.000000,-0.000000,-0.000000,2000.330884,2111.032991,2000.330884,2111.032991,2000.330884,2111.032991,2000.330884,2111.032991,0.008243,75
5.485326,1,-5.000000,-0.000000,3.995227,0.000000,0.000000,0.000000,0.000000,0.000000,0.000000,-0.000000,-5.000000,-0.000000,3.995737,0.000000,0.000000,-0.001071,1.000000,0.000000,0.000000,0.000000,-0.000000,-0.000000,0.000000,4513.258960,-0.000000,-0.000000,-0.000000,2000.330310,2111.032379,2000.330310,2111.032379,2000.330310,2111.032379,2000.330310,2111.032379,0.008243,75
5.490226,1,-5.000000,-0.000000,3.995227,0.000000,0.000000,0.000000,0.000000,0.000000,0.000000,-0.000000,-5.000000,-0.000000,3.995732,0.000000,0.000000,-0.001064,1.000000,0.000000,0.000000,0.000000,-0.000000,-0.000000,0.000000,4513.256291,-0.000000,-0.000000,-0.000000,2000.329737,2111.031768,2000.329737,2111.031768,2000.329737,2111.031768,2000.329737,2111.031768,0.008243,75
5.495332,1,-5.000000,-0.000000,3.995227,0.000000,0.000000,0.000000,0.000000,0.000000,0.000000,-0.000000,-5.000000,-0.000000,3.995726,0.000000,0.000000,-0.001056,1.000000,0.000000,0.000000,0.000000,-0.000000,-0.000000,0.000000,4513.253662,-0.000000,-0.000000,-0.000000,2000.329173,2111.031166,2000.329173,2111.031166,2000.329173,2111.031166,2000.329173,2111.031166,0.008243,75
5.500382,1,-5.000000,-0.000000,3.995227,0.000000,0.000000,0.000000,0.000000,0.000000,0.000000,-0.000000,-5.000000,-0.000000,3.995721,0.000000,0.000000,-0.001049,1.000000,0.000000,0.000000,0.000000,-0.000000,-0.000000,0.000000,4513.250916,-0.000000,-0.000000,-0.000000,2000.328583,2111.030536,2000.328583,2111.030536,2000.328583,2111.030536,2000.328583,2111.030536,0.008243,75
5.505214,1,-5.000000,-0.000000,3.995227,0.000000,0.000000,0.000000,0.000000,0.000000,0.000000,-0.000000,-5.000000,-0.000000,3.995716,0.000000,0.000000,-0.001042,1.000000,0.000000,0.000000,0.000000,-0.000000,-0.000000,-0.000000,4513.248193,-0.000000,-0.000000,-0.000000,2000.327999,2111.029913,2000.327999,2111.029913,2000.327999,2111.029913,2000.327999,2111.029913,0.008243,75
5.510323,1,-5.000000,-0.000000,3.995227,0.000000,0.000000,0.000000,0.000000,0.000000,0.000000,-0.000000,-5.000000,-0.000000,3.995711,0.000000,0.000000,-0.001034,1.000000,0.000000,0.000000,0.000000,-0.000000,-0.000000,0.000000,4513.245581,-0.000000,-0.000000,-0.000000,2000.327438,2111.029314,2000.327438,2111.029314,2000.327438,2111.029314,2000.327438,2111.029314,0.008243,75
5.515310,1,-5.000000,-0.000000,3.995227,0.000000,0.000000,0.000000,0.000000,0.000000,0.000000,-0.000000,-5.000000,-0.000000,3.995705,0.000000,0.000000,-0.001027,1.000000,0.000000,0.000000,0.000000,-0.000000,-0.000000,0.000000,4513.242813,-0.000000,-0.000000,-0.000000,2000.326844,2111.028680,2000.326844,2111.028680,2000.326844,2111.028680,2000.326844,2111.028680,0.008243,75
5.520305,1,-5.000000,-0.000000,3.995227,0.000000,0.000000,0.000000,0.000000,0.000000,0.000000,-0.000000,-5.000000,-0.000000,3.995700,0.000000,0.000000,-0.001020,1.000000,0.000000,0.000000,0.000000,-0.000000,-0.000000,0.000000,4513.240106,-0.000000,-0.000000,-0.000000,2000.326263,2111.028060,2000.326263,2111.028060,2000.326263,2111.028060,2000.326263,2111.028060,0.008243,75
5.525313,1,-5.000000,-0.000000,3.995227,0.000000,0.000000,0.000000,0.000000,0.000000,0.000000,-0.000000,-5.000000,-0.000000,3.995695,0.000000,0.000000,-0.001012,1.000000,0.000000,0.000000,0.000000,-0.000000,-0.000000,0.000000,4513.237388,-0.000000,-0.000000,-0.000000,2000.325679,2111.027437,2000.325679,2111.027437,2000.325679,2111.027437,2000.325679,2111.027437,0.008243,75
5.530344,1,-5.000000,-0.000000,3.995227,0.000000,0.000000,0.000000,0.000000,0.000000,0.000000,-0.000000,-5.000000,-0.000000,3.995690,0.000000,0.000000,-0.001005,1.000000,0.000000,0.000000,0.000000,-0.000000,-0.000000,0.000000,4513.234657,-0.000000,-0.000000,-0.000000,2000.325093,2111.026812,2000.325093,2111.026812,2000.325093,2111.026812,2000.325093,2111.026812,0.008243,75
5.535208,1,-5.000000,-0.000000,3.995227,0.000000,0.000000,0.000000,0.000000,0.000000,0.000000,-0.000000,-5.000000,-0.000000,3.995685,0.000000,0.000000,-0.000998,1.000000,0.000000,-0.000000,0.000000,-0.000000,-0.000000,0.000000,4513.231908,-0.000000,-0.000000,-0.000000,2000.324503,2111.026182,2000.324503,2111.026182,2000.324503,2111.026182,2000.324503,2111.026182,0.008243,75
5.540253,1,-5.000000,-0.000000,3.995227,0.000000,0.000000,0.000000,0.000000,0.000000,0.000000,-0.000000,-5.000000,-0.000000,3.995680,0.000000,0.000000,-0.000991,1.000000,0.000000,-0.000000,0.000000,-0.000000,-0.000000,0.000000,4513.229246,-0.000000,-0.000000,-0.000000,2000.323932,2111.025572,2000.323932,2111.025572,2000.323932,2111.025572,2000.323932,2111.025572,0.008243,75
5.545316,1,-5.000000,-0.000000,3.995227,0.000000,0.000000,0.000000,0.000000,0.000000,0.000000,-0.000000,-5.000000,-0.000000,3.995675,0.000000,0.000000,-0.000984,1.000000,0.000000,-0.000000,0.000000,-0.000000,-0.000000,0.000000,4513.226480,-0.000000,-0.000000,-0.000000,2000.323338,2111.024938,2000.323338,2111.024938,2000.323338,2111.024938,2000.323338,2111.024938,0.008243,75
5.550313,1,-5.000000,-0.000000,3.995227,0.000000,0.000000,0.000000,0.000000,0.000000,0.000000,-0.000000,-5.000000,-0.000000,3.995670,0.000000,0.000000,-0.000977,1.000000,0.000000,-0.000000,0.000000,-0.000000,-0.000000,-0.000000,4513.223699,-0.000000,-0.000000,-0.000000,2000.322741,2111.024301,2000.322741,2111.024301,2000.322741,2111.024301,2000.322741,2111.024301,0.008243,75
5.555326,1,-5.000000,-0.000000,3.995227,0.000000,0.000000,0.000000,0.000000,0.000000,0.000000,-0.000000,-5.000000,-0.000000,3.995666,0.000000,0.000000,-0.000969,1.000000,0.000000,-0.000000,0.000000,-0.000000,-0.000000,-0.000000,4513.220950,-0.000000,-0.000000,-0.000000,2000.322151,2111.023671,2000.322151,2111.023671,2000.322151,2111.023671,2000.322151,2111.023671,0.008243,75
5.560329,1,-5.000000,-0.000000,3.995227,0.000000,0.000000,0.000000,0.000000,0.000000,0.000000,-0.000000,-5.000000,-0.000000,3.995661,0.000000,0.000000,-0.000962,1.000000,0.000000,-0.000000,0.000000,-0.000000,-0.000000,-0.000000,4513.218188,-0.000000,-0.000000,-0.000000,2000.321558,2111.023038,2000.321558,2111.023038,2000.321558,2111.023038,2000.321558,2111.023038,0.008243,75
5.565421,1,-5.000000,-0.000000,3.995227,0.000000,0.000000,0.000000,0.000000,0.000000,0.000000,-0.000000,-5.000000,-0.000000,3.995656,0.000000,0.000000,-0.000955,1.000000,0.000000,-0.000000,0.000000,-0.000000,-0.000000,-0.000000,4513.215427,-0.000000,-0.000000,-0.000000,2000.320965,2111.022406,2000.320965,2111.022406,2000.320965,2111.022406,2000.320965,2111.022406,0.008243,75
5.570267,1,-5.000000,-0.000000,3.995227,0.000000,0.000000,0.000000,0.000000,0.000000,0.000000,-0.000000,-5.000000,-0.000000,3.995651,0.000000,0.000000,-0.000949,1.000000,0.000000,-0.000000,0.000000,-0.000000,-0.000000,-0.000000,4513.212614,-0.000000,-0.000000,-0.000000,2000.320361,2111.021761,2000.320361,2111.021761,2000.320361,2111.021761,2000.320361,2111.021761,0.008243,75
5.575343,1,-5.000000,-0.000000,3.995227,0.000000,0.000000,0.000000,0.000000,0.000000,0.000000,-0.000000,-5.000000,-0.000000,3.995647,0.000000,0.000000,-0.000942,1.000000,0.000000,-0.000000,0.000000,-0.000000,-0.000000,-0.000000,4513.209932,-0.000000,-0.000000,-0.000000,2000.319786,2111.021147,2000.319786,2111.021147,2000.319786,2111.021147,2000.319786,2111.021147,0.008243,75
5.580333,1,-5.000000,-0.000000,3.995227,0.000000,0.000000,0.000000,0.000000,0.000000,0.000000,-0.000000,-5.000000,-0.000000,3.995642,0.000000,0.000000,-0.000935,1.000000,0.000000,-0.000000,0.000000,-0.000000,-0.000000,-0.000000,4513.207121,-0.000000,-0.000000,0.000000,2000.319182,2111.020503,2000.319182,2111.020503,2000.319182,2111.020503,2000.319182,2111.020503,0.008243,75
5.585233,1,-5.000000,-0.000000,3.995227,0.000000,0.000000,0.000000,0.000000,0.000000,0.000000,-0.000000,-5.000000,-0.000000,3.995637,0.000000,0.000000,-0.000928,1.000000,0.000000,-0.000000,0.000000,-0.000000,-0.000000,-0.000000,4513.204354,-0.000000,-0.000000,0.000000,2000.318588,2111.019869,2000.318588,2111.019869,2000.318588,2111.019869,2000.318588,2111.019869,0.008243,75
5.590237,1,-5.000000,-0.000000,3.995227,0.000000,0.000000,0.000000,0.000000,0.000000,0.000000,-0.000000,-5.000000,-0.000000,3.995633,0.000000,0.000000,-0.000921,1.000000,0.000000,-0.000000,0.000000,-0.000000,-0.000000,-0.000000,4513.201634,-0.000000,0.000000,0.000000,2000.318004,2111.019246,2000.318004,2111.019246,2000.318004,2111.019246,2000.318004,2111.019246,0.008243,75
5.595329,1,-5.000000,-0.000000,3.995227,0.000000,0.000000,0.000000,0.000000,0.000000,0.000000,-0.000000,-5.000000,-0.000000,3.995628,0.000000,0.000000,-0.000914,1.000000,0.000000,-0.000000,0.000000,-0.000000,-0.000000,-0.000000,4513.198853,-0.000000,0.000000,0.000000,2000.317407,2111.018609,2000.317407,2111.018609,2000.317407,2111.018609,2000.317407,2111.018609,0.008243,75
5.600328,1,-5.000000,-0.000000,3.995227,0.000000,0.000000,0.000000,0.000000,0.000000,0.000000,-0.000000,-5.000000,-0.000000,3.995624,0.000000,0.000000,-0.000907,1.000000,0.000000,-0.000000,0.000000,-0.000000,-0.000000,-0.000000,4513.196021,-0.000000,0.000000,0.000000,2000.316799,2111.017960,2000.316799,2111.017960,2000.316799,2111.017960,2000.316799,2111.017960,0.008243,75
5.605326,1,-5.000000,-0.000000,3.995227,0.000000,0.000000,0.000000,0.000000,0.000000,0.000000,-0.000000,-5.000000,-0.000000,3.995619,0.000000,0.000000,-0.000901,1.000000,0.000000,-0.000000,0.000000,-0.000000,-0.000000,-0.000000,4513.193239,-0.000000,0.000000,0.000000,2000.316202,2111.017323,2000.316202,2111.017323,2000.316202,2111.017323,2000.316202,2111.017323,0.008243,75
5.610347,1,-5.000000,-0.000000,3.995227,0.000000,0.000000,0.000000,0.000000,0.000000,0.000000,-0.000000,-5.000000,-0.000000,3.995615,0.000000,0.000000,-0.000894,1.000000,0.000000,-0.000000,0.000000,-0.000000,-0.000000,-0.000000,4513.190455,-0.000000,0.000000,0.000000,2000.315605,2111.016685,2000.315605,2111.016685,2000.315605,2111.016685,2000.315605,2111.016685,0.008243,75
5.615345,1,-5.000000,-0.000000,3.995227,0.000000,0.000000,0.000000,0.000000,0.000000,0.000000,-0.000000,-5.000000,-0.000000,3.995610,0.000000,0.000000,-0.000887,1.000000,0.000000,-0.000000,0.000000,-0.000000,-0.000000,-0.000000,4513.187656,-0.000000,0.000000,0.000000,2000.315004,2111.016043,2000.315004,2111.016043,2000.315004,2111.016043,2000.315004,2111.016043,0.008243,75
5.620325,1,-5.000000,-0.000000,3.995227,0.000000,0.000000,0.000000,0.000000,0.000000,0.000000,-0.000000,-5.000000,-0.000000,3.995606,0.000000,-0.000000,-0.000880,1.000000,0.000000,-0.000000,0.000000,-0.000000,-0.000000,-0.000000,4513.184868,-0.000000,0.000000,0.000000,2000.314405,2111.015405,2000.314405,2111.015405,2000.314405,2111.015405,2000.314405,2111.015405,0.008243,75
5.625332,1,-5.000000,-0.000000,3.995227,0.000000,0.000000,0.000000,0.000000,0.000000,0.000000,-0.000000,-5.000000,-0.000000,3.995601,0.000000,-0.000000,-0.000874,1.000000,0.000000,-0.000000,0.000000,-0.000000,-0.000000,-0.000000,4513.182089,-0.000000,0.000000,0.000000,2000.313809,2111.014768,2000.313809,2111.014768,2000.313809,2111.014768,2000.313809,2111.014768,0.008243,75
5.630332,1,-5.000000,-0.000000,3.995227,0.000000,0.000000,0.000000,0.000000,0.000000,0.000000,-0.000000,-5.000000,-0.000000,3.995597,0.000000,-0.000000,-0.000867,1.000000,0.000000,-0.000000,0.000000,-0.000000,-0.000000,-0.000000,4513.179293,-0.000000,0.000000,0.000000,2000.313209,2111.014128,2000.313209,2111.014128,2000.313209,2111.014128,2000.313209,2111.014128,0.008243,75
5.635331,1,-5.000000,-0.000000,3.995227,0.000000,0.000000,0.000000,0.000000,0.000000,0.000000,-0.000000,-5.000000,-0.000000,3.995593,0.000000,-0.000000,-0.000861,1.000000,0.000000,-0.000000,0.000000,-0.000000,-0.000000,-0.000000,4513.176501,-0.000000,0.000000,0.000000,2000.312609,2111.013488,2000.312609,2111.013488,2000.312609,2111.013488,2000.312609,2111.013488,0.008243,75
5.640326,1,-5.000000,-0.000000,3.995227,0.000000,0.000000,0.000000,0.000000,0.000000,0.000000,-0.000000,-5.000000,-0.000000,3.995588,0.000000,-0.000000,-0.000854,1.000000,0.000000,-0.000000,0.000000,-0.000000,-0.000000,-0.000000,4513.173708,-0.000000,0.000000,0.000000,2000.312010,2111.012848,2000.312010,2111.012848,2000.312010,2111.012848,2000.312010,2111.012848,0.008243,75
5.645327,1,-5.000000,-0.000000,3.995227,0.000000,0.000000,0.000000,0.000000,0.000000,0.000000,-0.000000,-5.000000,-0.000000,3.995584,0.000000,-0.000000,-0.000848,1.000000,0.000000,-0.000000,0.000000,-0.000000,-0.000000,-0.000000,4513.170916,-0.000000,0.000000,0.000000,2000.311410,2111.012208,2000.311410,2111.012208,2000.311410,2111.012208,2000.311410,2111.012208,0.008243,75
5.650350,1,-5.000000,-0.000000,3.995227,0.000000,0.000000,0.000000,0.000000,0.000000,0.000000,-0.000000,-5.000000,-0.000000,3.995580,0.000000,-0.000000,-0.000841,1.000000,0.000000,-0.000000,0.000000,-0.000000,-0.000000,-0.000000,4513.168120,-0.000000,0.000000,0.000000,2000.310810,2111.011568,2000.310810,2111.011568,2000.310810,2111.011568,2000.310810,2111.011568,0.008244,75
5.655343,1,-5.000000,-0.000000,3.995227,0.000000,0.000000,0.000000,0.000000,0.000000,0.000000,-0.000000,-5.000000,-0.000000,3.995576,0.000000,-0.000000,-0.000835,1.000000,0.000000,-0.000000,0.000000,-0.000000,-0.000000,-0.000000,4513.165312,-0.000000,0.000000,0.000000,2000.310207,2111.010924,2000.310207,2111.010924,2000.310207,2111.010924,2000.310207,2111.010924,0.008244,75
5.660333,1,-5.000000,-0.000000,3.995227,0.000000,0.000000,0.000000,0.000000,0.000000,0.000000,-0.000000,-5.000000,-0.000000,3.995572,0.000000,-0.000000,-0.000828,1.000000,0.000000,-0.000000,0.000000,-0.000000,-0.000000,-0.000000,4513.162520,-0.000000,0.000000,-0.000000,2000.309608,2111.010285,2000.309608,2111.010285,2000.309608,2111.010285,2000.309608,2111.010285,0.008244,75
5.665317,1,-5.000000,-0.000000,3.995227,0.000000,0.000000,0.000000,0.000000,0.000000,0.000000,-0.000000,-5.000000,-0.000000,3.995568,0.000000,-0.000000,-0.000822,1.000000,0.000000,-0.000000,0.000000,-0.000000,-0.000000,-0.000000,4513.159730,-0.000000,0.000000,-0.000000,2000.309009,2111.009646,2000.309009,2111.009646,2000.309009,2111.009646,2000.309009,2111.009646,0.008244,75
5.670317,1,-5.000000,-0.000000,3.995227,0.000000,0.000000,0.000000,0.000000,0.000000,0.000000,-0.000000,-5.000000,-0.000000,3.995564,0.000000,-0.000000,-0.000815,1.000000,0.000000,-0.000000,0.000000,-0.000000,-0.000000,-0.000000,4513.156943,-0.000000,0.000000,-0.000000,2000.308411,2111.009007,2000.308411,2111.009007,2000.308411,2111.009007,2000.308411,2111.009007,0.008244,75
5.675324,1,-5.000000,-0.000000,3.995227,0.000000,0.000000,0.000000,0.000000,0.000000,0.000000,-0.000000,-5.000000,-0.000000,3.995559,0.000000,-0.000000,-0.000809,1.000000,0.000000,-0.000000,0.000000,-0.000000,-0.000000,-0.000000,4513.154147,-0.000000,0.000000,-0.000000,2000.307811,2111.008367,2000.307811,2111.008367,2000.307811,2111.008367,2000.307811,2111.008367,0.008244,75
5.680327,1,-5.000000,-0.000000,3.995227,0.000000,0.000000,0.000000,0.000000,0.000000,0.000000,-0.000000,-5.000000,-0.000000,3.995555,0.000000,-0.000000,-0.000803,1.000000,0.000000,-0.000000,0.000000,-0.000000,-0.000000,-0.000000,4513.151348,-0.000000,0.000000,-0.000000,2000.307210,2111.007725,2000.307210,2111.007725,2000.307210,2111.007725,2000.307210,2111.007725,0.008244,75
5.685325,1,-5.000000,-0.000000,3.995227,0.000000,0.000000,0.000000,0.000000,0.000000,0.000000,-0.000000,-5.000000,-0.000000,3.995551,0.000000,-0.000000,-0.000797,1.000000,0.000000,-0.000000,0.000000,-0.000000,-0.000000,-0.000000,4513.148552,-0.000000,0.000000,0.000000,2000.306610,2111.007085,2000.306610,2111.007085,2000.306610,2111.007085,2000.306610,2111.007085,0.008244,75
5.690358,1,-5.000000,-0.000000,3.995227,0.000000,0.000000,0.000000,0.000000,0.000000,0.000000,-0.000000,-5.000000,-0.000000,3.995548,0.000000,-0.000000,-0.000790,1.000000,0.000000,-0.000000,0.000000,-0.000000,-0.000000,-0.000000,4513.145760,-0.000000,0.000000,0.000000,2000.306010,2111.006445,2000.306010,2111.006445,2000.306010,2111.006445,2000.306010,2111.006445,0.008244,75
5.695349,1,-5.000000,-0.000000,3.995227,0.000000,0.000000,0.000000,0.000000,0.000000,0.000000,-0.000000,-5.000000,-0.000000,3.995544,0.000000,-0.000000,-0.000784,1.000000,0.000000,-0.000000,0.000000,-0.000000,-0.000000,-0.000000,4513.142949,-0.000000,0.000000,-0.000000,2000.305407,2111.005801,2000.305407,2111.005801,2000.305407,2111.005801,2000.305407,2111.005801,0.008244,75
5.700258,1,-5.000000,-0.000000,3.995227,0.000000,0.000000,0.000000,0.000000,0.000000,0.000000,-0.000000,-5.000000,-0.000000,3.995540,0.000000,-0.000000,-0.000778,1.000000,0.000000,-0.000000,0.000000,-0.000000,-0.000000,-0.000000,4513.140162,-0.000000,0.000000,-0.000000,2000.304808,2111.005163,2000.304808,2111.005163,2000.304808,2111.005163,2000.304808,2111.005163,0.008244,75
5.705235,1,-5.000000,-0.000000,3.995227,0.000000,0.000000,0.000000,0.000000,0.000000,0.000000,-0.000000,-5.000000,-0.000000,3.995536,0.000000,-0.000000,-0.000772,1.000000,0.000000,-0.000000,0.000000,-0.000000,-0.000000,-0.000000,4513.137423,-0.000000,0.000000,-0.000000,2000.304220,2111.004535,2000.304220,2111.004535,2000.304220,2111.004535,2000.304220,2111.004535,0.008244,75
5.710235,1,-5.000000,-0.000000,3.995227,0.000000,0.000000,0.000000,0.000000,0.000000,0.000000,-0.000000,-5.000000,-0.000000,3.995532,0.000000,-0.000000,-0.000766,1.000000,0.000000,-0.000000,0.000000,-0.000000,-0.000000,-0.000000,4513.134647,-0.000000,0.000000,-0.000000,2000.303625,2111.003899,2000.303625,2111.003899,2000.303625,2111.003899,2000.303625,2111.003899,0.008244,75
5.715316,1,-5.000000,-0.000000,3.995227,0.000000,0.000000,0.000000,0.000000,0.000000,0.000000,-0.000000,-5.000000,-0.000000,3.995528,0.000000,-0.000000,-0.000760,1.000000,0.000000,-0.000000,0.000000,-0.000000,-0.000000,-0.000000,4513.131860,-0.000000,0.000000,-0.000000,2000.303026,2111.003260,2000.303026,2111.003260,2000.303026,2111.003260,2000.303026,2111.003260,0.008244,75
5.720336,1,-5.000000,-0.000000,3.995227,0.000000,0.000000,0.000000,0.000000,0.000000,0.000000,-0.000000,-5.000000,-0.000000,3.995524,0.000000,-0.000000,-0.000753,1.000000,0.000000,-0.000000,0.000000,-0.000000,-0.000000,-0.000000,4513.129028,-0.000000,0.000000,-0.000000,2000.302418,2111.002612,2000.302418,2111.002612,2000.302418,2111.002612,2000.302418,2111.002612,0.008244,75
5.725329,1,-5.000000,-0.000000,3.995227,0.000000,0.000000,0.000000,0.000000,0.000000,0.000000,-0.000000,-5.000000,-0.000000,3.995521,0.000000,-0.000000,-0.000747,1.000000,0.000000,-0.000000,0.000000,-0.000000,-0.000000,-0.000000,4513.126234,-0.000000,0.000000,-0.000000,2000.301818,2111.001971,2000.301818,2111.001971,2000.301818,2111.001971,2000.301818,2111.001971,0.008244,75
5.730327,1,-5.000000,-0.000000,3.995227,0.000000,0.000000,0.000000,0.000000,0.000000,0.000000,-0.000000,-5.000000,-0.000000,3.995517,0.000000,-0.000000,-0.000741,1.000000,0.000000,-0.000000,0.000000,-0.000000,-0.000000,-0.000000,4513.123456,-0.000000,0.000000,0.000000,2000.301222,2111.001335,2000.301222,2111.001335,2000.301222,2111.001335,2000.301222,2111.001335,0.008244,75
5.735352,1,-5.000000,-0.000000,3.995227,0.000000,0.000000,0.000000,0.000000,0.000000,0.000000,-0.000000,-5.000000,-0.000000,3.995513,0.000000,-0.000000,-0.000735,1.000000,0.000000,-0.000000,0.000000,-0.000000,-0.000000,-0.000000,4513.120677,-0.000000,-0.000000,0.000000,2000.300626,2111.000698,2000.300626,2111.000698,2000.300626,2111.000698,2000.300626,2111.000698,0.008244,75
5.740380,1,-5.000000,-0.000000,3.995227,0.000000,0.000000,0.000000,0.000000,0.000000,0.000000,-0.000000,-5.000000,-0.000000,3.995510,0.000000,-0.000000,-0.000729,1.000000,0.000000,-0.000000,0.000000,-0.000000,-0.000000,-0.000000,4513.117886,-0.000000,-0.000000,-0.000000,2000.300027,2111.000059,2000.300027,2111.000059,2000.300027,2111.000059,2000.300027,2111.000059,0.008244,75
5.745373,1,-5.000000,-0.000000,3.995227,0.000000,0.000000,0.000000,0.000000,0.000000,0.000000,-0.000000,-5.000000,-0.000000,3.995506,0.000000,-0.000000,-0.000724,1.000000,0.000000,-0.000000,0.000000,-0.000000,-0.000000,-0.000000,4513.115096,-0.000000,-0.000000,-0.000000,2000.299427,2110.999420,2000.299427,2110.999420,2000.299427,2110.999420,2000.299427,2110.999420,0.008244,75
5.750235,1,-5.000000,-0.000000,3.995227,0.000000,0.000000,0.000000,0.000000,0.000000,0.000000,-0.000000,-5.000000,-0.000000,3.995503,0.000000,-0.000000,-0.000718,1.000000,0.000000,-0.000000,0.000000,-0.000000,-0.000000,-0.000000,4513.112327,-0.000000,-0.000000,-0.000000,2000.298833,2110.998786,2000.298833,2110.998786,2000.298833,2110.998786,2000.298833,2110.998786,0.008244,75
5.755215,1,-5.000000,-0.000000,3.995227,0.000000,0.000000,0.000000,0.000000,0.000000,0.000000,-0.000000,-5.000000,-0.000000,3.995499,0.000000,-0.000000,-0.000712,1.000000,0.000000,-0.000000,0.000000,-0.000000,-0.000000,-0.000000,4513.109634,-0.000000,-0.000000,-0.000000,2000.298255,2110.998168,2000.298255,2110.998168,2000.298255,2110.998168,2000.298255,2110.998168,0.008244,75
5.760207,1,-5.000000,-0.000000,3.995227,0.000000,0.000000,0.000000,0.000000,0.000000,0.000000,-0.000000,-5.000000,-0.000000,3.995496,0.000000,-0.000000,-0.000706,1.000000,0.000000,-0.000000,0.000000,-0.000000,-0.000000,-0.000000,4513.106879,-0.000000,-0.000000,-0.000000,2000.297664,2110.997537,2000.297664,2110.997537,2000.297664,2110.997537,2000.297664,2110.997537,0.008244,75
5.765214,1,-5.000000,-0.000000,3.995227,0.000000,0.000000,0.000000,0.000000,0.000000,0.000000,-0.000000,-5.000000,-0.000000,3.995492,0.000000,-0.000000,-0.000700,1.000000,0.000000,-0.000000,0.000000,-0.000000,-0.000000,-0.000000,4513.104119,-0.000000,-0.000000,0.000000,2000.297071,2110.996905,2000.297071,2110.996905,2000.297071,2110.996905,2000.297071,2110.996905,0.008244,75
5.770371,1,-5.000000,-0.000000,3.995227,0.000000,0.000000,0.000000,0.000000,0.000000,0.000000,-0.000000,-5.000000,-0.000000,3.995488,0.000000,-0.000000,-0.000694,1.000000,0.000000,-0.000000,0.000000,-0.000000,0.000000,-0.000000,4513.101354,-0.000000,-0.000000,0.000000,2000.296478,2110.996272,2000.296478,2110.996272,2000.296478,2110.996272,2000.296478,2110.996272,0.008244,75
5.775384,1,-5.000000,-0.000000,3.995227,0.000000,0.000000,0.000000,0.000000,0.000000,0.000000,-0.000000,-5.000000,-0.000000,3.995485,0.000000,-0.000000,-0.000689,1.000000,0.000000,-0.000000,0.000000,-0.000000,0.000000,-0.000000,4513.098510,-0.000000,-0.000000,0.000000,2000.295867,2110.995620,2000.295867,2110.995620,2000.295867,2110.995620,2000.295867,2110.995620,0.008244,75
5.780246,1,-5.000000,-0.000000,3.995227,0.000000,0.000000,0.000000,0.000000,0.000000,0.000000,-0.000000,-5.000000,-0.000000,3.995482,0.000000,-0.000000,-0.000683,1.000000,0.000000,-0.000000,0.000000,-0.000000,0.000000,-0.000000,4513.095749,-0.000000,-0.000000,0.000000,2000.295275,2110.994987,2000.295275,2110.994987,2000.295275,2110.994987,2000.295275,2110.994987,0.008244,75
5.785247,1,-5.000000,-0.000000,3.995227,0.000000,0.000000,0.000000,0.000000,0.000000,0.000000,-0.000000,-5.000000,-0.000000,3.995478,0.000000,-0.000000,-0.000677,1.000000,0.000000,-0.000000,0.000000,-0.000000,0.000000,-0.000000,4513.093075,-0.000000,-0.000000,0.000000,2000.294700,2110.994375,2000.294700,2110.994375,2000.294700,2110.994375,2000.294700,2110.994375,0.008244,75
5.790226,1,-5.000000,-0.000000,3.995227,0.000000,0.000000,0.000000,0.000000,0.000000,0.000000,-0.000000,-5.000000,-0.000000,3.995475,0.000000,-0.000000,-0.000672,1.000000,0.000000,-0.000000,0.000000,-0.000000,0.000000,-0.000000,4513.090327,-0.000000,-0.000000,0.000000,2000.294111,2110.993745,2000.294111,2110.993745,2000.294111,2110.993745,2000.294111,2110.993745,0.008244,75
5.795232,1,-5.000000,-0.000000,3.995227,0.000000,0.000000,0.000000,0.000000,0.000000,0.000000,-0.000000,-5.000000,-0.000000,3.995472,0.000000,-0.000000,-0.000666,1.000000,0.000000,-0.000000,0.000000,-0.000000,0.000000,-0.000000,4513.087595,-0.000000,-0.000000,0.000000,2000.293524,2110.993119,2000.293524,2110.993119,2000.293524,2110.993119,2000.293524,2110.993119,0.008244,75
5.800221,1,-5.000000,-0.000000,3.995227,0.000000,0.000000,0.000000,0.000000,0.000000,0.000000,-0.000000,-5.000000,-0.000000,3.995468,0.000000,-0.000000,-0.000661,1.000000,-0.000000,-0.000000,0.000000,-0.000000,0.000000,-0.000000,4513.084852,-0.000000,-0.000000,0.000000,2000.292935,2110.992491,2000.292935,2110.992491,2000.292935,2110.992491,2000.292935,2110.992491,0.008244,75
5.805227,1,-5.000000,-0.000000,3.995227,0.000000,0.000000,0.000000,0.000000,0.000000,0.000000,-0.000000,-5.000000,-0.000000,3.995465,0.000000,-0.000000,-0.000655,1.000000,-0.000000,-0.000000,0.000000,-0.000000,0.000000,-0.000000,4513.082123,-0.000000,-0.000000,0.000000,2000.292349,2110.991866,2000.292349,2110.991866,2000.292349,2110.991866,2000.292349,2110.991866,0.008244,75
5.810256,1,-5.000000,-0.000000,3.995227,0.000000,0.000000,0.000000,0.000000,0.000000,0.000000,-0.000000,-5.000000,-0.000000,3.995462,0.000000,-0.000000,-0.000650,1.000000,-0.000000,-0.000000,0.000000,-0.000000,0.000000,-0.000000,4513.079389,-0.000000,-0.000000,0.000000,2000.291762,2110.991239,2000.291762,2110.991239,2000.291762,2110.991239,2000.291762,2110.991239,0.008244,75
5.815356,1,-5.000000,-0.000000,3.995227,0.000000,0.000000,0.000000,0.000000,0.000000,0.000000,-0.000000,-5.000000,-0.000000,3.995458,0.000000,-0.000000,-0.000644,1.000000,-0.000000,-0.000000,0.000000,0.000000,0.000000,-0.000000,4513.076645,-0.000000,-0.000000,0.000000,2000.291173,2110.990611,2000.291173,2110.990611,2000.291173,2110.990611,2000.291173,2110.990611,0.008244,75
5.820323,1,-5.000000,-0.000000,3.995227,0.000000,0.000000,0.000000,0.000000,0.000000,0.000000,-0.000000,-5.000000,-0.000000,3.995455,0.000000,-0.000000,-0.000639,1.000000,-0.000000,-0.000000,0.000000,0.000000,0.000000,-0.000000,4513.073868,-0.000000,-0.000000,0.000000,2000.290577,2110.989974,2000.290577,2110.989974,2000.290577,2110.989974,2000.290577,2110.989974,0.008244,75
5.825223,1,-5.000000,-0.000000,3.995227,0.000000,0.000000,0.000000,0.000000,0.000000,0.000000,-0.000000,-5.000000,-0.000000,3.995452,0.000000,-0.000000,-0.000633,1.000000,-0.000000,-0.000000,0.000000,0.000000,0.000000,-0.000000,4513.071168,-0.000000,-0.000000,0.000000,2000.289998,2110.989356,2000.289998,2110.989356,2000.289998,2110.989356,2000.289998,2110.989356,0.008244,75
5.830260,1,-5.000000,-0.000000,3.995227,0.000000,0.000000,0.000000,0.000000,0.000000,0.000000,-0.000000,-5.000000,-0.000000,3.995449,0.000000,-0.000000,-0.000628,1.000000,-0.000000,-0.000000,0.000000,0.000000,0.000000,-0.000000,4513.068508,-0.000000,-0.000000,0.000000,2000.289427,2110.988746,2000.289427,2110.988746,2000.289427,2110.988746,2000.289427,2110.988746,0.008244,75
5.835330,1,-5.000000,-0.000000,3.995227,0.000000,0.000000,0.000000,0.000000,0.000000,0.000000,-0.000000,-5.000000,-0.000000,3.995446,0.000000,-0.000000,-0.000622,1.000000,-0.000000,-0.000000,-0.000000,0.000000,0.000000,-0.000000,4513.065779,-0.000000,-0.000000,0.000000,2000.288841,2110.988121,2000.288841,2110.988121,2000.288841,2110.988121,2000.288841,2110.988121,0.008244,75
5.840326,1,-5.000000,-0.000000,3.995227,0.000000,0.000000,0.000000,0.000000,0.000000,0.000000,-0.000000,-5.000000,-0.000000,3.995443,0.000000,-0.000000,-0.000617,1.000000,-0.000000,-0.000000,-0.000000,0.000000,0.000000,-0.000000,4513.063037,-0.000000,-0.000000,0.000000,2000.288252,2110.987493,2000.288252,2110.987493,2000.288252,2110.987493,2000.288252,2110.987493,0.008244,75
5.845339,1,-5.000000,-0.000000,3.995227,0.000000,0.000000,0.000000,0.000000,0.000000,0.000000,-0.000000,-5.000000,-0.000000,3.995440,0.000000,-0.000000,-0.000612,1.000000,0.000000,-0.000000,-0.000000,0.000000,0.000000,-0.000000,4513.060340,-0.000000,-0.000000,0.000000,2000.287673,2110.986875,2000.287673,2110.986875,2000.287673,2110.986875,2000.287673,2110.986875,0.008244,75
5.850236,1,-5.000000,-0.000000,3.995227,0.000000,0.000000,0.000000,0.000000,0.000000,0.000000,-0.000000,-5.000000,-0.000000,3.995437,0.000000,-0.000000,-0.000606,1.000000,0.000000,-0.000000,-0.000000,0.000000,0.000000,-0.000000,4513.057638,-0.000000,-0.000000,0.000000,2000.287093,2110.986256,2000.287093,2110.986256,2000.287093,2110.986256,2000.287093,2110.986256,0.008244,75
5.855222,1,-5.000000,-0.000000,3.995227,0.000000,0.000000,0.000000,0.000000,0.000000,0.000000,-0.000000,-5.000000,-0.000000,3.995434,0.000000,-0.000000,-0.000601,1.000000,0.000000,-0.000000,-0.000000,0.000000,0.000000,-0.000000,4513.055004,-0.000000,-0.000000,0.000000,2000.286528,2110.985653,2000.286528,2110.985653,2000.286528,2110.985653,2000.286528,2110.985653,0.008244,75
5.860216,1,-5.000000,-0.000000,3.995227,0.000000,0.000000,0.000000,0.000000,0.000000,0.000000,-0.000000,-5.000000,-0.000000,3.995431,0.000000,-0.000000,-0.000596,1.000000,0.000000,-0.000000,-0.000000,0.000000,0.000000,-0.000000,4513.052327,-0.000000,-0.000000,0.000000,2000.285953,2110.985039,2000.285953,2110.985039,2000.285953,2110.985039,2000.285953,2110.985039,0.008244,75
5.865224,1,-5.000000,-0.000000,3.995227,0.000000,0.000000,0.000000,0.000000,0.000000,0.000000,-0.000000,-5.000000,-0.000000,3.995428,0.000000,-0.000000,-0.000591,1.000000,0.000000,-0.000000,-0.000000,0.000000,0.000000,-0.000000,4513.049651,-0.000000,-0.000000,0.000000,2000.285379,2110.984426,2000.285379,2110.984426,2000.285379,2110.984426,2000.285379,2110.984426,0.008244,75
5.870322,1,-5.000000,-0.000000,3.995227,0.000000,0.000000,0.000000,0.000000,0.000000,0.000000,-0.000000,-5.000000,-0.000000,3.995425,0.000000,-0.000000,-0.000586,1.000000,0.000000,-0.000000,-0.000000,0.000000,0.000000,-0.000000,4513.046973,-0.000000,-0.000000,0.000000,2000.284804,2110.983813,2000.284804,2110.983813,2000.284804,2110.983813,2000.284804,2110.983813,0.008244,75
5.875365,1,-5.000000,-0.000000,3.995227,0.000000,0.000000,0.000000,0.000000,0.000000,0.000000,-0.000000,-5.000000,-0.000000,3.995422,0.000000,-0.000000,-0.000580,1.000000,0.000000,-0.000000,-0.000000,0.000000,0.000000,-0.000000,4513.044253,-0.000000,-0.000000,0.000000,2000.284220,2110.983189,2000.284220,2110.983189,2000.284220,2110.983189,2000.284220,2110.983189,0.008244,75
5.880262,1,-5.000000,-0.000000,3.995227,0.000000,0.000000,0.000000,0.000000,0.000000,0.000000,-0.000000,-5.000000,-0.000000,3.995419,0.000000,-0.000000,-0.000575,1.000000,0.000000,-0.000000,-0.000000,0.000000,0.000000,-0.000000,4513.041568,-0.000000,-0.000000,0.000000,2000.283643,2110.982574,2000.283643,2110.982574,2000.283643,2110.982574,2000.283643,2110.982574,0.008244,75
5.885236,1,-5.000000,-0.000000,3.995227,0.000000,0.000000,0.000000,0.000000,0.000000,0.000000,-0.000000,-5.000000,-0.000000,3.995416,0.000000,-0.000000,-0.000570,1.000000,0.000000,-0.000000,-0.000000,0.000000,0.000000,-0.000000,4513.038965,-0.000000,-0.000000,0.000000,2000.283085,2110.981978,2000.283085,2110.981978,2000.283085,2110.981978,2000.283085,2110.981978,0.008244,75
5.890349,1,-5.000000,-0.000000,3.995227,0.000000,0.000000,0.000000,0.000000,0.000000,0.000000,-0.000000,-5.000000,-0.000000,3.995413,0.000000,-0.000000,-0.000565,1.000000,0.000000,-0.000000,-0.000000,0.000000,-0.000000,-0.000000,4513.036328,-0.000000,-0.000000,0.000000,2000.282519,2110.981374,2000.282519,2110.981374,2000.282519,2110.981374,2000.282519,2110.981374,0.008244,75
5.895358,1,-5.000000,-0.000000,3.995227,0.000000,0.000000,0.000000,0.000000,0.000000,0.000000,-0.000000,-5.000000,-0.000000,3.995411,0.000000,-0.000000,-0.000560,1.000000,0.000000,-0.000000,-0.000000,0.000000,0.000000,-0.000000,4513.033623,-0.000000,0.000000,0.000000,2000.281938,2110.980754,2000.281938,2110.980754,2000.281938,2110.980754,2000.281938,2110.980754,0.008244,75
5.900343,1,-5.000000,-0.000000,3.995227,0.000000,0.000000,0.000000,0.000000,0.000000,0.000000,-0.000000,-5.000000,-0.000000,3.995408,0.000000,-0.000000,-0.000555,1.000000,0.000000,-0.000000,-0.000000,0.000000,0.000000,-0.000000,4513.030979,-0.000000,0.000000,0.000000,2000.281370,2110.980148,2000.281370,2110.980148,2000.281370,2110.980148,2000.281370,2110.980148,0.008244,75
5.905351,1,-5.000000,-0.000000,3.995227,0.000000,0.000000,0.000000,0.000000,0.000000,0.000000,-0.000000,-5.000000,-0.000000,3.995405,0.000000,-0.000000,-0.000550,1.000000,0.000000,-0.000000,-0.000000,0.000000,-0.000000,-0.000000,4513.028353,-0.000000,0.000000,0.000000,2000.280807,2110.979547,2000.280807,2110.979547,2000.280807,2110.979547,2000.280807,2110.979547,0.008245,75
5.910354,1,-5.000000,-0.000000,3.995227,0.000000,0.000000,0.000000,0.000000,0.000000,0.000000,-0.000000,-5.000000,-0.000000,3.995402,0.000000,-0.000000,-0.000545,1.000000,0.000000,-0.000000,-0.000000,0.000000,-0.000000,-0.000000,4513.025721,-0.000000,0.000000,0.000000,2000.280242,2110.978944,2000.280242,2110.978944,2000.280242,2110.978944,2000.280242,2110.978944,0.008245,75
5.915343,1,-5.000000,-0.000000,3.995227,0.000000,0.000000,0.000000,0.000000,0.000000,0.000000,-0.000000,-5.000000,-0.000000,3.995400,0.000000,-0.000000,-0.000540,1.000000,0.000000,-0.000000,-0.000000,0.000000,-0.000000,-0.000000,4513.023099,-0.000000,0.000000,0.000000,2000.279679,2110.978343,2000.279679,2110.978343,2000.279679,2110.978343,2000.279679,2110.978343,0.008245,75
5.920321,1,-5.000000,-0.000000,3.995227,0.000000,0.000000,0.000000,0.000000,0.000000,0.000000,-0.000000,-5.000000,-0.000000,3.995397,0.000000,-0.000000,-0.000536,1.000000,0.000000,-0.000000,-0.000000,-0.000000,-0.000000,-0.000000,4513.020490,-0.000000,0.000000,0.000000,2000.279119,2110.977745,2000.279119,2110.977745,2000.279119,2110.977745,2000.279119,2110.977745,0.008245,75
5.925320,1,-5.000000,-0.000000,3.995227,0.000000,0.000000,0.000000,0.000000,0.000000,0.000000,-0.000000,-5.000000,-0.000000,3.995394,0.000000,-0.000000,-0.000531,1.000000,0.000000,-0.000000,-0.000000,0.000000,-0.000000,0.000000,4513.017893,-0.000000,0.000000,0.000000,2000.278561,2110.977150,2000.278561,2110.977150,2000.278561,2110.977150,2000.278561,2110.977150,0.008245,75
5.930330,1,-5.000000,-0.000000,3.995227,0.000000,0.000000,0.000000,0.000000,0.000000,0.000000,-0.000000,-5.000000,-0.000000,3.995392,0.000000,-0.000000,-0.000526,1.000000,0.000000,-0.000000,-0.000000,-0.000000,-0.000000,0.000000,4513.015291,-0.000000,0.000000,-0.000000,2000.278003,2110.976554,2000.278003,2110.976554,2000.278003,2110.976554,2000.278003,2110.976554,0.008245,75
5.935339,1,-5.000000,-0.000000,3.995227,0.000000,0.000000,0.000000,0.000000,0.000000,0.000000,-0.000000,-5.000000,-0.000000,3.995389,0.000000,-0.000000,-0.000521,1.000000,0.000000,-0.000000,-0.000000,-0.000000,-0.000000,0.000000,4513.012690,-0.000000,0.000000,-0.000000,2000.277444,2110.975958,2000.277444,2110.975958,2000.277444,2110.975958,2000.277444,2110.975958,0.008245,75
5.940336,1,-5.000000,-0.000000,3.995227,0.000000,0.000000,0.000000,0.000000,0.000000,0.000000,-0.000000,-5.000000,-0.000000,3.995386,0.000000,-0.000000,-0.000516,1.000000,0.000000,-0.000000,-0.000000,-0.000000,-0.000000,-0.000000,4513.010097,-0.000000,0.000000,0.000000,2000.276888,2110.975364,2000.276888,2110.975364,2000.276888,2110.975364,2000.276888,2110.975364,0.008245,75
5.945353,1,-5.000000,-0.000000,3.995227,0.000000,0.000000,0.000000,0.000000,0.000000,0.000000,-0.000000,-5.000000,-0.000000,3.995384,0.000000,-0.000000,-0.000512,1.000000,0.000000,-0.000000,-0.000000,-0.000000,-0.000000,0.000000,4513.007516,-0.000000,0.000000,0.000000,2000.276334,2110.974773,2000.276334,2110.974773,2000.276334,2110.974773,2000.276334,2110.974773,0.008245,75
5.950336,1,-5.000000,-0.000000,3.995227,0.000000,0.000000,0.000000,0.000000,0.000000,0.000000,-0.000000,-5.000000,-0.000000,3.995381,0.000000,-0.000000,-0.000507,1.000000,0.000000,-0.000000,-0.000000,0.000000,-0.000000,-0.000000,4513.004932,-0.000000,0.000000,-0.000000,2000.275779,2110.974181,2000.275779,2110.974181,2000.275779,2110.974181,2000.275779,2110.974181,0.008245,75
5.955357,1,-5.000000,-0.000000,3.995227,0.000000,0.000000,0.000000,0.000000,0.000000,0.000000,-0.000000,-5.000000,-0.000000,3.995379,0.000000,-0.000000,-0.000502,1.000000,0.000000,-0.000000,-0.000000,-0.000000,-0.000000,0.000000,4513.002371,-0.000000,0.000000,0.000000,2000.275229,2110.973594,2000.275229,2110.973594,2000.275229,2110.973594,2000.275229,2110.973594,0.008245,75
5.960326,1,-5.000000,-0.000000,3.995227,0.000000,0.000000,0.000000,0.000000,0.000000,0.000000,-0.000000,-5.000000,-0.000000,3.995376,0.000000,-0.000000,-0.000498,1.000000,0.000000,-0.000000,-0.000000,-0.000000,-0.000000,0.000000,4512.999799,-0.000000,0.000000,-0.000000,2000.274677,2110.973005,2000.274677,2110.973005,2000.274677,2110.973005,2000.274677,2110.973005,0.008245,75
5.965315,1,-5.000000,-0.000000,3.995227,0.000000,0.000000,0.000000,0.000000,0.000000,0.000000,-0.000000,-5.000000,-0.000000,3.995374,0.000000,-0.000000,-0.000493,1.000000,0.000000,-0.000000,-0.000000,0.000000,-0.000000,0.000000,4512.997260,-0.000000,0.000000,-0.000000,2000.274132,2110.972423,2000.274132,2110.972423,2000.274132,2110.972423,2000.274132,2110.972423,0.008245,75
5.970312,1,-5.000000,-0.000000,3.995227,0.000000,0.000000,0.000000,0.000000,0.000000,0.000000,-0.000000,-5.000000,-0.000000,3.995371,0.000000,-0.000000,-0.000488,1.000000,0.000000,-0.000000,-0.000000,-0.000000,-0.000000,0.000000,4512.994717,-0.000000,0.000000,0.000000,2000.273586,2110.971841,2000.273586,2110.971841,2000.273586,2110.971841,2000.273586,2110.971841,0.008245,75
5.975323,1,-5.000000,-0.000000,3.995227,0.000000,0.000000,0.000000,0.000000,0.000000,0.000000,-0.000000,-5.000000,-0.000000,3.995369,0.000000,-0.000000,-0.000484,1.000000,0.000000,-0.000000,-0.000000,-0.000000,-0.000000,0.000000,4512.992178,-0.000000,0.000000,-0.000000,2000.273041,2110.971259,2000.273041,2110.971259,2000.273041,2110.971259,2000.273041,2110.971259,0.008245,75
5.980321,1,-5.000000,-0.000000,3.995227,0.000000,0.000000,0.000000,0.000000,0.000000,0.000000,-0.000000,-5.000000,-0.000000,3.995367,0.000000,-0.000000,-0.000479,1.000000,0.000000,-0.000000,-0.000000,-0.000000,-0.000000,0.000000,4512.989638,-0.000000,0.000000,-0.000000,2000.272496,2110.970677,2000.272496,2110.970677,2000.272496,2110.970677,2000.272496,2110.970677,0.008245,75
5.985337,1,-5.000000,-0.000000,3.995227,0.000000,0.000000,0.000000,0.000000,0.000000,0.000000,-0.000000,-5.000000,-0.000000,3.995364,0.000000,-0.000000,-0.000475,1.000000,0.000000,-0.000000,-0.000000,-0.000000,-0.000000,0.000000,4512.987113,-0.000000,0.000000,-0.000000,2000.271954,2110.970098,2000.271954,2110.970098,2000.271954,2110.970098,2000.271954,2110.970098,0.008245,75
5.990345,1,-5.000000,-0.000000,3.995227,0.000000,0.000000,0.000000,0.000000,0.000000,0.000000,-0.000000,-5.000000,-0.000000,3.995362,0.000000,-0.000000,-0.000470,1.000000,0.000000,-0.000000,-0.000000,-0.000000,-0.000000,0.000000,4512.984586,-0.000000,0.000000,-0.000000,2000.271411,2110.969519,2000.271411,2110.969519,2000.271411,2110.969519,2000.271411,2110.969519,0.008245,75
5.995319,1,-5.000000,-0.000000,3.995227,0.000000,0.000000,0.000000,0.000000,0.000000,0.000000,-0.000000,-5.000000,-0.000000,3.995360,0.000000,-0.000000,-0.000466,1.000000,0.000000,-0.000000,-0.000000,-0.000000,-0.000000,0.000000,4512.982070,-0.000000,0.000000,-0.000000,2000.270871,2110.968943,2000.270871,2110.968943,2000.270871,2110.968943,2000.270871,2110.968943,0.008245,75
6.000327,1,-5.000000,-0.000000,3.995227,0.000000,0.000000,0.000000,0.000000,0.000000,0.000000,-0.000000,-5.000000,-0.000000,3.995357,0.000000,-0.000000,-0.000461,1.000000,0.000000,-0.000000,-0.000000,-0.000000,-0.000000,0.000000,4512.979578,-0.000000,0.000000,-0.000000,2000.270336,2110.968372,2000.270336,2110.968372,2000.270336,2110.968372,2000.270336,2110.968372,0.008245,75
6.005323,1,-5.000000,-0.000000,3.995227,0.000000,0.000000,0.000000,0.000000,0.000000,0.000000,-0.000000,-5.000000,-0.000000,3.995355,0.000000,-0.000000,-0.000457,1.000000,0.000000,-0.000000,-0.000000,-0.000000,-0.000000,0.000000,4512.977077,-0.000000,0.000000,-0.000000,2000.269799,2110.967799,2000.269799,2110.967799,2000.269799,2110.967799,2000.269799,2110.967799,0.008245,75
6.010326,1,-5.000000,-0.000000,3.995227,0.000000,0.000000,0.000000,0.000000,0.000000,0.000000,-0.000000,-5.000000,-0.000000,3.995353,0.000000,-0.000000,-0.000453,1.000000,0.000000,-0.000000,-0.000000,-0.000000,-0.000000,0.000000,4512.974589,-0.000000,0.000000,-0.000000,2000.269265,2110.967229,2000.269265,2110.967229,2000.269265,2110.967229,2000.269265,2110.967229,0.008245,75
6.015317,1,-5.000000,-0.000000,3.995227,0.000000,0.000000,0.000000,0.000000,0.000000,0.000000,-0.000000,-5.000000,-0.000000,3.995350,0.000000,-0.000000,-0.000448,1.000000,0.000000,-0.000000,-0.000000,-0.000000,-0.000000,0.000000,4512.972106,-0.000000,0.000000,0.000000,2000.268732,2110.966660,2000.268732,2110.966660,2000.268732,2110.966660,2000.268732,2110.966660,0.008245,75
6.020326,1,-5.000000,-0.000000,3.995227,0.000000,0.000000,0.000000,0.000000,0.000000,0.000000,-0.000000,-5.000000,-0.000000,3.995348,0.000000,-0.000000,-0.000444,1.000000,0.000000,-0.000000,-0.000000,-0.000000,-0.000000,-0.000000,4512.969636,-0.000000,0.000000,-0.000000,2000.268202,2110.966094,2000.268202,2110.966094,2000.268202,2110.966094,2000.268202,2110.966094,0.008245,75
6.025335,1,-5.000000,-0.000000,3.995227,0.000000,0.000000,0.000000,0.000000,0.000000,0.000000,-0.000000,-5.000000,-0.000000,3.995346,0.000000,-0.000000,-0.000440,1.000000,0.000000,-0.000000,-0.000000,-0.000000,-0.000000,-0.000000,4512.967165,-0.000000,0.000000,0.000000,2000.267671,2110.965528,2000.267671,2110.965528,2000.267671,2110.965528,2000.267671,2110.965528,0.008245,75
6.030334,1,-5.000000,-0.000000,3.995227,0.000000,0.000000,0.000000,0.000000,0.000000,0.000000,-0.000000,-5.000000,-0.000000,3.995344,0.000000,-0.000000,-0.000435,1.000000,0.000000,-0.000000,-0.000000,-0.000000,-0.000000,-0.000000,4512.964701,-0.000000,0.000000,0.000000,2000.267142,2110.964964,2000.267142,2110.964964,2000.267142,2110.964964,2000.267142,2110.964964,0.008245,75
6.035338,1,-5.000000,-0.000000,3.995227,0.000000,0.000000,0.000000,0.000000,0.000000,0.000000,-0.000000,-5.000000,-0.000000,3.995342,0.000000,-0.000000,-0.000431,1.000000,0.000000,-0.000000,-0.000000,-0.000000,-0.000000,-0.000000,4512.962251,-0.000000,0.000000,0.000000,2000.266616,2110.964402,2000.266616,2110.964402,2000.266616,2110.964402,2000.266616,2110.964402,0.008245,75
6.040343,1,-5.000000,-0.000000,3.995227,0.000000,0.000000,0.000000,0.000000,0.000000,0.000000,-0.000000,-5.000000,-0.000000,3.995340,0.000000,-0.000000,-0.000427,1.000000,0.000000,-0.000000,-0.000000,-0.000000,-0.000000,-0.000000,4512.959805,-0.000000,0.000000,0.000000,2000.266091,2110.963842,2000.266091,2110.963842,2000.266091,2110.963842,2000.266091,2110.963842,0.008245,75
6.045312,1,-5.000000,-0.000000,3.995227,0.000000,0.000000,0.000000,0.000000,0.000000,0.000000,-0.000000,-5.000000,-0.000000,3.995337,0.000000,-0.000000,-0.000423,1.000000,0.000000,-0.000000,-0.000000,-0.000000,-0.000000,-0.000000,4512.957367,-0.000000,0.000000,0.000000,2000.265568,2110.963284,2000.265568,2110.963284,2000.265568,2110.963284,2000.265568,2110.963284,0.008245,75
6.050348,1,-5.000000,-0.000000,3.995227,0.000000,0.000000,0.000000,0.000000,0.000000,0.000000,-0.000000,-5.000000,-0.000000,3.995335,0.000000,-0.000000,-0.000419,1.000000,-0.000000,-0.000000,-0.000000,-0.000000,-0.000000,0.000000,4512.954955,-0.000000,0.000000,0.000000,2000.265050,2110.962731,2000.265050,2110.962731,2000.265050,2110.962731,2000.265050,2110.962731,0.008245,75
6.055337,1,-5.000000,-0.000000,3.995227,0.000000,0.000000,0.000000,0.000000,0.000000,0.000000,-0.000000,-5.000000,-0.000000,3.995333,0.000000,-0.000000,-0.000415,1.000000,-0.000000,-0.000000,-0.000000,-0.000000,-0.000000,0.000000,4512.952518,-0.000000,0.000000,-0.000000,2000.264527,2110.962173,2000.264527,2110.962173,2000.264527,2110.962173,2000.264527,2110.962173,0.008245,75
6.060347,1,-5.000000,-0.000000,3.995227,0.000000,0.000000,0.000000,0.000000,0.000000,0.000000,-0.000000,-5.000000,-0.000000,3.995331,0.000000,-0.000000,-0.000410,1.000000,-0.000000,-0.000000,-0.000000,-0.000000,-0.000000,0.000000,4512.950111,-0.000000,0.000000,-0.000000,2000.264010,2110.961621,2000.264010,2110.961621,2000.264010,2110.961621,2000.264010,2110.961621,0.008245,75
6.065318,1,-5.000000,-0.000000,3.995227,0.000000,0.000000,0.000000,0.000000,0.000000,0.000000,-0.000000,-5.000000,-0.000000,3.995329,0.000000,-0.000000,-0.000406,1.000000,-0.000000,-0.000000,-0.000000,-0.000000,-0.000000,0.000000,4512.947704,-0.000000,0.000000,-0.000000,2000.263494,2110.961070,2000.263494,2110.961070,2000.263494,2110.961070,2000.263494,2110.961070,0.008245,75
6.070324,1,-5.000000,-0.000000,3.995227,0.000000,0.000000,0.000000,0.000000,0.000000,0.000000,-0.000000,-5.000000,-0.000000,3.995327,0.000000,-0.000000,-0.000402,1.000000,-0.000000,-0.000000,-0.000000,-0.000000,-0.000000,0.000000,4512.945322,-0.000000,0.000000,-0.000000,2000.262982,2110.960524,2000.262982,2110.960524,2000.262982,2110.960524,2000.262982,2110.960524,0.008245,75
6.075313,1,-5.000000,-0.000000,3.995227,0.000000,0.000000,0.000000,0.000000,0.000000,0.000000,-0.000000,-5.000000,-0.000000,3.995325,0.000000,-0.000000,-0.000398,1.000000,-0.000000,-0.000000,-0.000000,-0.000000,-0.000000,0.000000,4512.942932,-0.000000,0.000000,-0.000000,2000.262469,2110.959976,2000.262469,2110.959976,2000.262469,2110.959976,2000.262469,2110.959976,0.008245,75
6.080321,1,-5.000000,-0.000000,3.995227,0.000000,0.000000,0.000000,0.000000,0.000000,0.000000,-0.000000,-5.000000,-0.000000,3.995323,0.000000,-0.000000,-0.000394,1.000000,-0.000000,-0.000000,-0.000000,-0.000000,-0.000000,0.000000,4512.940558,-0.000000,0.000000,-0.000000,2000.261960,2110.959433,2000.261960,2110.959433,2000.261960,2110.959433,2000.261960,2110.959433,0.008245,75
6.085322,1,-5.000000,-0.000000,3.995227,0.000000,0.000000,0.000000,0.000000,0.000000,0.000000,-0.000000,-5.000000,-0.000000,3.995321,0.000000,-0.000000,-0.000390,1.000000,-0.000000,-0.000000,-0.000000,-0.000000,-0.000000,0.000000,4512.938184,-0.000000,0.000000,-0.000000,2000.261450,2110.958889,2000.261450,2110.958889,2000.261450,2110.958889,2000.261450,2110.958889,0.008245,75
6.090342,1,-5.000000,-0.000000,3.995227,0.000000,0.000000,0.000000,0.000000,0.000000,0.000000,-0.000000,-5.000000,-0.000000,3.995319,0.000000,-0.000000,-0.000386,1.000000,-0.000000,-0.000000,-0.000000,-0.000000,-0.000000,0.000000,4512.935821,-0.000000,0.000000,-0.000000,2000.260943,2110.958347,2000.260943,2110.958347,2000.260943,2110.958347,2000.260943,2110.958347,0.008245,75
6.095315,1,-5.000000,-0.000000,3.995227,0.000000,0.000000,0.000000,0.000000,0.000000,0.000000,-0.000000,-5.000000,-0.000000,3.995317,-0.000000,-0.000000,-0.000382,1.000000,-0.000000,-0.000000,-0.000000,-0.000000,-0.000000,0.000000,4512.933458,-0.000000,0.000000,-0.000000,2000.260435,2110.957806,2000.260435,2110.957806,2000.260435,2110.957806,2000.260435,2110.957806,0.008245,75
6.100327,1,-5.000000,-0.000000,3.995227,0.000000,0.000000,0.000000,0.000000,0.000000,0.000000,-0.000000,-5.000000,-0.000000,3.995316,-0.000000,-0.000000,-0.000379,1.000000,-0.000000,-0.000000,-0.000000,-0.000000,-0.000000,0.000000,4512.931125,-0.000000,0.000000,-0.000000,2000.259935,2110.957271,2000.259935,2110.957271,2000.259935,2110.957271,2000.259935,2110.957271,0.008245,75
6.105316,1,-5.000000,-0.000000,3.995227,0.000000,0.000000,0.000000,0.000000,0.000000,0.000000,-0.000000,-5.000000,-0.000000,3.995314,-0.000000,-0.000000,-0.000375,1.000000,-0.000000,-0.000000,-0.000000,-0.000000,-0.000000,0.000000,4512.928782,-0.000000,0.000000,-0.000000,2000.259432,2110.956735,2000.259432,2110.956735,2000.259432,2110.956735,2000.259432,2110.956735,0.008245,75
6.110343,1,-5.000000,-0.000000,3.995227,0.000000,0.000000,0.000000,0.000000,0.000000,0.000000,-0.000000,-5.000000,-0.000000,3.995312,-0.000000,-0.000000,-0.000371,1.000000,-0.000000,-0.000000,-0.000000,-0.000000,-0.000000,0.000000,4512.926458,-0.000000,0.000000,-0.000000,2000.258933,2110.956202,2000.258933,2110.956202,2000.258933,2110.956202,2000.258933,2110.956202,0.008245,75
6.115325,1,-5.000000,-0.000000,3.995227,0.000000,0.000000,0.000000,0.000000,0.000000,0.000000,-0.000000,-5.000000,-0.000000,3.995310,-0.000000,-0.000000,-0.000367,1.000000,-0.000000,-0.000000,-0.000000,-0.000000,-0.000000,0.000000,4512.924125,-0.000000,0.000000,-0.000000,2000.258432,2110.955668,2000.258432,2110.955668,2000.258432,2110.955668,2000.258432,2110.955668,0.008245,75
6.120340,1,-5.000000,-0.000000,3.995227,0.000000,0.000000,0.000000,0.000000,0.000000,0.000000,-0.000000,-5.000000,-0.000000,3.995308,-0.000000,-0.000000,-0.000363,1.000000,-0.000000,-0.000000,-0.000000,-0.000000,-0.000000,0.000000,4512.921822,-0.000000,0.000000,-0.000000,2000.257938,2110.955140,2000.257938,2110.955140,2000.257938,2110.955140,2000.257938,2110.955140,0.008245,75
6.125331,1,-5.000000,-0.000000,3.995227,0.000000,0.000000,0.000000,0.000000,0.000000,0.000000,-0.000000,-5.000000,-0.000000,3.995306,-0.000000,-0.000000,-0.000360,1.000000,-0.000000,-0.000000,-0.000000,-0.000000,-0.000000,0.000000,4512.919512,-0.000000,0.000000,-0.000000,2000.257442,2110.954611,2000.257442,2110.954611,2000.257442,2110.954611,2000.257442,2110.954611,0.008245,75
6.130323,1,-5.000000,-0.000000,3.995227,0.000000,0.000000,0.000000,0.000000,0.000000,0.000000,-0.000000,-5.000000,-0.000000,3.995305,-0.000000,-0.000000,-0.000356,1.000000,-0.000000,-0.000000,-0.000000,-0.000000,-0.000000,0.000000,4512.917222,-0.000000,0.000000,-0.000000,2000.256950,2110.954086,2000.256950,2110.954086,2000.256950,2110.954086,2000.256950,2110.954086,0.008245,75
6.135351,1,-5.000000,-0.000000,3.995227,0.000000,0.000000,0.000000,0.000000,0.000000,0.000000,-0.000000,-5.000000,-0.000000,3.995303,-0.000000,-0.000000,-0.000352,1.000000,-0.000000,-0.000000,-0.000000,-0.000000,-0.000000,0.000000,4512.914939,-0.000000,0.000000,-0.000000,2000.256460,2110.953563,2000.256460,2110.953563,2000.256460,2110.953563,2000.256460,2110.953563,0.008245,75
6.140368,1,-5.000000,-0.000000,3.995227,0.000000,0.000000,0.000000,0.000000,0.000000,0.000000,-0.000000,-5.000000,-0.000000,3.995301,-0.000000,-0.000000,-0.000348,1.000000,-0.000000,-0.000000,0.000000,-0.000000,-0.000000,0.000000,4512.912649,-0.000000,0.000000,-0.000000,2000.255968,2110.953038,2000.255968,2110.953038,2000.255968,2110.953038,2000.255968,2110.953038,0.008245,75
6.145355,1,-5.000000,-0.000000,3.995227,0.000000,0.000000,0.000000,0.000000,0.000000,0.000000,-0.000000,-5.000000,-0.000000,3.995299,-0.000000,-0.000000,-0.000345,1.000000,-0.000000,-0.000000,0.000000,-0.000000,-0.000000,0.000000,4512.910373,-0.000000,0.000000,-0.000000,2000.255480,2110.952517,2000.255480,2110.952517,2000.255480,2110.952517,2000.255480,2110.952517,0.008245,75
6.150346,1,-5.000000,-0.000000,3.995227,0.000000,0.000000,0.000000,0.000000,0.000000,0.000000,-0.000000,-5.000000,-0.000000,3.995298,-0.000000,-0.000000,-0.000341,1.000000,-0.000000,-0.000000,0.000000,-0.000000,-0.000000,0.000000,4512.908119,-0.000000,0.000000,-0.000000,2000.254996,2110.952001,2000.254996,2110.952001,2000.254996,2110.952001,2000.254996,2110.952001,0.008245,75
6.155330,1,-5.000000,-0.000000,3.995227,0.000000,0.000000,0.000000,0.000000,0.000000,0.000000,-0.000000,-5.000000,-0.000000,3.995296,-0.000000,-0.000000,-0.000337,1.000000,-0.000000,-0.000000,0.000000,-0.000000,-0.000000,0.000000,4512.905872,-0.000000,0.000000,-0.000000,2000.254513,2110.951486,2000.254513,2110.951486,2000.254513,2110.951486,2000.254513,2110.951486,0.008245,75
6.160321,1,-5.000000,-0.000000,3.995227,0.000000,0.000000,0.000000,0.000000,0.000000,0.000000,-0.000000,-5.000000,-0.000000,3.995294,-0.000000,-0.000000,-0.000334,1.000000,-0.000000,-0.000000,0.000000,-0.000000,-0.000000,0.000000,4512.903636,-0.000000,0.000000,-0.000000,2000.254034,2110.950974,2000.254034,2110.950974,2000.254034,2110.950974,2000.254034,2110.950974,0.008245,75
6.165323,1,-5.000000,-0.000000,3.995227,0.000000,0.000000,0.000000,0.000000,0.000000,0.000000,-0.000000,-5.000000,-0.000000,3.995293,-0.000000,-0.000000,-0.000330,1.000000,-0.000000,-0.000000,0.000000,-0.000000,-0.000000,0.000000,4512.901407,-0.000000,0.000000,-0.000000,2000.253555,2110.950463,2000.253555,2110.950463,2000.253555,2110.950463,2000.253555,2110.950463,0.008245,75
6.170326,1,-5.000000,-0.000000,3.995227,0.000000,0.000000,0.000000,0.000000,0.000000,0.000000,-0.000000,-5.000000,-0.000000,3.995291,-0.000000,-0.000000,-0.000327,1.000000,-0.000000,-0.000000,0.000000,-0.000000,-0.000000,-0.000000,4512.899181,-0.000000,0.000000,-0.000000,2000.253077,2110.949953,2000.253077,2110.949953,2000.253077,2110.949953,2000.253077,2110.949953,0.008245,75
6.175319,1,-5.000000,-0.000000,3.995227,0.000000,0.000000,0.000000,0.000000,0.000000,0.000000,-0.000000,-5.000000,-0.000000,3.995289,-0.000000,-0.000000,-0.000323,1.000000,-0.000000,-0.000000,0.000000,-0.000000,-0.000000,-0.000000,4512.896964,-0.000000,0.000000,-0.000000,2000.252601,2110.949445,2000.252601,2110.949445,2000.252601,2110.949445,2000.252601,2110.949445,0.008245,75
6.180320,1,-5.000000,-0.000000,3.995227,0.000000,0.000000,0.000000,0.000000,0.000000,0.000000,-0.000000,-5.000000,-0.000000,3.995288,-0.000000,-0.000000,-0.000320,1.000000,-0.000000,-0.000000,0.000000,-0.000000,-0.000000,-0.000000,4512.894760,-0.000000,0.000000,0.000000,2000.252128,2110.948940,2000.252128,2110.948940,2000.252128,2110.948940,2000.252128,2110.948940,0.008245,75
6.185356,1,-5.000000,-0.000000,3.995227,0.000000,0.000000,0.000000,0.000000,0.000000,0.000000,-0.000000,-5.000000,-0.000000,3.995286,-0.000000,-0.000000,-0.000316,1.000000,-0.000000,-0.000000,0.000000,-0.000000,-0.000000,-0.000000,4512.892561,-0.000000,0.000000,0.000000,2000.251656,2110.948436,2000.251656,2110.948436,2000.251656,2110.948436,2000.251656,2110.948436,0.008245,75
6.190339,1,-5.000000,-0.000000,3.995227,0.000000,0.000000,0.000000,0.000000,0.000000,0.000000,-0.000000,-5.000000,-0.000000,3.995285,-0.000000,-0.000000,-0.000313,1.000000,-0.000000,-0.000000,0.000000,-0.000000,-0.000000,-0.000000,4512.890356,-0.000000,0.000000,0.000000,2000.251183,2110.947931,2000.251183,2110.947931,2000.251183,2110.947931,2000.251183,2110.947931,0.008246,75
6.195334,1,-5.000000,-0.000000,3.995227,0.000000,0.000000,0.000000,0.000000,0.000000,0.000000,-0.000000,-5.000000,-0.000000,3.995283,-0.000000,-0.000000,-0.000309,1.000000,-0.000000,-0.000000,-0.000000,-0.000000,-0.000000,-0.000000,4512.888183,-0.000000,0.000000,0.000000,2000.250716,2110.947433,2000.250716,2110.947433,2000.250716,2110.947433,2000.250716,2110.947433,0.008246,75
6.200326,1,-5.000000,-0.000000,3.995227,0.000000,0.000000,0.000000,0.000000,0.000000,0.000000,-0.000000,-5.000000,-0.000000,3.995282,-0.000000,-0.000000,-0.000306,1.000000,-0.000000,-0.000000,-0.000000,-0.000000,0.000000,-0.000000,4512.886014,-0.000000,0.000000,0.000000,2000.250250,2110.946936,2000.250250,2110.946936,2000.250250,2110.946936,2000.250250,2110.946936,0.008246,75
6.205334,1,-5.000000,-0.000000,3.995227,0.000000,0.000000,0.000000,0.000000,0.000000,0.000000,-0.000000,-5.000000,-0.000000,3.995280,-0.000000,-0.000000,-0.000303,1.000000,-0.000000,-0.000000,-0.000000,-0.000000,0.000000,-0.000000,4512.883855,-0.000000,0.000000,0.000000,2000.249787,2110.946442,2000.249787,2110.946442,2000.249787,2110.946442,2000.249787,2110.946442,0.008246,75
6.210336,1,-5.000000,-0.000000,3.995227,0.000000,0.000000,0.000000,0.000000,0.000000,0.000000,-0.000000,-5.000000,-0.000000,3.995279,-0.000000,-0.000000,-0.000299,1.000000,-0.000000,-0.000000,-0.000000,-0.000000,0.000000,-0.000000,4512.881698,-0.000000,0.000000,0.000000,2000.249324,2110.945947,2000.249324,2110.945947,2000.249324,2110.945947,2000.249324,2110.945947,0.008246,75
6.215324,1,-5.000000,-0.000000,3.995227,0.000000,0.000000,0.000000,0.000000,0.000000,0.000000,-0.000000,-5.000000,-0.000000,3.995277,-0.000000,-0.000000,-0.000296,1.000000,-0.000000,-0.000000,-0.000000,-0.000000,0.000000,-0.000000,4512.879553,-0.000000,0.000000,0.000000,2000.248863,2110.945456,2000.248863,2110.945456,2000.248863,2110.945456,2000.248863,2110.945456,0.008246,75
6.220327,1,-5.000000,-0.000000,3.995227,0.000000,0.000000,0.000000,0.000000,0.000000,0.000000,-0.000000,-5.000000,-0.000000,3.995276,-0.000000,-0.000000,-0.000293,1.000000,-0.000000,-0.000000,-0.000000,-0.000000,0.000000,-0.000000,4512.877423,-0.000000,0.000000,0.000000,2000.248406,2110.944968,2000.248406,2110.944968,2000.248406,2110.944968,2000.248406,2110.944968,0.008246,75
6.225333,1,-5.000000,-0.000000,3.995227,0.000000,0.000000,0.000000,0.000000,0.000000,0.000000,-0.000000,-5.000000,-0.000000,3.995274,-0.000000,-0.000000,-0.000290,1.000000,-0.000000,-0.000000,-0.000000,-0.000000,0.000000,-0.000000,4512.875295,-0.000000,0.000000,0.000000,2000.247949,2110.944480,2000.247949,2110.944480,2000.247949,2110.944480,2000.247949,2110.944480,0.008246,75
6.230333,1,-5.000000,-0.000000,3.995227,0.000000,0.000000,0.000000,0.000000,0.000000,0.000000,-0.000000,-5.000000,-0.000000,3.995273,-0.000000,-0.000000,-0.000286,1.000000,-0.000000,-0.000000,-0.000000,-0.000000,0.000000,-0.000000,4512.873175,-0.000000,0.000000,0.000000,2000.247494,2110.943995,2000.247494,2110.943995,2000.247494,2110.943995,2000.247494,2110.943995,0.008246,75
6.235348,1,-5.000000,-0.000000,3.995227,0.000000,0.000000,0.000000,0.000000,0.000000,0.000000,-0.000000,-5.000000,-0.000000,3.995271,-0.000000,-0.000000,-0.000283,1.000000,-0.000000,-0.000000,-0.000000,-0.000000,0.000000,-0.000000,4512.871067,-0.000000,0.000000,0.000000,2000.247042,2110.943512,2000.247042,2110.943512,2000.247042,2110.943512,2000.247042,2110.943512,0.008246,75
6.240347,1,-5.000000,-0.000000,3.995227,0.000000,0.000000,0.000000,0.000000,0.000000,0.000000,-0.000000,-5.000000,-0.000000,3.995270,-0.000000,-0.000000,-0.000280,1.000000,-0.000000,-0.000000,-0.000000,0.000000,0.000000,-0.000000,4512.868962,-0.000000,0.000000,0.000000,2000.246590,2110.943029,2000.246590,2110.943029,2000.246590,2110.943029,2000.246590,2110.943029,0.008246,75
6.245331,1,-5.000000,-0.000000,3.995227,0.000000,0.000000,0.000000,0.000000,0.000000,0.000000,-0.000000,-5.000000,-0.000000,3.995269,-0.000000,-0.000000,-0.000277,1.000000,-0.000000,-0.000000,-0.000000,-0.000000,0.000000,-0.000000,4512.866872,-0.000000,0.000000,0.000000,2000.246141,2110.942551,2000.246141,2110.942551,2000.246141,2110.942551,2000.246141,2110.942551,0.008246,75
6.250344,1,-5.000000,-0.000000,3.995227,0.000000,0.000000,0.000000,0.000000,0.000000,0.000000,-0.000000,-5.000000,-0.000000,3.995267,-0.000000,-0.000000,-0.000274,1.000000,-0.000000,-0.000000,-0.000000,-0.000000,0.000000,-0.000000,4512.864798,-0.000000,0.000000,0.000000,2000.245696,2110.942075,2000.245696,2110.942075,2000.245696,2110.942075,2000.245696,2110.942075,0.008246,75
6.255345,1,-5.000000,-0.000000,3.995227,0.000000,0.000000,0.000000,0.000000,0.000000,0.000000,-0.000000,-5.000000,-0.000000,3.995266,-0.000000,-0.000000,-0.000270,1.000000,-0.000000,-0.000000,-0.000000,-0.000000,0.000000,-0.000000,4512.862721,-0.000000,0.000000,0.000000,2000.245250,2110.941600,2000.245250,2110.941600,2000.245250,2110.941600,2000.245250,2110.941600,0.008246,75
6.260309,1,-5.000000,-0.000000,3.995227,0.000000,0.000000,0.000000,0.000000,0.000000,0.000000,-0.000000,-5.000000,-0.000000,3.995265,-0.000000,-0.000000,-0.000267,1.000000,-0.000000,-0.000000,-0.000000,-0.000000,0.000000,-0.000000,4512.860658,-0.000000,0.000000,0.000000,2000.244807,2110.941127,2000.244807,2110.941127,2000.244807,2110.941127,2000.244807,2110.941127,0.008246,75
6.265312,1,-5.000000,-0.000000,3.995227,0.000000,0.000000,0.000000,0.000000,0.000000,0.000000,-0.000000,-5.000000,-0.000000,3.995263,-0.000000,-0.000000,-0.000264,1.000000,-0.000000,-0.000000,-0.000000,-0.000000,0.000000,-0.000000,4512.858619,-0.000000,0.000000,0.000000,2000.244370,2110.940660,2000.244370,2110.940660,2000.244370,2110.940660,2000.244370,2110.940660,0.008246,75
6.270327,1,-5.000000,-0.000000,3.995227,0.000000,0.000000,0.000000,0.000000,0.000000,0.000000,-0.000000,-5.000000,-0.000000,3.995262,-0.000000,-0.000000,-0.000261,1.000000,-0.000000,-0.000000,-0.000000,-0.000000,0.000000,-0.000000,4512.856574,-0.000000,0.000000,0.000000,2000.243930,2110.940191,2000.243930,2110.940191,2000.243930,2110.940191,2000.243930,2110.940191,0.008246,75
6.275331,1,-5.000000,-0.000000,3.995227,0.000000,0.000000,0.000000,0.000000,0.000000,0.000000,-0.000000,-5.000000,-0.000000,3.995261,-0.000000,-0.000000,-0.000258,1.000000,-0.000000,-0.000000,-0.000000,-0.000000,0.000000,0.000000,4512.854532,-0.000000,0.000000,0.000000,2000.243492,2110.939724,2000.243492,2110.939724,2000.243492,2110.939724,2000.243492,2110.939724,0.008246,75
6.280320,1,-5.000000,-0.000000,3.995227,0.000000,0.000000,0.000000,0.000000,0.000000,0.000000,-0.000000,-5.000000,-0.000000,3.995259,-0.000000,-0.000000,-0.000255,1.000000,-0.000000,-0.000000,-0.000000,-0.000000,0.000000,0.000000,4512.852505,-0.000000,0.000000,-0.000000,2000.243057,2110.939259,2000.243057,2110.939259,2000.243057,2110.939259,2000.243057,2110.939259,0.008246,75
6.285321,1,-5.000000,-0.000000,3.995227,0.000000,0.000000,0.000000,0.000000,0.000000,0.000000,-0.000000,-5.000000,-0.000000,3.995258,-0.000000,-0.000000,-0.000252,1.000000,-0.000000,-0.000000,-0.000000,-0.000000,0.000000,0.000000,4512.850493,-0.000000,0.000000,-0.000000,2000.242625,2110.938798,2000.242625,2110.938798,2000.242625,2110.938798,2000.242625,2110.938798,0.008246,75
6.290330,1,-5.000000,-0.000000,3.995227,0.000000,0.000000,0.000000,0.000000,0.000000,0.000000,-0.000000,-5.000000,-0.000000,3.995257,-0.000000,-0.000000,-0.000249,1.000000,-0.000000,-0.000000,-0.000000,-0.000000,0.000000,0.000000,4512.848485,-0.000000,0.000000,-0.000000,2000.242194,2110.938338,2000.242194,2110.938338,2000.242194,2110.938338,2000.242194,2110.938338,0.008246,75
6.295339,1,-5.000000,-0.000000,3.995227,0.000000,0.000000,0.000000,0.000000,0.000000,0.000000,-0.000000,-5.000000,-0.000000,3.995256,-0.000000,-0.000000,-0.000246,1.000000,-0.000000,-0.000000,-0.000000,-0.000000,0.000000,0.000000,4512.846483,-0.000000,0.000000,-0.000000,2000.241764,2110.937879,2000.241764,2110.937879,2000.241764,2110.937879,2000.241764,2110.937879,0.008246,75
6.300327,1,-5.000000,-0.000000,3.995227,0.000000,0.000000,0.000000,0.000000,0.000000,0.000000,-0.000000,-5.000000,-0.000000,3.995254,-0.000000,-0.000000,-0.000243,1.000000,-0.000000,-0.000000,-0.000000,-0.000000,0.000000,0.000000,4512.844490,-0.000000,0.000000,-0.000000,2000.241336,2110.937423,2000.241336,2110.937423,2000.241336,2110.937423,2000.241336,2110.937423,0.008246,75
6.305323,1,-5.000000,-0.000000,3.995227,0.000000,0.000000,0.000000,0.000000,0.000000,0.000000,-0.000000,-5.000000,-0.000000,3.995253,-0.000000,-0.000000,-0.000240,1.000000,-0.000000,-0.000000,-0.000000,-0.000000,0.000000,0.000000,4512.842515,-0.000000,0.000000,-0.000000,2000.240912,2110.936970,2000.240912,2110.936970,2000.240912,2110.936970,2000.240912,2110.936970,0.008246,75
6.310342,1,-5.000000,-0.000000,3.995227,0.000000,0.000000,0.000000,0.000000,0.000000,0.000000,-0.000000,-5.000000,-0.000000,3.995252,-0.000000,-0.000000,-0.000237,1.000000,-0.000000,-0.000000,-0.000000,-0.000000,0.000000,0.000000,4512.840546,-0.000000,0.000000,-0.000000,2000.240490,2110.936519,2000.240490,2110.936519,2000.240490,2110.936519,2000.240490,2110.936519,0.008246,75
6.315328,1,-5.000000,-0.000000,3.995227,0.000000,0.000000,0.000000,0.000000,0.000000,0.000000,-0.000000,-5.000000,-0.000000,3.995251,-0.000000,-0.000000,-0.000235,1.000000,-0.000000,-0.000000,-0.000000,-0.000000,0.000000,0.000000,4512.838577,-0.000000,0.000000,-0.000000,2000.240067,2110.936068,2000.240067,2110.936068,2000.240067,2110.936068,2000.240067,2110.936068,0.008246,75
6.320312,1,-5.000000,-0.000000,3.995227,0.000000,0.000000,0.000000,0.000000,0.000000,0.000000,-0.000000,-5.000000,-0.000000,3.995250,-0.000000,-0.000000,-0.000232,1.000000,-0.000000,-0.000000,-0.000000,-0.000000,0.000000,0.000000,4512.836631,-0.000000,0.000000,-0.000000,2000.239649,2110.935622,2000.239649,2110.935622,2000.239649,2110.935622,2000.239649,2110.935622,0.008246,75
6.325320,1,-5.000000,-0.000000,3.995227,0.000000,0.000000,0.000000,0.000000,0.000000,0.000000,-0.000000,-5.000000,-0.000000,3.995249,-0.000000,-0.000000,-0.000229,1.000000,-0.000000,-0.000000,-0.000000,0.000000,0.000000,0.000000,4512.834694,-0.000000,0.000000,-0.000000,2000.239233,2110.935178,2000.239233,2110.935178,2000.239233,2110.935178,2000.239233,2110.935178,0.008246,75
6.330342,1,-5.000000,-0.000000,3.995227,0.000000,0.000000,0.000000,0.000000,0.000000,0.000000,-0.000000,-5.000000,-0.000000,3.995247,-0.000000,-0.000000,-0.000226,1.000000,-0.000000,-0.000000,-0.000000,0.000000,0.000000,0.000000,4512.832757,-0.000000,0.000000,-0.000000,2000.238818,2110.934735,2000.238818,2110.934735,2000.238818,2110.934735,2000.238818,2110.934735,0.008246,75
6.335355,1,-5.000000,-0.000000,3.995227,0.000000,0.000000,0.000000,0.000000,0.000000,0.000000,-0.000000,-5.000000,-0.000000,3.995246,-0.000000,-0.000000,-0.000223,1.000000,-0.000000,-0.000000,-0.000000,0.000000,0.000000,0.000000,4512.830824,-0.000000,0.000000,-0.000000,2000.238403,2110.934292,2000.238403,2110.934292,2000.238403,2110.934292,2000.238403,2110.934292,0.008246,75
6.340336,1,-5.000000,-0.000000,3.995227,0.000000,0.000000,0.000000,0.000000,0.000000,0.000000,-0.000000,-5.000000,-0.000000,3.995245,-0.000000,-0.000000,-0.000221,1.000000,-0.000000,-0.000000,-0.000000,0.000000,0.000000,0.000000,4512.828904,-0.000000,0.000000,-0.000000,2000.237990,2110.933852,2000.237990,2110.933852,2000.237990,2110.933852,2000.237990,2110.933852,0.008246,75
6.345240,1,-5.000000,-0.000000,3.995227,0.000000,0.000000,0.000000,0.000000,0.000000,0.000000,-0.000000,-5.000000,-0.000000,3.995244,-0.000000,-0.000000,-0.000218,1.000000,-0.000000,-0.000000,-0.000000,0.000000,0.000000,0.000000,4512.827005,-0.000000,0.000000,-0.000000,2000.237583,2110.933417,2000.237583,2110.933417,2000.237583,2110.933417,2000.237583,2110.933417,0.008246,75
6.350280,1,-5.000000,-0.000000,3.995227,0.000000,0.000000,0.000000,0.000000,0.000000,0.000000,-0.000000,-5.000000,-0.000000,3.995243,-0.000000,-0.000000,-0.000215,1.000000,-0.000000,-0.000000,-0.000000,0.000000,0.000000,0.000000,4512.825145,-0.000000,0.000000,-0.000000,2000.237183,2110.932991,2000.237183,2110.932991,2000.237183,2110.932991,2000.237183,2110.932991,0.008246,75
6.355224,1,-5.000000,-0.000000,3.995227,0.000000,0.000000,0.000000,0.000000,0.000000,0.000000,-0.000000,-5.000000,-0.000000,3.995242,-0.000000,-0.000000,-0.000213,1.000000,-0.000000,-0.000000,-0.000000,0.000000,0.000000,0.000000,4512.823242,-0.000000,0.000000,-0.000000,2000.236775,2110.932555,2000.236775,2110.932555,2000.236775,2110.932555,2000.236775,2110.932555,0.008246,75
6.360219,1,-5.000000,-0.000000,3.995227,0.000000,0.000000,0.000000,0.000000,0.000000,0.000000,-0.000000,-5.000000,-0.000000,3.995241,-0.000000,-0.000000,-0.000210,1.000000,-0.000000,-0.000000,-0.000000,0.000000,0.000000,0.000000,4512.821384,-0.000000,0.000000,-0.000000,2000.236376,2110.932129,2000.236376,2110.932129,2000.236376,2110.932129,2000.236376,2110.932129,0.008246,75
6.365335,1,-5.000000,-0.000000,3.995227,0.000000,0.000000,0.000000,0.000000,0.000000,0.000000,-0.000000,-5.000000,-0.000000,3.995240,-0.000000,-0.000000,-0.000207,1.000000,-0.000000,-0.000000,-0.000000,0.000000,0.000000,0.000000,4512.819517,-0.000000,0.000000,-0.000000,2000.235975,2110.931701,2000.235975,2110.931701,2000.235975,2110.931701,2000.235975,2110.931701,0.008246,75
6.370356,1,-5.000000,-0.000000,3.995227,0.000000,0.000000,0.000000,0.000000,0.000000,0.000000,-0.000000,-5.000000,-0.000000,3.995239,-0.000000,-0.000000,-0.000204,1.000000,-0.000000,-0.000000,-0.000000,0.000000,0.000000,0.000000,4512.817614,-0.000000,0.000000,-0.000000,2000.235567,2110.931265,2000.235567,2110.931265,2000.235567,2110.931265,2000.235567,2110.931265,0.008246,75
6.375340,1,-5.000000,-0.000000,3.995227,0.000000,0.000000,0.000000,0.000000,0.000000,0.000000,-0.000000,-5.000000,-0.000000,3.995238,-0.000000,-0.000000,-0.000202,1.000000,-0.000000,-0.000000,-0.000000,0.000000,0.000000,0.000000,4512.815756,-0.000000,0.000000,-0.000000,2000.235168,2110.930840,2000.235168,2110.930840,2000.235168,2110.930840,2000.235168,2110.930840,0.008246,75
6.380269,1,-5.000000,-0.000000,3.995227,0.000000,0.000000,0.000000,0.000000,0.000000,0.000000,-0.000000,-5.000000,-0.000000,3.995237,-0.000000,-0.000000,-0.000199,1.000000,-0.000000,-0.000000,-0.000000,0.000000,0.000000,0.000000,4512.813920,-0.000000,0.000000,-0.000000,2000.234774,2110.930419,2000.234774,2110.930419,2000.234774,2110.930419,2000.234774,2110.930419,0.008246,75
6.385227,1,-5.000000,-0.000000,3.995227,0.000000,0.000000,0.000000,0.000000,0.000000,0.000000,-0.000000,-5.000000,-0.000000,3.995236,-0.000000,-0.000000,-0.000197,1.000000,-0.000000,-0.000000,-0.000000,0.000000,0.000000,0.000000,4512.812114,-0.000000,0.000000,-0.000000,2000.234386,2110.930005,2000.234386,2110.930005,2000.234386,2110.930005,2000.234386,2110.930005,0.008246,75
6.390325,1,-5.000000,-0.000000,3.995227,0.000000,0.000000,0.000000,0.000000,0.000000,0.000000,-0.000000,-5.000000,-0.000000,3.995235,-0.000000,-0.000000,-0.000194,1.000000,-0.000000,-0.000000,-0.000000,0.000000,0.000000,0.000000,4512.810306,-0.000000,0.000000,-0.000000,2000.233998,2110.929591,2000.233998,2110.929591,2000.233998,2110.929591,2000.233998,2110.929591,0.008246,75
6.395336,1,-5.000000,-0.000000,3.995227,0.000000,0.000000,0.000000,0.000000,0.000000,0.000000,-0.000000,-5.000000,-0.000000,3.995234,-0.000000,-0.000000,-0.000192,1.000000,-0.000000,-0.000000,-0.000000,0.000000,0.000000,0.000000,4512.808457,-0.000000,0.000000,-0.000000,2000.233601,2110.929167,2000.233601,2110.929167,2000.233601,2110.929167,2000.233601,2110.929167,0.008246,75
6.400343,1,-5.000000,-0.000000,3.995227,0.000000,0.000000,0.000000,0.000000,0.000000,0.000000,-0.000000,-5.000000,-0.000000,3.995233,-0.000000,-0.000000,-0.000189,1.000000,-0.000000,-0.000000,-0.000000,0.000000,0.000000,0.000000,4512.806649,-0.000000,0.000000,-0.000000,2000.233213,2110.928753,2000.233213,2110.928753,2000.233213,2110.928753,2000.233213,2110.928753,0.008246,75
6.405328,1,-5.000000,-0.000000,3.995227,0.000000,0.000000,0.000000,0.000000,0.000000,0.000000,-0.000000,-5.000000,-0.000000,3.995232,-0.000000,-0.000000,-0.000187,1.000000,-0.000000,-0.000000,-0.000000,0.000000,0.000000,0.000000,4512.804851,-0.000000,0.000000,-0.000000,2000.232827,2110.928341,2000.232827,2110.928341,2000.232827,2110.928341,2000.232827,2110.928341,0.008246,75
6.410340,1,-5.000000,-0.000000,3.995227,0.000000,0.000000,0.000000,0.000000,0.000000,0.000000,-0.000000,-5.000000,-0.000000,3.995231,-0.000000,-0.000000,-0.000184,1.000000,-0.000000,-0.000000,-0.000000,0.000000,0.000000,0.000000,4512.803070,-0.000000,0.000000,-0.000000,2000.232445,2110.927933,2000.232445,2110.927933,2000.232445,2110.927933,2000.232445,2110.927933,0.008246,75
6.415223,1,-5.000000,-0.000000,3.995227,0.000000,0.000000,0.000000,0.000000,0.000000,0.000000,-0.000000,-5.000000,-0.000000,3.995230,-0.000000,-0.000000,-0.000182,1.000000,-0.000000,-0.000000,-0.000000,0.000000,0.000000,0.000000,4512.801289,-0.000000,0.000000,-0.000000,2000.232062,2110.927525,2000.232062,2110.927525,2000.232062,2110.927525,2000.232062,2110.927525,0.008246,75
6.420266,1,-5.000000,-0.000000,3.995227,0.000000,0.000000,0.000000,0.000000,0.000000,0.000000,-0.000000,-5.000000,-0.000000,3.995229,-0.000000,-0.000000,-0.000179,1.000000,-0.000000,-0.000000,0.000000,-0.000000,0.000000,0.000000,4512.799563,-0.000000,0.000000,-0.000000,2000.231692,2110.927130,2000.231692,2110.927130,2000.231692,2110.927130,2000.231692,2110.927130,0.008246,75
6.425318,1,-5.000000,-0.000000,3.995227,0.000000,0.000000,0.000000,0.000000,0.000000,0.000000,-0.000000,-5.000000,-0.000000,3.995228,-0.000000,-0.000000,-0.000177,1.000000,-0.000000,-0.000000,0.000000,-0.000000,0.000000,0.000000,4512.797789,-0.000000,0.000000,-0.000000,2000.231311,2110.926723,2000.231311,2110.926723,2000.231311,2110.926723,2000.231311,2110.926723,0.008246,75
6.430318,1,-5.000000,-0.000000,3.995227,0.000000,0.000000,0.000000,0.000000,0.000000,0.000000,-0.000000,-5.000000,-0.000000,3.995228,-0.000000,-0.000000,-0.000175,1.000000,-0.000000,-0.000000,0.000000,-0.000000,0.000000,0.000000,4512.796021,-0.000000,0.000000,-0.000000,2000.230931,2110.926318,2000.230931,2110.926318,2000.230931,2110.926318,2000.230931,2110.926318,0.008246,75
6.435325,1,-5.000000,-0.000000,3.995227,0.000000,0.000000,0.000000,0.000000,0.000000,0.000000,-0.000000,-5.000000,-0.000000,3.995227,-0.000000,-0.000000,-0.000172,1.000000,-0.000000,-0.000000,0.000000,-0.000000,0.000000,0.000000,4512.794281,-0.000000,0.000000,-0.000000,2000.230558,2110.925920,2000.230558,2110.925920,2000.230558,2110.925920,2000.230558,2110.925920,0.008246,75
6.440340,1,-5.000000,-0.000000,3.995227,0.000000,0.000000,0.000000,0.000000,0.000000,0.000000,-0.000000,-5.000000,-0.000000,3.995226,-0.000000,-0.000000,-0.000170,1.000000,-0.000000,-0.000000,0.000000,-0.000000,0.000000,0.000000,4512.792548,-0.000000,0.000000,-0.000000,2000.230186,2110.925523,2000.230186,2110.925523,2000.230186,2110.925523,2000.230186,2110.925523,0.008246,75
6.445335,1,-5.000000,-0.000000,3.995227,0.000000,0.000000,0.000000,0.000000,0.000000,0.000000,-0.000000,-5.000000,-0.000000,3.995225,-0.000000,-0.000000,-0.000167,1.000000,-0.000000,-0.000000,0.000000,-0.000000,0.000000,0.000000,4512.790821,-0.000000,0.000000,-0.000000,2000.229815,2110.925127,2000.229815,2110.925127,2000.229815,2110.925127,2000.229815,2110.925127,0.008246,75
6.450331,1,-5.000000,-0.000000,3.995227,0.000000,0.000000,0.000000,0.000000,0.000000,0.000000,-0.000000,-5.000000,-0.000000,3.995224,-0.000000,-0.000000,-0.000165,1.000000,-0.000000,-0.000000,0.000000,-0.000000,0.000000,0.000000,4512.789110,-0.000000,-0.000000,-0.000000,2000.229448,2110.924735,2000.229448,2110.924735,2000.229448,2110.924735,2000.229448,2110.924735,0.008246,75
6.455327,1,-5.000000,-0.000000,3.995227,0.000000,0.000000,0.000000,0.000000,0.000000,0.000000,-0.000000,-5.000000,-0.000000,3.995223,-0.000000,-0.000000,-0.000163,1.000000,-0.000000,-0.000000,0.000000,-0.000000,0.000000,0.000000,4512.787408,-0.000000,-0.000000,-0.000000,2000.229082,2110.924345,2000.229082,2110.924345,2000.229082,2110.924345,2000.229082,2110.924345,0.008246,75
6.460348,1,-5.000000,-0.000000,3.995227,0.000000,0.000000,0.000000,0.000000,0.000000,0.000000,-0.000000,-5.000000,-0.000000,3.995223,-0.000000,-0.000000,-0.000161,1.000000,-0.000000,-0.000000,0.000000,-0.000000,0.000000,0.000000,4512.785714,-0.000000,-0.000000,-0.000000,2000.228719,2110.923957,2000.228719,2110.923957,2000.228719,2110.923957,2000.228719,2110.923957,0.008246,75
6.465321,1,-5.000000,-0.000000,3.995227,0.000000,0.000000,0.000000,0.000000,0.000000,0.000000,-0.000000,-5.000000,-0.000000,3.995222,-0.000000,-0.000000,-0.000158,1.000000,-0.000000,-0.000000,0.000000,-0.000000,0.000000,0.000000,4512.784022,-0.000000,-0.000000,-0.000000,2000.228355,2110.923569,2000.228355,2110.923569,2000.228355,2110.923569,2000.228355,2110.923569,0.008246,75
6.470315,1,-5.000000,-0.000000,3.995227,0.000000,0.000000,0.000000,0.000000,0.000000,0.000000,-0.000000,-5.000000,-0.000000,3.995221,-0.000000,-0.000000,-0.000156,1.000000,-0.000000,-0.000000,0.000000,-0.000000,0.000000,0.000000,4512.782355,-0.000000,-0.000000,-0.000000,2000.227998,2110.923187,2000.227998,2110.923187,2000.227998,2110.923187,2000.227998,2110.923187,0.008246,75
6.475329,1,-5.000000,-0.000000,3.995227,0.000000,0.000000,0.000000,0.000000,0.000000,0.000000,-0.000000,-5.000000,-0.000000,3.995220,-0.000000,-0.000000,-0.000154,1.000000,-0.000000,-0.000000,0.000000,-0.000000,0.000000,0.000000,4512.780689,-0.000000,-0.000000,-0.000000,2000.227640,2110.922806,2000.227640,2110.922806,2000.227640,2110.922806,2000.227640,2110.922806,0.008246,75
6.480347,1,-5.000000,-0.000000,3.995227,0.000000,0.000000,0.000000,0.000000,0.000000,0.000000,-0.000000,-5.000000,-0.000000,3.995219,-0.000000,-0.000000,-0.000152,1.000000,-0.000000,-0.000000,0.000000,-0.000000,0.000000,0.000000,4512.779027,-0.000000,0.000000,-0.000000,2000.227283,2110.922425,2000.227283,2110.922425,2000.227283,2110.922425,2000.227283,2110.922425,0.008246,75
6.485328,1,-5.000000,-0.000000,3.995227,0.000000,0.000000,0.000000,0.000000,0.000000,0.000000,-0.000000,-5.000000,-0.000000,3.995219,-0.000000,-0.000000,-0.000150,1.000000,-0.000000,-0.000000,0.000000,-0.000000,0.000000,0.000000,4512.777371,-0.000000,0.000000,-0.000000,2000.226928,2110.922045,2000.226928,2110.922045,2000.226928,2110.922045,2000.226928,2110.922045,0.008246,75
6.490264,1,-5.000000,-0.000000,3.995227,0.000000,0.000000,0.000000,0.000000,0.000000,0.000000,-0.000000,-5.000000,-0.000000,3.995218,-0.000000,-0.000000,-0.000147,1.000000,-0.000000,-0.000000,0.000000,-0.000000,0.000000,-0.000000,4512.775738,-0.000000,0.000000,-0.000000,2000.226577,2110.921671,2000.226577,2110.921671,2000.226577,2110.921671,2000.226577,2110.921671,0.008246,75
6.495230,1,-5.000000,-0.000000,3.995227,0.000000,0.000000,0.000000,0.000000,0.000000,0.000000,-0.000000,-5.000000,-0.000000,3.995217,-0.000000,-0.000000,-0.000145,1.000000,-0.000000,-0.000000,0.000000,-0.000000,0.000000,0.000000,4512.774127,-0.000000,0.000000,-0.000000,2000.226231,2110.921302,2000.226231,2110.921302,2000.226231,2110.921302,2000.226231,2110.921302,0.008246,75
6.500257,1,-5.000000,-0.000000,3.995227,0.000000,0.000000,0.000000,0.000000,0.000000,0.000000,-0.000000,-5.000000,-0.000000,3.995217,-0.000000,-0.000000,-0.000143,1.000000,-0.000000,-0.000000,0.000000,-0.000000,0.000000,-0.000000,4512.772516,-0.000000,-0.000000,-0.000000,2000.225885,2110.920933,2000.225885,2110.920933,2000.225885,2110.920933,2000.225885,2110.920933,0.008246,75
6.505332,1,-5.000000,-0.000000,3.995227,0.000000,0.000000,0.000000,0.000000,0.000000,0.000000,-0.000000,-5.000000,-0.000000,3.995216,-0.000000,-0.000000,-0.000141,1.000000,-0.000000,-0.000000,0.000000,-0.000000,0.000000,-0.000000,4512.770894,-0.000000,-0.000000,-0.000000,2000.225537,2110.920562,2000.225537,2110.920562,2000.225537,2110.920562,2000.225537,2110.920562,0.008246,75
6.510332,1,-5.000000,-0.000000,3.995227,0.000000,0.000000,0.000000,0.000000,0.000000,0.000000,-0.000000,-5.000000,-0.000000,3.995215,-0.000000,-0.000000,-0.000139,1.000000,-0.000000,-0.000000,0.000000,-0.000000,0.000000,-0.000000,4512.769266,-0.000000,-0.000000,0.000000,2000.225188,2110.920189,2000.225188,2110.920189,2000.225188,2110.920189,2000.225188,2110.920189,0.008246,75
6.515326,1,-5.000000,-0.000000,3.995227,0.000000,0.000000,0.000000,0.000000,0.000000,0.000000,-0.000000,-5.000000,-0.000000,3.995214,-0.000000,-0.000000,-0.000137,1.000000,-0.000000,-0.000000,0.000000,-0.000000,0.000000,-0.000000,4512.767671,-0.000000,-0.000000,-0.000000,2000.224845,2110.919823,2000.224845,2110.919823,2000.224845,2110.919823,2000.224845,2110.919823,0.008246,75
6.520347,1,-5.000000,-0.000000,3.995227,0.000000,0.000000,0.000000,0.000000,0.000000,0.000000,-0.000000,-5.000000,-0.000000,3.995214,-0.000000,-0.000000,-0.000135,1.000000,-0.000000,0.000000,0.000000,-0.000000,0.000000,-0.000000,4512.766087,-0.000000,-0.000000,-0.000000,2000.224505,2110.919460,2000.224505,2110.919460,2000.224505,2110.919460,2000.224505,2110.919460,0.008246,75
6.525317,1,-5.000000,-0.000000,3.995227,0.000000,0.000000,0.000000,0.000000,0.000000,0.000000,-0.000000,-5.000000,-0.000000,3.995213,-0.000000,-0.000000,-0.000133,1.000000,-0.000000,0.000000,0.000000,-0.000000,0.000000,-0.000000,4512.764503,-0.000000,-0.000000,-0.000000,2000.224165,2110.919097,2000.224165,2110.919097,2000.224165,2110.919097,2000.224165,2110.919097,0.008246,75
6.530358,1,-5.000000,-0.000000,3.995227,0.000000,0.000000,0.000000,0.000000,0.000000,0.000000,-0.000000,-5.000000,-0.000000,3.995212,-0.000000,-0.000000,-0.000131,1.000000,-0.000000,0.000000,0.000000,-0.000000,0.000000,-0.000000,4512.762944,-0.000000,-0.000000,0.000000,2000.223831,2110.918740,2000.223831,2110.918740,2000.223831,2110.918740,2000.223831,2110.918740,0.008246,75
6.535345,1,-5.000000,-0.000000,3.995227,0.000000,0.000000,0.000000,0.000000,0.000000,0.000000,-0.000000,-5.000000,-0.000000,3.995212,-0.000000,-0.000000,-0.000129,1.000000,-0.000000,0.000000,0.000000,-0.000000,0.000000,-0.000000,4512.761372,-0.000000,-0.000000,0.000000,2000.223493,2110.918380,2000.223493,2110.918380,2000.223493,2110.918380,2000.223493,2110.918380,0.008246,75
6.540352,1,-5.000000,-0.000000,3.995227,0.000000,0.000000,0.000000,0.000000,0.000000,0.000000,-0.000000,-5.000000,-0.000000,3.995211,-0.000000,-0.000000,-0.000127,1.000000,-0.000000,0.000000,0.000000,-0.000000,0.000000,-0.000000,4512.759826,-0.000000,-0.000000,-0.000000,2000.223161,2110.918026,2000.223161,2110.918026,2000.223161,2110.918026,2000.223161,2110.918026,0.008246,75
6.545218,1,-5.000000,-0.000000,3.995227,0.000000,0.000000,0.000000,0.000000,0.000000,0.000000,-0.000000,-5.000000,-0.000000,3.995211,-0.000000,-0.000000,-0.000125,1.000000,-0.000000,0.000000,0.000000,-0.000000,0.000000,0.000000,4512.758282,-0.000000,-0.000000,-0.000000,2000.222830,2110.917672,2000.222830,2110.917672,2000.222830,2110.917672,2000.222830,2110.917672,0.008246,75
6.550221,1,-5.000000,-0.000000,3.995227,0.000000,0.000000,0.000000,0.000000,0.000000,0.000000,-0.000000,-5.000000,-0.000000,3.995210,-0.000000,-0.000000,-0.000123,1.000000,-0.000000,0.000000,0.000000,-0.000000,0.000000,-0.000000,4512.756790,-0.000000,-0.000000,-0.000000,2000.222509,2110.917330,2000.222509,2110.917330,2000.222509,2110.917330,2000.222509,2110.917330,0.008246,75
6.555330,1,-5.000000,-0.000000,3.995227,0.000000,0.000000,0.000000,0.000000,0.000000,0.000000,-0.000000,-5.000000,-0.000000,3.995209,-0.000000,-0.000000,-0.000121,1.000000,-0.000000,0.000000,0.000000,-0.000000,0.000000,0.000000,4512.755265,-0.000000,-0.000000,-0.000000,2000.222182,2110.916981,2000.222182,2110.916981,2000.222182,2110.916981,2000.222182,2110.916981,0.008246,75
6.560345,1,-5.000000,-0.000000,3.995227,0.000000,0.000000,0.000000,0.000000,0.000000,0.000000,-0.000000,-5.000000,-0.000000,3.995209,-0.000000,-0.000000,-0.000119,1.000000,-0.000000,0.000000,0.000000,-0.000000,0.000000,0.000000,4512.753717,-0.000000,-0.000000,-0.000000,2000.221850,2110.916626,2000.221850,2110.916626,2000.221850,2110.916626,2000.221850,2110.916626,0.008247,75
6.565326,1,-5.000000,-0.000000,3.995227,0.000000,0.000000,0.000000,0.000000,0.000000,0.000000,-0.000000,-5.000000,-0.000000,3.995208,-0.000000,-0.000000,-0.000117,1.000000,-0.000000,0.000000,0.000000,-0.000000,0.000000,-0.000000,4512.752206,-0.000000,-0.000000,-0.000000,2000.221525,2110.916280,2000.221525,2110.916280,2000.221525,2110.916280,2000.221525,2110.916280,0.008247,75
6.570331,1,-5.000000,-0.000000,3.995227,0.000000,0.000000,0.000000,0.000000,0.000000,0.000000,-0.000000,-5.000000,-0.000000,3.995208,-0.000000,-0.000000,-0.000115,1.000000,-0.000000,0.000000,0.000000,-0.000000,0.000000,-0.000000,4512.750714,-0.000000,-0.000000,-0.000000,2000.221205,2110.915938,2000.221205,2110.915938,2000.221205,2110.915938,2000.221205,2110.915938,0.008247,75
6.575326,1,-5.000000,-0.000000,3.995227,0.000000,0.000000,0.000000,0.000000,0.000000,0.000000,-0.000000,-5.000000,-0.000000,3.995207,-0.000000,-0.000000,-0.000113,1.000000,-0.000000,0.000000,0.000000,-0.000000,0.000000,-0.000000,4512.749223,-0.000000,-0.000000,-0.000000,2000.220885,2110.915597,2000.220885,2110.915597,2000.220885,2110.915597,2000.220885,2110.915597,0.008247,75
6.580334,1,-5.000000,-0.000000,3.995227,0.000000,0.000000,0.000000,0.000000,0.000000,0.000000,-0.000000,-5.000000,-0.000000,3.995206,-0.000000,-0.000000,-0.000111,1.000000,-0.000000,0.000000,0.000000,-0.000000,0.000000,-0.000000,4512.747745,-0.000000,-0.000000,-0.000000,2000.220568,2110.915258,2000.220568,2110.915258,2000.220568,2110.915258,2000.220568,2110.915258,0.008247,75
6.585327,1,-5.000000,-0.000000,3.995227,0.000000,0.000000,0.000000,0.000000,0.000000,0.000000,-0.000000,-5.000000,-0.000000,3.995206,-0.000000,-0.000000,-0.000110,1.000000,-0.000000,0.000000,0.000000,-0.000000,0.000000,0.000000,4512.746271,-0.000000,-0.000000,-0.000000,2000.220251,2110.914920,2000.220251,2110.914920,2000.220251,2110.914920,2000.220251,2110.914920,0.008247,75
6.590338,1,-5.000000,-0.000000,3.995227,0.000000,0.000000,0.000000,0.000000,0.000000,0.000000,-0.000000,-5.000000,-0.000000,3.995205,-0.000000,-0.000000,-0.000108,1.000000,-0.000000,0.000000,0.000000,-0.000000,0.000000,0.000000,4512.744811,-0.000000,-0.000000,-0.000000,2000.219938,2110.914586,2000.219938,2110.914586,2000.219938,2110.914586,2000.219938,2110.914586,0.008247,75
6.595369,1,-5.000000,-0.000000,3.995227,0.000000,0.000000,0.000000,0.000000,0.000000,0.000000,-0.000000,-5.000000,-0.000000,3.995205,-0.000000,-0.000000,-0.000106,1.000000,-0.000000,0.000000,0.000000,-0.000000,0.000000,-0.000000,4512.743354,-0.000000,-0.000000,-0.000000,2000.219625,2110.914252,2000.219625,2110.914252,2000.219625,2110.914252,2000.219625,2110.914252,0.008247,75
6.600229,1,-5.000000,-0.000000,3.995227,0.000000,0.000000,0.000000,0.000000,0.000000,0.000000,-0.000000,-5.000000,-0.000000,3.995204,-0.000000,-0.000000,-0.000104,1.000000,-0.000000,0.000000,0.000000,-0.000000,0.000000,0.000000,4512.741899,-0.000000,-0.000000,-0.000000,2000.219313,2110.913919,2000.219313,2110.913919,2000.219313,2110.913919,2000.219313,2110.913919,0.008247,75
6.605230,1,-5.000000,-0.000000,3.995227,0.000000,0.000000,0.000000,0.000000,0.000000,0.000000,-0.000000,-5.000000,-0.000000,3.995204,-0.000000,-0.000000,-0.000103,1.000000,-0.000000,0.000000,0.000000,-0.000000,0.000000,0.000000,4512.740503,-0.000000,-0.000000,-0.000000,2000.219013,2110.913599,2000.219013,2110.913599,2000.219013,2110.913599,2000.219013,2110.913599,0.008247,75
6.610347,1,-5.000000,-0.000000,3.995227,0.000000,0.000000,0.000000,0.000000,0.000000,0.000000,-0.000000,-5.000000,-0.000000,3.995203,-0.000000,-0.000000,-0.000101,1.000000,-0.000000,0.000000,0.000000,-0.000000,0.000000,0.000000,4512.739074,-0.000000,-0.000000,-0.000000,2000.218706,2110.913271,2000.218706,2110.913271,2000.218706,2110.913271,2000.218706,2110.913271,0.008247,75
6.615336,1,-5.000000,-0.000000,3.995227,0.000000,0.000000,0.000000,0.000000,0.000000,0.000000,-0.000000,-5.000000,-0.000000,3.995203,-0.000000,-0.000000,-0.000099,1.000000,-0.000000,0.000000,0.000000,-0.000000,0.000000,0.000000,4512.737621,-0.000000,-0.000000,-0.000000,2000.218394,2110.912939,2000.218394,2110.912939,2000.218394,2110.912939,2000.218394,2110.912939,0.008247,75
6.620325,1,-5.000000,-0.000000,3.995227,0.000000,0.000000,0.000000,0.000000,0.000000,0.000000,-0.000000,-5.000000,-0.000000,3.995202,-0.000000,-0.000000,-0.000097,1.000000,-0.000000,0.000000,0.000000,-0.000000,0.000000,0.000000,4512.736214,-0.000000,-0.000000,-0.000000,2000.218092,2110.912616,2000.218092,2110.912616,2000.218092,2110.912616,2000.218092,2110.912616,0.008247,75
6.625317,1,-5.000000,-0.000000,3.995227,0.000000,0.000000,0.000000,0.000000,0.000000,0.000000,-0.000000,-5.000000,-0.000000,3.995202,-0.000000,-0.000000,-0.000096,1.000000,-0.000000,0.000000,0.000000,-0.000000,0.000000,0.000000,4512.734814,-0.000000,-0.000000,-0.000000,2000.217792,2110.912295,2000.217792,2110.912295,2000.217792,2110.912295,2000.217792,2110.912295,0.008247,75
6.630334,1,-5.000000,-0.000000,3.995227,0.000000,0.000000,0.000000,0.000000,0.000000,0.000000,-0.000000,-5.000000,-0.000000,3.995201,-0.000000,-0.000000,-0.000094,1.000000,-0.000000,0.000000,0.000000,-0.000000,0.000000,0.000000,4512.733423,-0.000000,-0.000000,-0.000000,2000.217493,2110.911977,2000.217493,2110.911977,2000.217493,2110.911977,2000.217493,2110.911977,0.008247,75
6.635321,1,-5.000000,-0.000000,3.995227,0.000000,0.000000,0.000000,0.000000,0.000000,0.000000,-0.000000,-5.000000,-0.000000,3.995201,-0.000000,-0.000000,-0.000092,1.000000,-0.000000,0.000000,0.000000,-0.000000,0.000000,0.000000,4512.732033,-0.000000,-0.000000,-0.000000,2000.217195,2110.911658,2000.217195,2110.911658,2000.217195,2110.911658,2000.217195,2110.911658,0.008247,75
6.640326,1,-5.000000,-0.000000,3.995227,0.000000,0.000000,0.000000,0.000000,0.000000,0.000000,-0.000000,-5.000000,-0.000000,3.995200,-0.000000,-0.000000,-0.000091,1.000000,-0.000000,0.000000,0.000000,-0.000000,0.000000,0.000000,4512.730660,-0.000000,-0.000000,-0.000000,2000.216900,2110.911344,2000.216900,2110.911344,2000.216900,2110.911344,2000.216900,2110.911344,0.008247,75
6.645333,1,-5.000000,-0.000000,3.995227,0.000000,0.000000,0.000000,0.000000,0.000000,0.000000,-0.000000,-5.000000,-0.000000,3.995200,-0.000000,-0.000000,-0.000089,1.000000,-0.000000,0.000000,0.000000,-0.000000,0.000000,0.000000,4512.729290,-0.000000,-0.000000,-0.000000,2000.216606,2110.911030,2000.216606,2110.911030,2000.216606,2110.911030,2000.216606,2110.911030,0.008247,75
6.650339,1,-5.000000,-0.000000,3.995227,0.000000,0.000000,0.000000,0.000000,0.000000,0.000000,-0.000000,-5.000000,-0.000000,3.995200,-0.000000,-0.000000,-0.000087,1.000000,-0.000000,0.000000,0.000000,-0.000000,0.000000,0.000000,4512.727928,-0.000000,-0.000000,-0.000000,2000.216313,2110.910718,2000.216313,2110.910718,2000.216313,2110.910718,2000.216313,2110.910718,0.008247,75
6.655340,1,-5.000000,-0.000000,3.995227,0.000000,0.000000,0.000000,0.000000,0.000000,0.000000,-0.000000,-5.000000,-0.000000,3.995199,-0.000000,-0.000000,-0.000086,1.000000,-0.000000,0.000000,0.000000,-0.000000,0.000000,0.000000,4512.726575,-0.000000,-0.000000,-0.000000,2000.216023,2110.910408,2000.216023,2110.910408,2000.216023,2110.910408,2000.216023,2110.910408,0.008247,75
6.660349,1,-5.000000,-0.000000,3.995227,0.000000,0.000000,0.000000,0.000000,0.000000,0.000000,-0.000000,-5.000000,-0.000000,3.995199,-0.000000,-0.000000,-0.000084,1.000000,-0.000000,0.000000,0.000000,-0.000000,0.000000,0.000000,4512.725232,-0.000000,-0.000000,-0.000000,2000.215735,2110.910100,2000.215735,2110.910100,2000.215735,2110.910100,2000.215735,2110.910100,0.008247,75
6.665344,1,-5.000000,-0.000000,3.995227,0.000000,0.000000,0.000000,0.000000,0.000000,0.000000,-0.000000,-5.000000,-0.000000,3.995198,-0.000000,-0.000000,-0.000083,1.000000,-0.000000,0.000000,0.000000,-0.000000,0.000000,0.000000,4512.723895,0.000000,-0.000000,-0.000000,2000.215448,2110.909794,2000.215448,2110.909794,2000.215448,2110.909794,2000.215448,2110.909794,0.008247,75
6.670333,1,-5.000000,-0.000000,3.995227,0.000000,0.000000,0.000000,0.000000,0.000000,0.000000,-0.000000,-5.000000,-0.000000,3.995198,-0.000000,-0.000000,-0.000081,1.000000,-0.000000,0.000000,0.000000,-0.000000,0.000000,0.000000,4512.722570,-0.000000,-0.000000,-0.000000,2000.215163,2110.909490,2000.215163,2110.909490,2000.215163,2110.909490,2000.215163,2110.909490,0.008247,75
6.675324,1,-5.000000,-0.000000,3.995227,0.000000,0.000000,0.000000,0.000000,0.000000,0.000000,-0.000000,-5.000000,-0.000000,3.995198,-0.000000,-0.000000,-0.000079,1.000000,-0.000000,0.000000,0.000000,-0.000000,0.000000,0.000000,4512.721255,0.000000,-0.000000,-0.000000,2000.214881,2110.909189,2000.214881,2110.909189,2000.214881,2110.909189,2000.214881,2110.909189,0.008247,75
6.680339,1,-5.000000,-0.000000,3.995227,0.000000,0.000000,0.000000,0.000000,0.000000,0.000000,-0.000000,-5.000000,-0.000000,3.995197,-0.000000,-0.000000,-0.000078,1.000000,-0.000000,0.000000,0.000000,-0.000000,0.000000,0.000000,4512.719947,0.000000,-0.000000,-0.000000,2000.214600,2110.908889,2000.214600,2110.908889,2000.214600,2110.908889,2000.214600,2110.908889,0.008247,75
6.685341,1,-5.000000,-0.000000,3.995227,0.000000,0.000000,0.000000,0.000000,0.000000,0.000000,-0.000000,-5.000000,-0.000000,3.995197,-0.000000,-0.000000,-0.000076,1.000000,-0.000000,0.000000,0.000000,-0.000000,0.000000,0.000000,4512.718642,0.000000,-0.000000,-0.000000,2000.214320,2110.908590,2000.214320,2110.908590,2000.214320,2110.908590,2000.214320,2110.908590,0.008247,75
6.690323,1,-5.000000,-0.000000,3.995227,0.000000,0.000000,0.000000,0.000000,0.000000,0.000000,-0.000000,-5.000000,-0.000000,3.995196,-0.000000,-0.000000,-0.000075,1.000000,-0.000000,0.000000,0.000000,-0.000000,0.000000,0.000000,4512.717348,0.000000,-0.000000,-0.000000,2000.214042,2110.908294,2000.214042,2110.908294,2000.214042,2110.908294,2000.214042,2110.908294,0.008247,75
6.695339,1,-5.000000,-0.000000,3.995227,0.000000,0.000000,0.000000,0.000000,0.000000,0.000000,-0.000000,-5.000000,-0.000000,3.995196,-0.000000,-0.000000,-0.000073,1.000000,-0.000000,0.000000,0.000000,-0.000000,0.000000,0.000000,4512.716068,-0.000000,-0.000000,-0.000000,2000.213767,2110.908000,2000.213767,2110.908000,2000.213767,2110.908000,2000.213767,2110.908000,0.008247,75
6.700326,1,-5.000000,-0.000000,3.995227,0.000000,0.000000,0.000000,0.000000,0.000000,0.000000,-0.000000,-5.000000,-0.000000,3.995196,-0.000000,-0.000000,-0.000072,1.000000,-0.000000,0.000000,0.000000,-0.000000,0.000000,0.000000,4512.714787,-0.000000,-0.000000,-0.000000,2000.213492,2110.907707,2000.213492,2110.907707,2000.213492,2110.907707,2000.213492,2110.907707,0.008247,75
6.705224,1,-5.000000,-0.000000,3.995227,0.000000,0.000000,0.000000,0.000000,0.000000,0.000000,-0.000000,-5.000000,-0.000000,3.995195,-0.000000,-0.000000,-0.000070,1.000000,-0.000000,0.000000,0.000000,-0.000000,0.000000,0.000000,4512.713521,-0.000000,-0.000000,-0.000000,2000.213221,2110.907417,2000.213221,2110.907417,2000.213221,2110.907417,2000.213221,2110.907417,0.008247,75
6.710222,1,-5.000000,-0.000000,3.995227,0.000000,0.000000,0.000000,0.000000,0.000000,0.000000,-0.000000,-5.000000,-0.000000,3.995195,-0.000000,-0.000000,-0.000069,1.000000,-0.000000,0.000000,0.000000,-0.000000,0.000000,0.000000,4512.712286,-0.000000,-0.000000,-0.000000,2000.212956,2110.907134,2000.212956,2110.907134,2000.212956,2110.907134,2000.212956,2110.907134,0.008247,75
6.715351,1,-5.000000,-0.000000,3.995227,0.000000,0.000000,0.000000,0.000000,0.000000,0.000000,-0.000000,-5.000000,-0.000000,3.995195,-0.000000,-0.000000,-0.000067,1.000000,-0.000000,0.000000,0.000000,-0.000000,0.000000,0.000000,4512.711035,-0.000000,-0.000000,-0.000000,2000.212687,2110.906847,2000.212687,2110.906847,2000.212687,2110.906847,2000.212687,2110.906847,0.008247,75
6.720324,1,-5.000000,-0.000000,3.995227,0.000000,0.000000,0.000000,0.000000,0.000000,0.000000,-0.000000,-5.000000,-0.000000,3.995194,-0.000000,-0.000000,-0.000066,1.000000,-0.000000,0.000000,0.000000,-0.000000,0.000000,0.000000,4512.709758,-0.000000,-0.000000,-0.000000,2000.212413,2110.906555,2000.212413,2110.906555,2000.212413,2110.906555,2000.212413,2110.906555,0.008247,75
6.725321,1,-5.000000,-0.000000,3.995227,0.000000,0.000000,0.000000,0.000000,0.000000,0.000000,-0.000000,-5.000000,-0.000000,3.995194,-0.000000,-0.000000,-0.000065,1.000000,-0.000000,0.000000,0.000000,-0.000000,0.000000,0.000000,4512.708529,0.000000,-0.000000,-0.000000,2000.212149,2110.906273,2000.212149,2110.906273,2000.212149,2110.906273,2000.212149,2110.906273,0.008247,75
6.730335,1,-5.000000,-0.000000,3.995227,0.000000,0.000000,0.000000,0.000000,0.000000,0.000000,-0.000000,-5.000000,-0.000000,3.995194,-0.000000,-0.000000,-0.000063,1.000000,-0.000000,0.000000,0.000000,-0.000000,0.000000,0.000000,4512.707301,0.000000,-0.000000,-0.000000,2000.211885,2110.905992,2000.211885,2110.905992,2000.211885,2110.905992,2000.211885,2110.905992,0.008247,75
6.735326,1,-5.000000,-0.000000,3.995227,0.000000,0.000000,0.000000,0.000000,0.000000,0.000000,-0.000000,-5.000000,-0.000000,3.995193,-0.000000,-0.000000,-0.000062,1.000000,-0.000000,0.000000,0.000000,-0.000000,0.000000,0.000000,4512.706078,0.000000,-0.000000,-0.000000,2000.211623,2110.905712,2000.211623,2110.905712,2000.211623,2110.905712,2000.211623,2110.905712,0.008247,75
6.740326,1,-5.000000,-0.000000,3.995227,0.000000,0.000000,0.000000,0.000000,0.000000,0.000000,-0.000000,-5.000000,-0.000000,3.995193,-0.000000,-0.000000,-0.000061,1.000000,-0.000000,0.000000,0.000000,-0.000000,0.000000,0.000000,4512.704868,0.000000,-0.000000,-0.000000,2000.211363,2110.905434,2000.211363,2110.905434,2000.211363,2110.905434,2000.211363,2110.905434,0.008247,75
6.745372,1,-5.000000,-0.000000,3.995227,0.000000,0.000000,0.000000,0.000000,0.000000,0.000000,-0.000000,-5.000000,-0.000000,3.995193,-0.000000,-0.000000,-0.000059,1.000000,-0.000000,0.000000,0.000000,-0.000000,0.000000,0.000000,4512.703664,0.000000,-0.000000,-0.000000,2000.211104,2110.905158,2000.211104,2110.905158,2000.211104,2110.905158,2000.211104,2110.905158,0.008247,75
6.750361,1,-5.000000,-0.000000,3.995227,0.000000,0.000000,0.000000,0.000000,0.000000,0.000000,-0.000000,-5.000000,-0.000000,3.995192,-0.000000,-0.000000,-0.000058,1.000000,-0.000000,0.000000,0.000000,-0.000000,0.000000,0.000000,4512.702456,0.000000,-0.000000,-0.000000,2000.210845,2110.904882,2000.210845,2110.904882,2000.210845,2110.904882,2000.210845,2110.904882,0.008247,75
6.755341,1,-5.000000,-0.000000,3.995227,0.000000,0.000000,0.000000,0.000000,0.000000,0.000000,-0.000000,-5.000000,-0.000000,3.995192,-0.000000,-0.000000,-0.000057,1.000000,-0.000000,0.000000,0.000000,-0.000000,0.000000,0.000000,4512.701271,-0.000000,-0.000000,-0.000000,2000.210591,2110.904610,2000.210591,2110.904610,2000.210591,2110.904610,2000.210591,2110.904610,0.008247,75
6.760340,1,-5.000000,-0.000000,3.995227,0.000000,0.000000,0.000000,0.000000,0.000000,0.000000,-0.000000,-5.000000,-0.000000,3.995192,-0.000000,0.000000,-0.000055,1.000000,-0.000000,0.000000,0.000000,-0.000000,0.000000,0.000000,4512.700095,-0.000000,-0.000000,-0.000000,2000.210338,2110.904341,2000.210338,2110.904341,2000.210338,2110.904341,2000.210338,2110.904341,0.008247,75
6.765341,1,-5.000000,-0.000000,3.995227,0.000000,0.000000,0.000000,0.000000,0.000000,0.000000,-0.000000,-5.000000,-0.000000,3.995192,-0.000000,0.000000,-0.000054,1.000000,-0.000000,0.000000,0.000000,-0.000000,0.000000,0.000000,4512.698923,-0.000000,-0.000000,-0.000000,2000.210087,2110.904072,2000.210087,2110.904072,2000.210087,2110.904072,2000.210087,2110.904072,0.008247,75
6.770332,1,-5.000000,-0.000000,3.995227,0.000000,0.000000,0.000000,0.000000,0.000000,0.000000,-0.000000,-5.000000,-0.000000,3.995191,-0.000000,0.000000,-0.000053,1.000000,-0.000000,0.000000,0.000000,0.000000,0.000000,0.000000,4512.697758,-0.000000,-0.000000,-0.000000,2000.209836,2110.903805,2000.209836,2110.903805,2000.209836,2110.903805,2000.209836,2110.903805,0.008247,75
6.775322,1,-5.000000,-0.000000,3.995227,0.000000,0.000000,0.000000,0.000000,0.000000,0.000000,-0.000000,-5.000000,-0.000000,3.995191,-0.000000,0.000000,-0.000051,1.000000,-0.000000,0.000000,0.000000,0.000000,0.000000,0.000000,4512.696603,-0.000000,-0.000000,-0.000000,2000.209589,2110.903541,2000.209589,2110.903541,2000.209589,2110.903541,2000.209589,2110.903541,0.008247,75
6.780329,1,-5.000000,-0.000000,3.995227,0.000000,0.000000,0.000000,0.000000,0.000000,0.000000,-0.000000,-5.000000,-0.000000,3.995191,-0.000000,0.000000,-0.000050,1.000000,-0.000000,0.000000,0.000000,-0.000000,0.000000,0.000000,4512.695456,-0.000000,-0.000000,-0.000000,2000.209342,2110.903278,2000.209342,2110.903278,2000.209342,2110.903278,2000.209342,2110.903278,0.008247,75
6.785333,1,-5.000000,-0.000000,3.995227,0.000000,0.000000,0.000000,0.000000,0.000000,0.000000,-0.000000,-5.000000,-0.000000,3.995191,-0.000000,0.000000,-0.000049,1.000000,-0.000000,0.000000,0.000000,0.000000,0.000000,0.000000,4512.694313,-0.000000,-0.000000,-0.000000,2000.209097,2110.903016,2000.209097,2110.903016,2000.209097,2110.903016,2000.209097,2110.903016,0.008247,75
6.790316,1,-5.000000,-0.000000,3.995227,0.000000,0.000000,0.000000,0.000000,0.000000,0.000000,-0.000000,-5.000000,-0.000000,3.995190,-0.000000,0.000000,-0.000048,1.000000,-0.000000,0.000000,0.000000,-0.000000,0.000000,0.000000,4512.693178,-0.000000,-0.000000,-0.000000,2000.208853,2110.902756,2000.208853,2110.902756,2000.208853,2110.902756,2000.208853,2110.902756,0.008247,75
6.795322,1,-5.000000,-0.000000,3.995227,0.000000,0.000000,0.000000,0.000000,0.000000,0.000000,-0.000000,-5.000000,-0.000000,3.995190,-0.000000,0.000000,-0.000046,1.000000,-0.000000,0.000000,0.000000,-0.000000,0.000000,-0.000000,4512.692056,-0.000000,-0.000000,-0.000000,2000.208612,2110.902499,2000.208612,2110.902499,2000.208612,2110.902499,2000.208612,2110.902499,0.008247,75
6.800319,1,-5.000000,-0.000000,3.995227,0.000000,0.000000,0.000000,0.000000,0.000000,0.000000,-0.000000,-5.000000,-0.000000,3.995190,-0.000000,0.000000,-0.000045,1.000000,-0.000000,0.000000,0.000000,-0.000000,0.000000,-0.000000,4512.690936,-0.000000,-0.000000,-0.000000,2000.208372,2110.902243,2000.208372,2110.902243,2000.208372,2110.902243,2000.208372,2110.902243,0.008247,75
6.805335,1,-5.000000,-0.000000,3.995227,0.000000,0.000000,0.000000,0.000000,0.000000,0.000000,-0.000000,-5.000000,-0.000000,3.995190,-0.000000,0.000000,-0.000044,1.000000,-0.000000,0.000000,0.000000,-0.000000,0.000000,-0.000000,4512.689826,-0.000000,-0.000000,-0.000000,2000.208134,2110.901988,2000.208134,2110.901988,2000.208134,2110.901988,2000.208134,2110.901988,0.008247,75
6.810340,1,-5.000000,-0.000000,3.995227,0.000000,0.000000,0.000000,0.000000,0.000000,0.000000,-0.000000,-5.000000,-0.000000,3.995189,-0.000000,0.000000,-0.000043,1.000000,-0.000000,0.000000,0.000000,-0.000000,0.000000,-0.000000,4512.688720,-0.000000,-0.000000,-0.000000,2000.207896,2110.901735,2000.207896,2110.901735,2000.207896,2110.901735,2000.207896,2110.901735,0.008247,75
6.815333,1,-5.000000,-0.000000,3.995227,0.000000,0.000000,0.000000,0.000000,0.000000,0.000000,-0.000000,-5.000000,-0.000000,3.995189,-0.000000,0.000000,-0.000042,1.000000,-0.000000,0.000000,0.000000,-0.000000,0.000000,-0.000000,4512.687623,-0.000000,-0.000000,-0.000000,2000.207661,2110.901483,2000.207661,2110.901483,2000.207661,2110.901483,2000.207661,2110.901483,0.008247,75
6.820328,1,-5.000000,-0.000000,3.995227,0.000000,0.000000,0.000000,0.000000,0.000000,0.000000,-0.000000,-5.000000,-0.000000,3.995189,-0.000000,0.000000,-0.000040,1.000000,-0.000000,0.000000,0.000000,-0.000000,0.000000,-0.000000,4512.686537,-0.000000,-0.000000,0.000000,2000.207428,2110.901235,2000.207428,2110.901235,2000.207428,2110.901235,2000.207428,2110.901235,0.008247,75
6.825323,1,-5.000000,-0.000000,3.995227,0.000000,0.000000,0.000000,0.000000,0.000000,0.000000,-0.000000,-5.000000,-0.000000,3.995189,-0.000000,0.000000,-0.000039,1.000000,-0.000000,0.000000,0.000000,-0.000000,0.000000,-0.000000,4512.685457,-0.000000,-0.000000,0.000000,2000.207196,2110.900987,2000.207196,2110.900987,2000.207196,2110.900987,2000.207196,2110.900987,0.008247,75
6.830335,1,-5.000000,-0.000000,3.995227,0.000000,0.000000,0.000000,0.000000,0.000000,0.000000,-0.000000,-5.000000,-0.000000,3.995189,-0.000000,0.000000,-0.000038,1.000000,-0.000000,0.000000,0.000000,0.000000,0.000000,-0.000000,4512.684385,-0.000000,-0.000000,0.000000,2000.206966,2110.900742,2000.206966,2110.900742,2000.206966,2110.900742,2000.206966,2110.900742,0.008247,75
6.835359,1,-5.000000,-0.000000,3.995227,0.000000,0.000000,0.000000,0.000000,0.000000,0.000000,-0.000000,-5.000000,-0.000000,3.995188,-0.000000,0.000000,-0.000037,1.000000,-0.000000,0.000000,0.000000,-0.000000,0.000000,-0.000000,4512.683317,-0.000000,-0.000000,0.000000,2000.206736,2110.900497,2000.206736,2110.900497,2000.206736,2110.900497,2000.206736,2110.900497,0.008247,75
6.840344,1,-5.000000,-0.000000,3.995227,0.000000,0.000000,0.000000,0.000000,0.000000,0.000000,-0.000000,-5.000000,-0.000000,3.995188,-0.000000,0.000000,-0.000036,1.000000,-0.000000,0.000000,0.000000,0.000000,0.000000,-0.000000,4512.682254,-0.000000,-0.000000,0.000000,2000.206508,2110.900253,2000.206508,2110.900253,2000.206508,2110.900253,2000.206508,2110.900253,0.008247,75
6.845397,1,-5.000000,-0.000000,3.995227,0.000000,0.000000,0.000000,0.000000,0.000000,0.000000,-0.000000,-5.000000,-0.000000,3.995188,-0.000000,0.000000,-0.000035,1.000000,-0.000000,0.000000,0.000000,0.000000,0.000000,-0.000000,4512.681207,-0.000000,-0.000000,0.000000,2000.206283,2110.900013,2000.206283,2110.900013,2000.206283,2110.900013,2000.206283,2110.900013,0.008247,75
6.850232,1,-5.000000,-0.000000,3.995227,0.000000,0.000000,0.000000,0.000000,0.000000,0.000000,-0.000000,-5.000000,-0.000000,3.995188,-0.000000,0.000000,-0.000034,1.000000,-0.000000,0.000000,0.000000,0.000000,0.000000,-0.000000,4512.680153,-0.000000,-0.000000,0.000000,2000.206057,2110.899772,2000.206057,2110.899772,2000.206057,2110.899772,2000.206057,2110.899772,0.008247,75
6.855264,1,-5.000000,-0.000000,3.995227,0.000000,0.000000,0.000000,0.000000,0.000000,0.000000,-0.000000,-5.000000,-0.000000,3.995188,-0.000000,0.000000,-0.000033,1.000000,-0.000000,0.000000,0.000000,0.000000,0.000000,-0.000000,4512.679151,-0.000000,-0.000000,0.000000,2000.205842,2110.899542,2000.205842,2110.899542,2000.205842,2110.899542,2000.205842,2110.899542,0.008247,75
6.860262,1,-5.000000,-0.000000,3.995227,0.000000,0.000000,0.000000,0.000000,0.000000,0.000000,-0.000000,-5.000000,-0.000000,3.995188,-0.000000,0.000000,-0.000032,1.000000,-0.000000,0.000000,0.000000,0.000000,0.000000,-0.000000,4512.678115,-0.000000,-0.000000,0.000000,2000.205620,2110.899305,2000.205620,2110.899305,2000.205620,2110.899305,2000.205620,2110.899305,0.008247,75
6.865322,1,-5.000000,-0.000000,3.995227,0.000000,0.000000,0.000000,0.000000,0.000000,0.000000,-0.000000,-5.000000,-0.000000,3.995187,-0.000000,0.000000,-0.000031,1.000000,-0.000000,0.000000,0.000000,0.000000,0.000000,-0.000000,4512.677094,-0.000000,-0.000000,0.000000,2000.205401,2110.899071,2000.205401,2110.899071,2000.205401,2110.899071,2000.205401,2110.899071,0.008247,75
6.870331,1,-5.000000,-0.000000,3.995227,0.000000,0.000000,0.000000,0.000000,0.000000,0.000000,-0.000000,-5.000000,-0.000000,3.995187,-0.000000,0.000000,-0.000029,1.000000,-0.000000,0.000000,0.000000,0.000000,0.000000,-0.000000,4512.676068,-0.000000,-0.000000,0.000000,2000.205180,2110.898836,2000.205180,2110.898836,2000.205180,2110.898836,2000.205180,2110.898836,0.008247,75
6.875318,1,-5.000000,-0.000000,3.995227,0.000000,0.000000,0.000000,0.000000,0.000000,0.000000,-0.000000,-5.000000,-0.000000,3.995187,-0.000000,0.000000,-0.000028,1.000000,-0.000000,0.000000,0.000000,-0.000000,0.000000,-0.000000,4512.675060,-0.000000,-0.000000,0.000000,2000.204964,2110.898605,2000.204964,2110.898605,2000.204964,2110.898605,2000.204964,2110.898605,0.008247,75
6.880322,1,-5.000000,-0.000000,3.995227,0.000000,0.000000,0.000000,0.000000,0.000000,0.000000,-0.000000,-5.000000,-0.000000,3.995187,-0.000000,0.000000,-0.000027,1.000000,-0.000000,0.000000,0.000000,-0.000000,0.000000,-0.000000,4512.674062,-0.000000,-0.000000,0.000000,2000.204750,2110.898377,2000.204750,2110.898377,2000.204750,2110.898377,2000.204750,2110.898377,0.008247,75
6.885317,1,-5.000000,-0.000000,3.995227,0.000000,0.000000,0.000000,0.000000,0.000000,0.000000,-0.000000,-5.000000,-0.000000,3.995187,-0.000000,0.000000,-0.000026,1.000000,-0.000000,0.000000,0.000000,0.000000,0.000000,-0.000000,4512.673069,-0.000000,-0.000000,0.000000,2000.204536,2110.898149,2000.204536,2110.898149,2000.204536,2110.898149,2000.204536,2110.898149,0.008247,75
6.890324,1,-5.000000,-0.000000,3.995227,0.000000,0.000000,0.000000,0.000000,0.000000,0.000000,-0.000000,-5.000000,-0.000000,3.995187,-0.000000,0.000000,-0.000025,1.000000,-0.000000,0.000000,0.000000,0.000000,0.000000,-0.000000,4512.672085,-0.000000,-0.000000,0.000000,2000.204325,2110.897924,2000.204325,2110.897924,2000.204325,2110.897924,2000.204325,2110.897924,0.008247,75
6.895338,1,-5.000000,-0.000000,3.995227,0.000000,0.000000,0.000000,0.000000,0.000000,0.000000,-0.000000,-5.000000,-0.000000,3.995187,-0.000000,0.000000,-0.000024,1.000000,-0.000000,0.000000,0.000000,0.000000,0.000000,-0.000000,4512.671105,-0.000000,-0.000000,0.000000,2000.204115,2110.897699,2000.204115,2110.897699,2000.204115,2110.897699,2000.204115,2110.897699,0.008247,75
6.900316,1,-5.000000,-0.000000,3.995227,0.000000,0.000000,0.000000,0.000000,0.000000,0.000000,-0.000000,-5.000000,-0.000000,3.995187,-0.000000,0.000000,-0.000023,1.000000,-0.000000,0.000000,0.000000,0.000000,0.000000,-0.000000,4512.670131,-0.000000,-0.000000,0.000000,2000.203906,2110.897476,2000.203906,2110.897476,2000.203906,2110.897476,2000.203906,2110.897476,0.008247,75
6.905322,1,-5.000000,-0.000000,3.995227,0.000000,0.000000,0.000000,0.000000,0.000000,0.000000,-0.000000,-5.000000,-0.000000,3.995186,-0.000000,0.000000,-0.000022,1.000000,-0.000000,0.000000,0.000000,0.000000,0.000000,-0.000000,4512.669172,-0.000000,-0.000000,0.000000,2000.203700,2110.897256,2000.203700,2110.897256,2000.203700,2110.897256,2000.203700,2110.897256,0.008247,75
6.910348,1,-5.000000,-0.000000,3.995227,0.000000,0.000000,0.000000,0.000000,0.000000,0.000000,-0.000000,-5.000000,-0.000000,3.995186,-0.000000,0.000000,-0.000022,1.000000,-0.000000,0.000000,0.000000,0.000000,0.000000,-0.000000,4512.668213,-0.000000,-0.000000,0.000000,2000.203494,2110.897037,2000.203494,2110.897037,2000.203494,2110.897037,2000.203494,2110.897037,0.008247,75
6.915320,1,-5.000000,-0.000000,3.995227,0.000000,0.000000,0.000000,0.000000,0.000000,0.000000,-0.000000,-5.000000,-0.000000,3.995186,-0.000000,0.000000,-0.000021,1.000000,-0.000000,0.000000,0.000000,0.000000,0.000000,-0.000000,4512.667258,-0.000000,-0.000000,0.000000,2000.203289,2110.896818,2000.203289,2110.896818,2000.203289,2110.896818,2000.203289,2110.896818,0.008247,75
6.920325,1,-5.000000,-0.000000,3.995227,0.000000,0.000000,0.000000,0.000000,0.000000,0.000000,-0.000000,-5.000000,-0.000000,3.995186,-0.000000,0.000000,-0.000020,1.000000,-0.000000,0.000000,0.000000,0.000000,0.000000,-0.000000,4512.666320,-0.000000,-0.000000,0.000000,2000.203088,2110.896603,2000.203088,2110.896603,2000.203088,2110.896603,2000.203088,2110.896603,0.008247,75
6.925322,1,-5.000000,-0.000000,3.995227,0.000000,0.000000,0.000000,0.000000,0.000000,0.000000,-0.000000,-5.000000,-0.000000,3.995186,-0.000000,0.000000,-0.000019,1.000000,-0.000000,0.000000,0.000000,0.000000,0.000000,-0.000000,4512.665383,-0.000000,-0.000000,0.000000,2000.202886,2110.896388,2000.202886,2110.896388,2000.202886,2110.896388,2000.202886,2110.896388,0.008247,75
6.930340,1,-5.000000,-0.000000,3.995227,0.000000,0.000000,0.000000,0.000000,0.000000,0.000000,-0.000000,-5.000000,-0.000000,3.995186,-0.000000,0.000000,-0.000018,1.000000,-0.000000,0.000000,0.000000,0.000000,0.000000,-0.000000,4512.664455,-0.000000,-0.000000,0.000000,2000.202687,2110.896175,2000.202687,2110.896175,2000.202687,2110.896175,2000.202687,2110.896175,0.008247,75
6.935343,1,-5.000000,-0.000000,3.995227,0.000000,0.000000,0.000000,0.000000,0.000000,0.000000,-0.000000,-5.000000,-0.000000,3.995186,-0.000000,0.000000,-0.000017,1.000000,-0.000000,0.000000,0.000000,0.000000,0.000000,-0.000000,4512.663529,-0.000000,-0.000000,0.000000,2000.202488,2110.895963,2000.202488,2110.895963,2000.202488,2110.895963,2000.202488,2110.895963,0.008247,75
6.940318,1,-5.000000,-0.000000,3.995227,0.000000,0.000000,0.000000,0.000000,0.000000,0.000000,-0.000000,-5.000000,-0.000000,3.995186,-0.000000,0.000000,-0.000016,1.000000,-0.000000,0.000000,0.000000,0.000000,-0.000000,-0.000000,4512.662613,-0.000000,-0.000000,0.000000,2000.202292,2110.895753,2000.202292,2110.895753,2000.202292,2110.895753,2000.202292,2110.895753,0.008247,75
6.945354,1,-5.000000,-0.000000,3.995227,0.000000,0.000000,0.000000,0.000000,0.000000,0.000000,-0.000000,-5.000000,-0.000000,3.995186,-0.000000,0.000000,-0.000015,1.000000,-0.000000,0.000000,0.000000,0.000000,-0.000000,-0.000000,4512.661709,-0.000000,-0.000000,0.000000,2000.202098,2110.895546,2000.202098,2110.895546,2000.202098,2110.895546,2000.202098,2110.895546,0.008247,75
6.950346,1,-5.000000,-0.000000,3.995227,0.000000,0.000000,0.000000,0.000000,0.000000,0.000000,-0.000000,-5.000000,-0.000000,3.995186,-0.000000,0.000000,-0.000014,1.000000,-0.000000,0.000000,0.000000,0.000000,0.000000,-0.000000,4512.660800,-0.000000,-0.000000,0.000000,2000.201903,2110.895338,2000.201903,2110.895338,2000.201903,2110.895338,2000.201903,2110.895338,0.008247,75
6.955347,1,-5.000000,-0.000000,3.995227,0.000000,0.000000,0.000000,0.000000,0.000000,0.000000,-0.000000,-5.000000,-0.000000,3.995186,-0.000000,0.000000,-0.000013,1.000000,-0.000000,0.000000,0.000000,0.000000,-0.000000,-0.000000,4512.659907,-0.000000,-0.000000,0.000000,2000.201711,2110.895133,2000.201711,2110.895133,2000.201711,2110.895133,2000.201711,2110.895133,0.008247,75
6.960348,1,-5.000000,-0.000000,3.995227,0.000000,0.000000,0.000000,0.000000,0.000000,0.000000,-0.000000,-5.000000,-0.000000,3.995186,-0.000000,0.000000,-0.000013,1.000000,-0.000000,0.000000,0.000000,0.000000,-0.000000,-0.000000,4512.659018,-0.000000,-0.000000,0.000000,2000.201520,2110.894930,2000.201520,2110.894930,2000.201520,2110.894930,2000.201520,2110.894930,0.008247,75
6.965342,1,-5.000000,-0.000000,3.995227,0.000000,0.000000,0.000000,0.000000,0.000000,0.000000,-0.000000,-5.000000,-0.000000,3.995185,-0.000000,0.000000,-0.000012,1.000000,-0.000000,0.000000,0.000000,0.000000,-0.000000,-0.000000,4512.658136,-0.000000,-0.000000,0.000000,2000.201331,2110.894728,2000.201331,2110.894728,2000.201331,2110.894728,2000.201331,2110.894728,0.008247,75
6.970340,1,-5.000000,-0.000000,3.995227,0.000000,0.000000,0.000000,0.000000,0.000000,0.000000,-0.000000,-5.000000,-0.000000,3.995185,-0.000000,0.000000,-0.000011,1.000000,-0.000000,0.000000,0.000000,0.000000,-0.000000,-0.000000,4512.657262,-0.000000,-0.000000,0.000000,2000.201143,2110.894528,2000.201143,2110.894528,2000.201143,2110.894528,2000.201143,2110.894528,0.008247,75
6.975322,1,-5.000000,-0.000000,3.995227,0.000000,0.000000,0.000000,0.000000,0.000000,0.000000,-0.000000,-5.000000,-0.000000,3.995185,-0.000000,0.000000,-0.000010,1.000000,-0.000000,0.000000,0.000000,0.000000,-0.000000,-0.000000,4512.656394,-0.000000,-0.000000,0.000000,2000.200957,2110.894329,2000.200957,2110.894329,2000.200957,2110.894329,2000.200957,2110.894329,0.008247,75
6.980344,1,-5.000000,-0.000000,3.995227,0.000000,0.000000,0.000000,0.000000,0.000000,0.000000,-0.000000,-5.000000,-0.000000,3.995185,-0.000000,0.000000,-0.000009,1.000000,-0.000000,0.000000,-0.000000,0.000000,-0.000000,-0.000000,4512.655535,-0.000000,-0.000000,0.000000,2000.200772,2110.894132,2000.200772,2110.894132,2000.200772,2110.894132,2000.200772,2110.894132,0.008247,75
6.985326,1,-5.000000,-0.000000,3.995227,0.000000,0.000000,0.000000,0.000000,0.000000,0.000000,-0.000000,-5.000000,-0.000000,3.995185,-0.000000,0.000000,-0.000008,1.000000,-0.000000,0.000000,-0.000000,0.000000,0.000000,-0.000000,4512.654676,-0.000000,-0.000000,0.000000,2000.200588,2110.893935,2000.200588,2110.893935,2000.200588,2110.893935,2000.200588,2110.893935,0.008247,75
6.990337,1,-5.000000,-0.000000,3.995227,0.000000,0.000000,0.000000,0.000000,0.000000,0.000000,-0.000000,-5.000000,-0.000000,3.995185,-0.000000,0.000000,-0.000008,1.000000,-0.000000,0.000000,-0.000000,0.000000,-0.000000,-0.000000,4512.653830,-0.000000,-0.000000,0.000000,2000.200406,2110.893741,2000.200406,2110.893741,2000.200406,2110.893741,2000.200406,2110.893741,0.008247,75
6.995338,1,-5.000000,-0.000000,3.995227,0.000000,0.000000,0.000000,0.000000,0.000000,0.000000,-0.000000,-5.000000,-0.000000,3.995185,-0.000000,0.000000,-0.000007,1.000000,-0.000000,0.000000,-0.000000,0.000000,-0.000000,-0.000000,4512.652986,-0.000000,-0.000000,0.000000,2000.200225,2110.893548,2000.200225,2110.893548,2000.200225,2110.893548,2000.200225,2110.893548,0.008247,75
7.000353,1,-5.000000,-0.000000,3.995227,0.000000,0.000000,0.000000,0.000000,0.000000,0.000000,-0.000000,-5.000000,-0.000000,3.995185,-0.000000,0.000000,-0.000006,1.000000,-0.000000,0.000000,-0.000000,0.000000,0.000000,-0.000000,4512.652150,-0.000000,-0.000000,0.000000,2000.200045,2110.893356,2000.200045,2110.893356,2000.200045,2110.893356,2000.200045,2110.893356,0.008247,75
7.005334,1,-5.000000,-0.000000,3.995227,0.000000,0.000000,0.000000,0.000000,0.000000,0.000000,-0.000000,-5.000000,-0.000000,3.995185,-0.000000,0.000000,-0.000005,1.000000,-0.000000,0.000000,-0.000000,0.000000,-0.000000,-0.000000,4512.651318,-0.000000,-0.000000,0.000000,2000.199867,2110.893166,2000.199867,2110.893166,2000.199867,2110.893166,2000.199867,2110.893166,0.008247,75
7.010343,1,-5.000000,-0.000000,3.995227,0.000000,0.000000,0.000000,0.000000,0.000000,0.000000,-0.000000,-5.000000,-0.000000,3.995185,-0.000000,0.000000,-0.000005,1.000000,-0.000000,0.000000,-0.000000,0.000000,0.000000,-0.000000,4512.650498,-0.000000,-0.000000,0.000000,2000.199691,2110.892978,2000.199691,2110.892978,2000.199691,2110.892978,2000.199691,2110.892978,0.008247,75
7.015340,1,-5.000000,-0.000000,3.995227,0.000000,0.000000,0.000000,0.000000,0.000000,0.000000,-0.000000,-5.000000,-0.000000,3.995185,-0.000000,0.000000,-0.000004,1.000000,-0.000000,0.000000,-0.000000,0.000000,-0.000000,-0.000000,4512.649680,-0.000000,-0.000000,0.000000,2000.199515,2110.892791,2000.199515,2110.892791,2000.199515,2110.892791,2000.199515,2110.892791,0.008247,75
7.020322,1,-5.000000,-0.000000,3.995227,0.000000,0.000000,0.000000,0.000000,0.000000,0.000000,-0.000000,-5.000000,-0.000000,3.995185,-0.000000,0.000000,-0.000003,1.000000,-0.000000,0.000000,-0.000000,0.000000,-0.000000,-0.000000,4512.648871,-0.000000,-0.000000,0.000000,2000.199341,2110.892605,2000.199341,2110.892605,2000.199341,2110.892605,2000.199341,2110.892605,0.008247,75
7.025321,1,-5.000000,-0.000000,3.995227,0.000000,0.000000,0.000000,0.000000,0.000000,0.000000,-0.000000,-5.000000,-0.000000,3.995185,-0.000000,0.000000,-0.000002,1.000000,-0.000000,0.000000,-0.000000,0.000000,-0.000000,-0.000000,4512.648070,-0.000000,-0.000000,0.000000,2000.199169,2110.892421,2000.199169,2110.892421,2000.199169,2110.892421,2000.199169,2110.892421,0.008247,75
7.030321,1,-5.000000,-0.000000,3.995227,0.000000,0.000000,0.000000,0.000000,0.000000,0.000000,-0.000000,-5.000000,-0.000000,3.995185,-0.000000,0.000000,-0.000002,1.000000,-0.000000,0.000000,-0.000000,0.000000,-0.000000,-0.000000,4512.647272,-0.000000,-0.000000,0.000000,2000.198998,2110.892239,2000.198998,2110.892239,2000.198998,2110.892239,2000.198998,2110.892239,0.008247,75
7.035325,1,-5.000000,-0.000000,3.995227,0.000000,0.000000,0.000000,0.000000,0.000000,0.000000,-0.000000,-5.000000,-0.000000,3.995185,-0.000000,0.000000,-0.000001,1.000000,-0.000000,0.000000,-0.000000,0.000000,-0.000000,-0.000000,4512.646481,-0.000000,-0.000000,0.000000,2000.198828,2110.892057,2000.198828,2110.892057,2000.198828,2110.892057,2000.198828,2110.892057,0.008247,75
7.040330,1,-5.000000,-0.000000,3.995227,0.000000,0.000000,0.000000,0.000000,0.000000,0.000000,-0.000000,-5.000000,-0.000000,3.995185,-0.000000,0.000000,-0.000000,1.000000,-0.000000,0.000000,-0.000000,0.000000,-0.000000,-0.000000,4512.645695,-0.000000,-0.000000,0.000000,2000.198660,2110.891877,2000.198660,2110.891877,2000.198660,2110.891877,2000.198660,2110.891877,0.008247,75
7.045356,1,-5.000000,-0.000000,3.995227,0.000000,0.000000,0.000000,0.000000,0.000000,0.000000,-0.000000,-5.000000,-0.000000,3.995185,-0.000000,0.000000,0.000000,1.000000,-0.000000,0.000000,-0.000000,0.000000,-0.000000,-0.000000,4512.644915,-0.000000,-0.000000,0.000000,2000.198492,2110.891699,2000.198492,2110.891699,2000.198492,2110.891699,2000.198492,2110.891699,0.008247,75
7.050365,1,-5.000000,-0.000000,3.995227,0.000000,0.000000,0.000000,0.000000,0.000000,0.000000,-0.000000,-5.000000,-0.000000,3.995185,-0.000000,0.000000,0.000001,1.000000,-0.000000,0.000000,-0.000000,0.000000,-0.000000,-0.000000,4512.644139,-0.000000,-0.000000,0.000000,2000.198326,2110.891521,2000.198326,2110.891521,2000.198326,2110.891521,2000.198326,2110.891521,0.008247,75
7.055265,1,-5.000000,-0.000000,3.995227,0.000000,0.000000,0.000000,0.000000,0.000000,0.000000,-0.000000,-5.000000,-0.000000,3.995185,-0.000000,0.000000,0.000002,1.000000,-0.000000,0.000000,-0.000000,0.000000,-0.000000,-0.000000,4512.643371,-0.000000,-0.000000,0.000000,2000.198161,2110.891345,2000.198161,2110.891345,2000.198161,2110.891345,2000.198161,2110.891345,0.008247,75
7.060260,1,-5.000000,-0.000000,3.995227,0.000000,0.000000,0.000000,0.000000,0.000000,0.000000,-0.000000,-5.000000,-0.000000,3.995185,-0.000000,0.000000,0.000002,1.000000,-0.000000,0.000000,-0.000000,0.000000,-0.000000,-0.000000,4512.642625,-0.000000,-0.000000,0.000000,2000.198001,2110.891174,2000.198001,2110.891174,2000.198001,2110.891174,2000.198001,2110.891174,0.008247,75
7.065318,1,-5.000000,-0.000000,3.995227,0.000000,0.000000,0.000000,0.000000,0.000000,0.000000,-0.000000,-5.000000,-0.000000,3.995185,0.000000,0.000000,0.000003,1.000000,-0.000000,0.000000,-0.000000,0.000000,-0.000000,-0.000000,4512.641872,-0.000000,-0.000000,0.000000,2000.197839,2110.891001,2000.197839,2110.891001,2000.197839,2110.891001,2000.197839,2110.891001,0.008247,75
7.070337,1,-5.000000,-0.000000,3.995227,0.000000,0.000000,0.000000,0.000000,0.000000,0.000000,-0.000000,-5.000000,-0.000000,3.995185,0.000000,0.000000,0.000004,1.000000,-0.000000,0.000000,-0.000000,0.000000,-0.000000,-0.000000,4512.641115,-0.000000,-0.000000,0.000000,2000.197676,2110.890828,2000.197676,2110.890828,2000.197676,2110.890828,2000.197676,2110.890828,0.008247,75
7.075344,1,-5.000000,-0.000000,3.995227,0.000000,0.000000,0.000000,0.000000,0.000000,0.000000,-0.000000,-5.000000,-0.000000,3.995185,0.000000,0.000000,0.000004,1.000000,-0.000000,0.000000,-0.000000,0.000000,-0.000000,-0.000000,4512.640370,-0.000000,-0.000000,0.000000,2000.197516,2110.890657,2000.197516,2110.890657,2000.197516,2110.890657,2000.197516,2110.890657,0.008247,75
7.080264,1,-5.000000,-0.000000,3.995227,0.000000,0.000000,0.000000,0.000000,0.000000,0.000000,-0.000000,-5.000000,-0.000000,3.995185,0.000000,0.000000,0.000005,1.000000,-0.000000,0.000000,-0.000000,0.000000,-0.000000,-0.000000,4512.639632,-0.000000,-0.000000,0.000000,2000.197358,2110.890488,2000.197358,2110.890488,2000.197358,2110.890488,2000.197358,2110.890488,0.008247,75
7.085223,1,-5.000000,-0.000000,3.995227,0.000000,0.000000,0.000000,0.000000,0.000000,0.000000,-0.000000,-5.000000,-0.000000,3.995185,0.000000,0.000000,0.000006,1.000000,-0.000000,0.000000,-0.000000,0.000000,-0.000000,-0.000000,4512.638913,-0.000000,-0.000000,0.000000,2000.197204,2110.890324,2000.197204,2110.890324,2000.197204,2110.890324,2000.197204,2110.890324,0.008247,75
7.090329,1,-5.000000,-0.000000,3.995227,0.000000,0.000000,0.000000,0.000000,0.000000,0.000000,-0.000000,-5.000000,-0.000000,3.995185,0.000000,0.000000,0.000006,1.000000,-0.000000,0.000000,-0.000000,0.000000,-0.000000,-0.000000,4512.638195,-0.000000,-0.000000,0.000000,2000.197050,2110.890159,2000.197050,2110.890159,2000.197050,2110.890159,2000.197050,2110.890159,0.008247,75
7.095372,1,-5.000000,-0.000000,3.995227,0.000000,0.000000,0.000000,0.000000,0.000000,0.000000,-0.000000,-5.000000,-0.000000,3.995185,0.000000,0.000000,0.000007,1.000000,-0.000000,0.000000,-0.000000,0.000000,-0.000000,-0.000000,4512.637461,-0.000000,-0.000000,0.000000,2000.196892,2110.889991,2000.196892,2110.889991,2000.196892,2110.889991,2000.196892,2110.889991,0.008247,75
7.100342,1,-5.000000,-0.000000,3.995227,0.000000,0.000000,0.000000,0.000000,0.000000,0.000000,-0.000000,-5.000000,-0.000000,3.995185,0.000000,0.000000,0.000007,1.000000,-0.000000,0.000000,-0.000000,0.000000,-0.000000,-0.000000,4512.636742,-0.000000,-0.000000,0.000000,2000.196738,2110.889826,2000.196738,2110.889826,2000.196738,2110.889826,2000.196738,2110.889826,0.008247,75
7.105221,1,-5.000000,-0.000000,3.995227,0.000000,0.000000,0.000000,0.000000,0.000000,0.000000,-0.000000,-5.000000,-0.000000,3.995185,0.000000,0.000000,0.000008,1.000000,-0.000000,0.000000,-0.000000,0.000000,-0.000000,-0.000000,4512.636040,-0.000000,-0.000000,0.000000,2000.196587,2110.889665,2000.196587,2110.889665,2000.196587,2110.889665,2000.196587,2110.889665,0.008247,75
7.110224,1,-5.000000,-0.000000,3.995227,0.000000,0.000000,0.000000,0.000000,0.000000,0.000000,-0.000000,-5.000000,-0.000000,3.995185,0.000000,0.000000,0.000009,1.000000,-0.000000,0.000000,-0.000000,0.000000,-0.000000,-0.000000,4512.635355,-0.000000,-0.000000,0.000000,2000.196440,2110.889509,2000.196440,2110.889509,2000.196440,2110.889509,2000.196440,2110.889509,0.008247,75
7.115262,1,-5.000000,-0.000000,3.995227,0.000000,0.000000,0.000000,0.000000,0.000000,0.000000,-0.000000,-5.000000,-0.000000,3.995185,0.000000,0.000000,0.000009,1.000000,-0.000000,0.000000,-0.000000,0.000000,-0.000000,-0.000000,4512.634660,-0.000000,-0.000000,0.000000,2000.196291,2110.889349,2000.196291,2110.889349,2000.196291,2110.889349,2000.196291,2110.889349,0.008247,75
7.120324,1,-5.000000,-0.000000,3.995227,0.000000,0.000000,0.000000,0.000000,0.000000,0.000000,-0.000000,-5.000000,-0.000000,3.995185,0.000000,0.000000,0.000010,1.000000,-0.000000,0.000000,-0.000000,0.000000,-0.000000,-0.000000,4512.633965,-0.000000,-0.000000,0.000000,2000.196141,2110.889190,2000.196141,2110.889190,2000.196141,2110.889190,2000.196141,2110.889190,0.008247,75
7.125345,1,-5.000000,-0.000000,3.995227,0.000000,0.000000,0.000000,0.000000,0.000000,0.000000,-0.000000,-5.000000,-0.000000,3.995186,0.000000,0.000000,0.000010,1.000000,-0.000000,0.000000,-0.000000,0.000000,-0.000000,-0.000000,4512.633273,-0.000000,-0.000000,0.000000,2000.195993,2110.889031,2000.195993,2110.889031,2000.195993,2110.889031,2000.195993,2110.889031,0.008247,75
7.130345,1,-5.000000,-0.000000,3.995227,0.000000,0.000000,0.000000,0.000000,0.000000,0.000000,-0.000000,-5.000000,-0.000000,3.995186,0.000000,0.000000,0.000011,1.000000,-0.000000,0.000000,-0.000000,0.000000,-0.000000,-0.000000,4512.632592,-0.000000,-0.000000,0.000000,2000.195847,2110.888875,2000.195847,2110.888875,2000.195847,2110.888875,2000.195847,2110.888875,0.008247,75
7.135382,1,-5.000000,-0.000000,3.995227,0.000000,0.000000,0.000000,0.000000,0.000000,0.000000,-0.000000,-5.000000,-0.000000,3.995186,0.000000,0.000000,0.000011,1.000000,-0.000000,0.000000,-0.000000,0.000000,-0.000000,-0.000000,4512.631919,-0.000000,-0.000000,0.000000,2000.195702,2110.888721,2000.195702,2110.888721,2000.195702,2110.888721,2000.195702,2110.888721,0.008247,75
7.140338,1,-5.000000,-0.000000,3.995227,0.000000,0.000000,0.000000,0.000000,0.000000,0.000000,-0.000000,-5.000000,-0.000000,3.995186,0.000000,0.000000,0.000012,1.000000,-0.000000,0.000000,-0.000000,0.000000,-0.000000,-0.000000,4512.631247,-0.000000,-0.000000,0.000000,2000.195558,2110.888567,2000.195558,2110.888567,2000.195558,2110.888567,2000.195558,2110.888567,0.008247,75
7.145352,1,-5.000000,-0.000000,3.995227,0.000000,0.000000,0.000000,0.000000,0.000000,0.000000,-0.000000,-5.000000,-0.000000,3.995186,0.000000,0.000000,0.000013,1.000000,-0.000000,0.000000,-0.000000,0.000000,-0.000000,-0.000000,4512.630592,-0.000000,-0.000000,0.000000,2000.195417,2110.888417,2000.195417,2110.888417,2000.195417,2110.888417,2000.195417,2110.888417,0.008247,75
7.150354,1,-5.000000,-0.000000,3.995227,0.000000,0.000000,0.000000,0.000000,0.000000,0.000000,-0.000000,-5.000000,-0.000000,3.995186,0.000000,0.000000,0.000013,1.000000,-0.000000,0.000000,-0.000000,0.000000,-0.000000,-0.000000,4512.629934,-0.000000,-0.000000,0.000000,2000.195276,2110.888267,2000.195276,2110.888267,2000.195276,2110.888267,2000.195276,2110.888267,0.008247,75
7.155364,1,-5.000000,-0.000000,3.995227,0.000000,0.000000,0.000000,0.000000,0.000000,0.000000,-0.000000,-5.000000,-0.000000,3.995186,0.000000,0.000000,0.000014,1.000000,-0.000000,0.000000,-0.000000,0.000000,-0.000000,-0.000000,4512.629284,-0.000000,-0.000000,0.000000,2000.195137,2110.888118,2000.195137,2110.888118,2000.195137,2110.888118,2000.195137,2110.888118,0.008247,75
7.160337,1,-5.000000,-0.000000,3.995227,0.000000,0.000000,0.000000,0.000000,0.000000,0.000000,-0.000000,-5.000000,-0.000000,3.995186,0.000000,0.000000,0.000014,1.000000,-0.000000,0.000000,-0.000000,0.000000,-0.000000,-0.000000,4512.628638,-0.000000,-0.000000,0.000000,2000.194998,2110.887970,2000.194998,2110.887970,2000.194998,2110.887970,2000.194998,2110.887970,0.008247,75
7.165329,1,-5.000000,-0.000000,3.995227,0.000000,0.000000,0.000000,0.000000,0.000000,0.000000,-0.000000,-5.000000,-0.000000,3.995186,0.000000,0.000000,0.000015,1.000000,-0.000000,0.000000,-0.000000,0.000000,-0.000000,-0.000000,4512.628003,-0.000000,-0.000000,0.000000,2000.194862,2110.887824,2000.194862,2110.887824,2000.194862,2110.887824,2000.194862,2110.887824,0.008247,75
7.170321,1,-5.000000,-0.000000,3.995227,0.000000,0.000000,0.000000,0.000000,0.000000,0.000000,-0.000000,-5.000000,-0.000000,3.995186,0.000000,0.000000,0.000015,1.000000,-0.000000,0.000000,-0.000000,0.000000,-0.000000,-0.000000,4512.627370,-0.000000,-0.000000,0.000000,2000.194726,2110.887679,2000.194726,2110.887679,2000.194726,2110.887679,2000.194726,2110.887679,0.008247,75
7.175337,1,-5.000000,-0.000000,3.995227,0.000000,0.000000,0.000000,0.000000,0.000000,0.000000,-0.000000,-5.000000,-0.000000,3.995186,0.000000,0.000000,0.000016,1.000000,-0.000000,0.000000,-0.000000,0.000000,-0.000000,-0.000000,4512.626742,-0.000000,-0.000000,0.000000,2000.194591,2110.887535,2000.194591,2110.887535,2000.194591,2110.887535,2000.194591,2110.887535,0.008247,75
7.180324,1,-5.000000,-0.000000,3.995227,0.000000,0.000000,0.000000,0.000000,0.000000,0.000000,-0.000000,-5.000000,-0.000000,3.995186,0.000000,0.000000,0.000016,1.000000,-0.000000,0.000000,-0.000000,0.000000,-0.000000,-0.000000,4512.626118,-0.000000,-0.000000,0.000000,2000.194457,2110.887392,2000.194457,2110.887392,2000.194457,2110.887392,2000.194457,2110.887392,0.008247,75
7.185327,1,-5.000000,-0.000000,3.995227,0.000000,0.000000,0.000000,0.000000,0.000000,0.000000,-0.000000,-5.000000,-0.000000,3.995186,0.000000,0.000000,0.000017,1.000000,-0.000000,0.000000,-0.000000,0.000000,-0.000000,-0.000000,4512.625502,-0.000000,-0.000000,0.000000,2000.194325,2110.887251,2000.194325,2110.887251,2000.194325,2110.887251,2000.194325,2110.887251,0.008247,75
7.190332,1,-5.000000,-0.000000,3.995227,0.000000,0.000000,0.000000,0.000000,0.000000,0.000000,-0.000000,-5.000000,-0.000000,3.995186,0.000000,0.000000,0.000017,1.000000,-0.000000,0.000000,-0.000000,0.000000,-0.000000,-0.000000,4512.624889,-0.000000,-0.000000,0.000000,2000.194193,2110.887111,2000.194193,2110.887111,2000.194193,2110.887111,2000.194193,2110.887111,0.008247,75
7.195351,1,-5.000000,-0.000000,3.995227,0.000000,0.000000,0.000000,0.000000,0.000000,0.000000,-0.000000,-5.000000,-0.000000,3.995187,0.000000,0.000000,0.000017,1.000000,-0.000000,0.000000,-0.000000,0.000000,-0.000000,-0.000000,4512.624281,-0.000000,-0.000000,0.000000,2000.194063,2110.886971,2000.194063,2110.886971,2000.194063,2110.886971,2000.194063,2110.886971,0.008247,75
7.200331,1,-5.000000,-0.000000,3.995227,0.000000,0.000000,0.000000,0.000000,0.000000,0.000000,-0.000000,-5.000000,-0.000000,3.995187,0.000000,0.000000,0.000018,1.000000,-0.000000,0.000000,-0.000000,0.000000,-0.000000,-0.000000,4512.623678,-0.000000,-0.000000,0.000000,2000.193933,2110.886833,2000.193933,2110.886833,2000.193933,2110.886833,2000.193933,2110.886833,0.008247,75
7.205339,1,-5.000000,-0.000000,3.995227,0.000000,0.000000,0.000000,0.000000,0.000000,0.000000,-0.000000,-5.000000,-0.000000,3.995187,0.000000,0.000000,0.000018,1.000000,-0.000000,0.000000,-0.000000,0.000000,-0.000000,0.000000,4512.623084,-0.000000,-0.000000,0.000000,2000.193806,2110.886697,2000.193806,2110.886697,2000.193806,2110.886697,2000.193806,2110.886697,0.008247,75
7.210277,1,-5.000000,-0.000000,3.995227,0.000000,0.000000,0.000000,0.000000,0.000000,0.000000,-0.000000,-5.000000,-0.000000,3.995187,0.000000,0.000000,0.000019,1.000000,-0.000000,0.000000,-0.000000,0.000000,-0.000000,0.000000,4512.622491,-0.000000,-0.000000,0.000000,2000.193678,2110.886561,2000.193678,2110.886561,2000.193678,2110.886561,2000.193678,2110.886561,0.008247,75
7.215312,1,-5.000000,-0.000000,3.995227,0.000000,0.000000,0.000000,0.000000,0.000000,0.000000,-0.000000,-5.000000,-0.000000,3.995187,0.000000,0.000000,0.000019,1.000000,-0.000000,0.000000,-0.000000,0.000000,-0.000000,0.000000,4512.621913,-0.000000,0.000000,0.000000,2000.193554,2110.886429,2000.193554,2110.886429,2000.193554,2110.886429,2000.193554,2110.886429,0.008247,75
7.220338,1,-5.000000,-0.000000,3.995227,0.000000,0.000000,0.000000,0.000000,0.000000,0.000000,-0.000000,-5.000000,-0.000000,3.995187,0.000000,0.000000,0.000020,1.000000,-0.000000,0.000000,-0.000000,0.000000,-0.000000,0.000000,4512.621328,-0.000000,0.000000,-0.000000,2000.193429,2110.886295,2000.193429,2110.886295,2000.193429,2110.886295,2000.193429,2110.886295,0.008247,75
7.225229,1,-5.000000,-0.000000,3.995227,0.000000,0.000000,0.000000,0.000000,0.000000,0.000000,-0.000000,-5.000000,-0.000000,3.995187,0.000000,0.000000,0.000020,1.000000,-0.000000,0.000000,-0.000000,0.000000,-0.000000,0.000000,4512.620749,-0.000000,0.000000,-0.000000,2000.193304,2110.886162,2000.193304,2110.886162,2000.193304,2110.886162,2000.193304,2110.886162,0.008247,75
7.230219,1,-5.000000,-0.000000,3.995227,0.000000,0.000000,0.000000,0.000000,0.000000,0.000000,-0.000000,-5.000000,-0.000000,3.995187,0.000000,0.000000,0.000020,1.000000,-0.000000,0.000000,-0.000000,0.000000,-0.000000,0.000000,4512.620190,-0.000000,0.000000,-0.000000,2000.193184,2110.886034,2000.193184,2110.886034,2000.193184,2110.886034,2000.193184,2110.886034,0.008247,75
7.235346,1,-5.000000,-0.000000,3.995227,0.000000,0.000000,0.000000,0.000000,0.000000,0.000000,-0.000000,-5.000000,-0.000000,3.995187,0.000000,0.000000,0.000021,1.000000,-0.000000,0.000000,-0.000000,0.000000,-0.000000,0.000000,4512.619626,-0.000000,0.000000,-0.000000,2000.193063,2110.885905,2000.193063,2110.885905,2000.193063,2110.885905,2000.193063,2110.885905,0.008247,75
7.240359,1,-5.000000,-0.000000,3.995227,0.000000,0.000000,0.000000,0.000000,0.000000,0.000000,-0.000000,-5.000000,-0.000000,3.995187,0.000000,0.000000,0.000021,1.000000,-0.000000,0.000000,-0.000000,0.000000,-0.000000,0.000000,4512.619051,-0.000000,0.000000,-0.000000,2000.192940,2110.885773,2000.192940,2110.885773,2000.192940,2110.885773,2000.192940,2110.885773,0.008247,75
7.245230,1,-5.000000,-0.000000,3.995227,0.000000,0.000000,0.000000,0.000000,0.000000,0.000000,-0.000000,-5.000000,-0.000000,3.995188,0.000000,0.000000,0.000022,1.000000,-0.000000,0.000000,-0.000000,0.000000,-0.000000,0.000000,4512.618494,-0.000000,0.000000,-0.000000,2000.192820,2110.885645,2000.192820,2110.885645,2000.192820,2110.885645,2000.192820,2110.885645,0.008247,75
7.250258,1,-5.000000,-0.000000,3.995227,0.000000,0.000000,0.000000,0.000000,0.000000,0.000000,-0.000000,-5.000000,-0.000000,3.995188,0.000000,0.000000,0.000022,1.000000,-0.000000,0.000000,-0.000000,0.000000,-0.000000,0.000000,4512.617957,-0.000000,0.000000,-0.000000,2000.192705,2110.885523,2000.192705,2110.885523,2000.192705,2110.885523,2000.192705,2110.885523,0.008247,75
7.255239,1,-5.000000,-0.000000,3.995227,0.000000,0.000000,0.000000,0.000000,0.000000,0.000000,-0.000000,-5.000000,-0.000000,3.995188,0.000000,0.000000,0.000022,1.000000,-0.000000,0.000000,-0.000000,0.000000,-0.000000,0.000000,4512.617409,-0.000000,0.000000,-0.000000,2000.192587,2110.885397,2000.192587,2110.885397,2000.192587,2110.885397,2000.192587,2110.885397,0.008247,75
7.260283,1,-5.000000,-0.000000,3.995227,0.000000,0.000000,0.000000,0.000000,0.000000,0.000000,-0.000000,-5.000000,-0.000000,3.995188,0.000000,0.000000,0.000023,1.000000,-0.000000,0.000000,-0.000000,0.000000,-0.000000,0.000000,4512.616870,-0.000000,0.000000,-0.000000,2000.192472,2110.885273,2000.192472,2110.885273,2000.192472,2110.885273,2000.192472,2110.885273,0.008247,75
7.265305,1,-5.000000,-0.000000,3.995227,0.000000,0.000000,0.000000,0.000000,0.000000,0.000000,-0.000000,-5.000000,-0.000000,3.995188,0.000000,0.000000,0.000023,1.000000,-0.000000,0.000000,-0.000000,0.000000,-0.000000,0.000000,4512.616329,-0.000000,0.000000,-0.000000,2000.192355,2110.885149,2000.192355,2110.885149,2000.192355,2110.885149,2000.192355,2110.885149,0.008247,75
7.270301,1,-5.000000,-0.000000,3.995227,0.000000,0.000000,0.000000,0.000000,0.000000,0.000000,-0.000000,-5.000000,-0.000000,3.995188,0.000000,0.000000,0.000024,1.000000,-0.000000,0.000000,-0.000000,0.000000,-0.000000,0.000000,4512.615796,-0.000000,0.000000,-0.000000,2000.192241,2110.885027,2000.192241,2110.885027,2000.192241,2110.885027,2000.192241,2110.885027,0.008248,75
7.275302,1,-5.000000,-0.000000,3.995227,0.000000,0.000000,0.000000,0.000000,0.000000,0.000000,-0.000000,-5.000000,-0.000000,3.995188,0.000000,0.000000,0.000024,1.000000,-0.000000,0.000000,-0.000000,0.000000,-0.000000,0.000000,4512.615270,-0.000000,0.000000,-0.000000,2000.192128,2110.884907,2000.192128,2110.884907,2000.192128,2110.884907,2000.192128,2110.884907,0.008248,75
7.280307,1,-5.000000,-0.000000,3.995227,0.000000,0.000000,0.000000,0.000000,0.000000,0.000000,-0.000000,-5.000000,-0.000000,3.995188,0.000000,0.000000,0.000024,1.000000,-0.000000,0.000000,-0.000000,0.000000,-0.000000,0.000000,4512.614748,-0.000000,0.000000,-0.000000,2000.192016,2110.884787,2000.192016,2110.884787,2000.192016,2110.884787,2000.192016,2110.884787,0.008248,75
7.285311,1,-5.000000,-0.000000,3.995227,0.000000,0.000000,0.000000,0.000000,0.000000,0.000000,-0.000000,-5.000000,-0.000000,3.995188,0.000000,0.000000,0.000025,1.000000,-0.000000,0.000000,-0.000000,0.000000,-0.000000,0.000000,4512.614231,-0.000000,0.000000,-0.000000,2000.191905,2110.884669,2000.191905,2110.884669,2000.191905,2110.884669,2000.191905,2110.884669,0.008248,75
7.290300,1,-5.000000,-0.000000,3.995227,0.000000,0.000000,0.000000,0.000000,0.000000,0.000000,-0.000000,-5.000000,-0.000000,3.995189,0.000000,0.000000,0.000025,1.000000,-0.000000,0.000000,-0.000000,0.000000,-0.000000,0.000000,4512.613719,-0.000000,0.000000,-0.000000,2000.191795,2110.884551,2000.191795,2110.884551,2000.191795,2110.884551,2000.191795,2110.884551,0.008248,75
7.295307,1,-5.000000,-0.000000,3.995227,0.000000,0.000000,0.000000,0.000000,0.000000,0.000000,-0.000000,-5.000000,-0.000000,3.995189,0.000000,0.000000,0.000025,1.000000,-0.000000,0.000000,-0.000000,-0.000000,-0.000000,0.000000,4512.613213,-0.000000,0.000000,-0.000000,2000.191686,2110.884436,2000.191686,2110.884436,2000.191686,2110.884436,2000.191686,2110.884436,0.008248,75
7.300327,1,-5.000000,-0.000000,3.995227,0.000000,0.000000,0.000000,0.000000,0.000000,0.000000,-0.000000,-5.000000,-0.000000,3.995189,0.000000,0.000000,0.000026,1.000000,-0.000000,0.000000,-0.000000,0.000000,-0.000000,0.000000,4512.612710,-0.000000,0.000000,-0.000000,2000.191578,2110.884320,2000.191578,2110.884320,2000.191578,2110.884320,2000.191578,2110.884320,0.008248,75
7.305322,1,-5.000000,-0.000000,3.995227,0.000000,0.000000,0.000000,0.000000,0.000000,0.000000,-0.000000,-5.000000,-0.000000,3.995189,0.000000,0.000000,0.000026,1.000000,-0.000000,0.000000,-0.000000,0.000000,-0.000000,0.000000,4512.612210,-0.000000,0.000000,-0.000000,2000.191471,2110.884206,2000.191471,2110.884206,2000.191471,2110.884206,2000.191471,2110.884206,0.008248,75
7.310308,1,-5.000000,-0.000000,3.995227,0.000000,0.000000,0.000000,0.000000,0.000000,0.000000,-0.000000,-5.000000,-0.000000,3.995189,0.000000,0.000000,0.000026,1.000000,-0.000000,0.000000,-0.000000,0.000000,-0.000000,0.000000,4512.611717,-0.000000,0.000000,-0.000000,2000.191365,2110.884093,2000.191365,2110.884093,2000.191365,2110.884093,2000.191365,2110.884093,0.008248,75
7.315305,1,-5.000000,-0.000000,3.995227,0.000000,0.000000,0.000000,0.000000,0.000000,0.000000,-0.000000,-5.000000,-0.000000,3.995189,0.000000,0.000000,0.000026,1.000000,-0.000000,0.000000,0.000000,0.000000,-0.000000,0.000000,4512.611230,-0.000000,0.000000,-0.000000,2000.191261,2110.883981,2000.191261,2110.883981,2000.191261,2110.883981,2000.191261,2110.883981,0.008248,75
7.320303,1,-5.000000,-0.000000,3.995227,0.000000,0.000000,0.000000,0.000000,0.000000,0.000000,-0.000000,-5.000000,-0.000000,3.995189,0.000000,0.000000,0.000027,1.000000,-0.000000,0.000000,0.000000,0.000000,-0.000000,0.000000,4512.610746,-0.000000,0.000000,-0.000000,2000.191157,2110.883870,2000.191157,2110.883870,2000.191157,2110.883870,2000.191157,2110.883870,0.008248,75
7.325320,1,-5.000000,-0.000000,3.995227,0.000000,0.000000,0.000000,0.000000,0.000000,0.000000,-0.000000,-5.000000,-0.000000,3.995189,0.000000,0.000000,0.000027,1.000000,-0.000000,0.000000,0.000000,0.000000,-0.000000,0.000000,4512.610267,-0.000000,0.000000,-0.000000,2000.191054,2110.883761,2000.191054,2110.883761,2000.191054,2110.883761,2000.191054,2110.883761,0.008248,75
7.330312,1,-5.000000,-0.000000,3.995227,0.000000,0.000000,0.000000,0.000000,0.000000,0.000000,-0.000000,-5.000000,-0.000000,3.995190,0.000000,0.000000,0.000027,1.000000,-0.000000,0.000000,0.000000,0.000000,-0.000000,0.000000,4512.609790,-0.000000,0.000000,-0.000000,2000.190952,2110.883651,2000.190952,2110.883651,2000.190952,2110.883651,2000.190952,2110.883651,0.008248,75
7.335320,1,-5.000000,-0.000000,3.995227,0.000000,0.000000,0.000000,0.000000,0.000000,0.000000,-0.000000,-5.000000,-0.000000,3.995190,0.000000,0.000000,0.000028,1.000000,-0.000000,0.000000,0.000000,0.000000,-0.000000,0.000000,4512.609321,-0.000000,0.000000,-0.000000,2000.190851,2110.883544,2000.190851,2110.883544,2000.190851,2110.883544,2000.190851,2110.883544,0.008248,75
7.340331,1,-5.000000,-0.000000,3.995227,0.000000,0.000000,0.000000,0.000000,0.000000,0.000000,-0.000000,-5.000000,-0.000000,3.995190,0.000000,0.000000,0.000028,1.000000,-0.000000,0.000000,0.000000,0.000000,-0.000000,-0.000000,4512.608854,-0.000000,0.000000,-0.000000,2000.190751,2110.883437,2000.190751,2110.883437,2000.190751,2110.883437,2000.190751,2110.883437,0.008248,75
7.345216,1,-5.000000,-0.000000,3.995227,0.000000,0.000000,0.000000,0.000000,0.000000,0.000000,-0.000000,-5.000000,-0.000000,3.995190,0.000000,0.000000,0.000028,1.000000,-0.000000,0.000000,0.000000,0.000000,-0.000000,-0.000000,4512.608391,-0.000000,0.000000,-0.000000,2000.190651,2110.883331,2000.190651,2110.883331,2000.190651,2110.883331,2000.190651,2110.883331,0.008248,75
7.350224,1,-5.000000,-0.000000,3.995227,0.000000,0.000000,0.000000,0.000000,0.000000,0.000000,-0.000000,-5.000000,-0.000000,3.995190,0.000000,0.000000,0.000029,1.000000,-0.000000,0.000000,0.000000,0.000000,-0.000000,-0.000000,4512.607945,-0.000000,0.000000,-0.000000,2000.190555,2110.883228,2000.190555,2110.883228,2000.190555,2110.883228,2000.190555,2110.883228,0.008248,75
7.355253,1,-5.000000,-0.000000,3.995227,0.000000,0.000000,0.000000,0.000000,0.000000,0.000000,-0.000000,-5.000000,-0.000000,3.995190,0.000000,0.000000,0.000029,1.000000,-0.000000,0.000000,0.000000,0.000000,-0.000000,0.000000,4512.607491,-0.000000,0.000000,0.000000,2000.190458,2110.883125,2000.190458,2110.883125,2000.190458,2110.883125,2000.190458,2110.883125,0.008248,75
7.360322,1,-5.000000,-0.000000,3.995227,0.000000,0.000000,0.000000,0.000000,0.000000,0.000000,-0.000000,-5.000000,-0.000000,3.995190,0.000000,0.000000,0.000029,1.000000,-0.000000,0.000000,0.000000,0.000000,-0.000000,-0.000000,4512.607040,-0.000000,0.000000,-0.000000,2000.190361,2110.883021,2000.190361,2110.883021,2000.190361,2110.883021,2000.190361,2110.883021,0.008248,75
7.365325,1,-5.000000,-0.000000,3.995227,0.000000,0.000000,0.000000,0.000000,0.000000,0.000000,-0.000000,-5.000000,-0.000000,3.995191,0.000000,0.000000,0.000029,1.000000,-0.000000,0.000000,0.000000,0.000000,-0.000000,-0.000000,4512.606590,-0.000000,0.000000,-0.000000,2000.190265,2110.882918,2000.190265,2110.882918,2000.190265,2110.882918,2000.190265,2110.882918,0.008248,75
7.370315,1,-5.000000,-0.000000,3.995227,0.000000,0.000000,0.000000,0.000000,0.000000,0.000000,-0.000000,-5.000000,-0.000000,3.995191,0.000000,0.000000,0.000030,1.000000,-0.000000,-0.000000,0.000000,0.000000,-0.000000,-0.000000,4512.606150,-0.000000,0.000000,-0.000000,2000.190170,2110.882817,2000.190170,2110.882817,2000.190170,2110.882817,2000.190170,2110.882817,0.008248,75
7.375317,1,-5.000000,-0.000000,3.995227,0.000000,0.000000,0.000000,0.000000,0.000000,0.000000,-0.000000,-5.000000,-0.000000,3.995191,0.000000,0.000000,0.000030,1.000000,-0.000000,-0.000000,0.000000,0.000000,-0.000000,0.000000,4512.605715,-0.000000,0.000000,-0.000000,2000.190077,2110.882718,2000.190077,2110.882718,2000.190077,2110.882718,2000.190077,2110.882718,0.008248,75
7.380319,1,-5.000000,-0.000000,3.995227,0.000000,0.000000,0.000000,0.000000,0.000000,0.000000,-0.000000,-5.000000,-0.000000,3.995191,0.000000,0.000000,0.000030,1.000000,-0.000000,-0.000000,0.000000,0.000000,-0.000000,0.000000,4512.605283,-0.000000,0.000000,-0.000000,2000.189984,2110.882619,2000.189984,2110.882619,2000.189984,2110.882619,2000.189984,2110.882619,0.008248,75
7.385316,1,-5.000000,-0.000000,3.995227,0.000000,0.000000,0.000000,0.000000,0.000000,0.000000,-0.000000,-5.000000,-0.000000,3.995191,0.000000,0.000000,0.000030,1.000000,-0.000000,-0.000000,0.000000,0.000000,-0.000000,0.000000,4512.604856,-0.000000,0.000000,-0.000000,2000.189892,2110.882521,2000.189892,2110.882521,2000.189892,2110.882521,2000.189892,2110.882521,0.008248,75
7.390311,1,-5.000000,-0.000000,3.995227,0.000000,0.000000,0.000000,0.000000,0.000000,0.000000,-0.000000,-5.000000,-0.000000,3.995191,0.000000,0.000000,0.000031,1.000000,-0.000000,-0.000000,0.000000,0.000000,-0.000000,0.000000,4512.604433,-0.000000,0.000000,-0.000000,2000.189802,2110.882424,2000.189802,2110.882424,2000.189802,2110.882424,2000.189802,2110.882424,0.008248,75
7.395216,1,-5.000000,-0.000000,3.995227,0.000000,0.000000,0.000000,0.000000,0.000000,0.000000,-0.000000,-5.000000,-0.000000,3.995192,0.000000,0.000000,0.000031,1.000000,-0.000000,-0.000000,0.000000,0.000000,-0.000000,0.000000,4512.604015,-0.000000,0.000000,-0.000000,2000.189712,2110.882328,2000.189712,2110.882328,2000.189712,2110.882328,2000.189712,2110.882328,0.008248,75
7.400243,1,-5.000000,-0.000000,3.995227,0.000000,0.000000,0.000000,0.000000,0.000000,0.000000,-0.000000,-5.000000,-0.000000,3.995192,0.000000,0.000000,0.000031,1.000000,-0.000000,-0.000000,0.000000,0.000000,-0.000000,0.000000,4512.603608,-0.000000,0.000000,-0.000000,2000.189625,2110.882235,2000.189625,2110.882235,2000.189625,2110.882235,2000.189625,2110.882235,0.008248,75
7.405325,1,-5.000000,-0.000000,3.995227,0.000000,0.000000,0.000000,0.000000,0.000000,0.000000,-0.000000,-5.000000,-0.000000,3.995192,0.000000,0.000000,0.000031,1.000000,-0.000000,-0.000000,0.000000,0.000000,-0.000000,0.000000,4512.603196,-0.000000,0.000000,-0.000000,2000.189536,2110.882140,2000.189536,2110.882140,2000.189536,2110.882140,2000.189536,2110.882140,0.008248,75
7.410323,1,-5.000000,-0.000000,3.995227,0.000000,0.000000,0.000000,0.000000,0.000000,0.000000,-0.000000,-5.000000,-0.000000,3.995192,0.000000,0.000000,0.000031,1.000000,-0.000000,-0.000000,0.000000,0.000000,-0.000000,0.000000,4512.602782,-0.000000,0.000000,-0.000000,2000.189447,2110.882046,2000.189447,2110.882046,2000.189447,2110.882046,2000.189447,2110.882046,0.008248,75
7.415328,1,-5.000000,-0.000000,3.995227,0.000000,0.000000,0.000000,0.000000,0.000000,0.000000,-0.000000,-5.000000,-0.000000,3.995192,0.000000,0.000000,0.000032,1.000000,-0.000000,-0.000000,0.000000,0.000000,-0.000000,0.000000,4512.602380,-0.000000,0.000000,-0.000000,2000.189361,2110.881954,2000.189361,2110.881954,2000.189361,2110.881954,2000.189361,2110.881954,0.008248,75
7.420335,1,-5.000000,-0.000000,3.995227,0.000000,0.000000,0.000000,0.000000,0.000000,0.000000,-0.000000,-5.000000,-0.000000,3.995192,0.000000,0.000000,0.000032,1.000000,-0.000000,-0.000000,0.000000,0.000000,-0.000000,0.000000,4512.601982,-0.000000,0.000000,-0.000000,2000.189275,2110.881862,2000.189275,2110.881862,2000.189275,2110.881862,2000.189275,2110.881862,0.008248,75
7.425311,1,-5.000000,-0.000000,3.995227,0.000000,0.000000,0.000000,0.000000,0.000000,0.000000,-0.000000,-5.000000,-0.000000,3.995192,0.000000,0.000000,0.000032,1.000000,0.000000,-0.000000,0.000000,0.000000,-0.000000,-0.000000,4512.601587,-0.000000,0.000000,-0.000000,2000.189191,2110.881772,2000.189191,2110.881772,2000.189191,2110.881772,2000.189191,2110.881772,0.008248,75
7.430321,1,-5.000000,-0.000000,3.995227,0.000000,0.000000,0.000000,0.000000,0.000000,0.000000,-0.000000,-5.000000,-0.000000,3.995193,0.000000,0.000000,0.000032,1.000000,0.000000,-0.000000,0.000000,0.000000,-0.000000,-0.000000,4512.601198,-0.000000,0.000000,-0.000000,2000.189107,2110.881683,2000.189107,2110.881683,2000.189107,2110.881683,2000.189107,2110.881683,0.008248,75
7.435311,1,-5.000000,-0.000000,3.995227,0.000000,0.000000,0.000000,0.000000,0.000000,0.000000,-0.000000,-5.000000,-0.000000,3.995193,0.000000,0.000000,0.000032,1.000000,0.000000,-0.000000,0.000000,0.000000,-0.000000,-0.000000,4512.600811,-0.000000,0.000000,-0.000000,2000.189024,2110.881594,2000.189024,2110.881594,2000.189024,2110.881594,2000.189024,2110.881594,0.008248,75
7.440311,1,-5.000000,-0.000000,3.995227,0.000000,0.000000,0.000000,0.000000,0.000000,0.000000,-0.000000,-5.000000,-0.000000,3.995193,0.000000,0.000000,0.000033,1.000000,0.000000,-0.000000,0.000000,0.000000,-0.000000,-0.000000,4512.600429,-0.000000,0.000000,-0.000000,2000.188942,2110.881507,2000.188942,2110.881507,2000.188942,2110.881507,2000.188942,2110.881507,0.008248,75
7.445312,1,-5.000000,-0.000000,3.995227,0.000000,0.000000,0.000000,0.000000,0.000000,0.000000,-0.000000,-5.000000,-0.000000,3.995193,0.000000,0.000000,0.000033,1.000000,0.000000,-0.000000,0.000000,0.000000,-0.000000,-0.000000,4512.600051,-0.000000,0.000000,-0.000000,2000.188861,2110.881420,2000.188861,2110.881420,2000.188861,2110.881420,2000.188861,2110.881420,0.008248,75
7.450327,1,-5.000000,-0.000000,3.995227,0.000000,0.000000,0.000000,0.000000,0.000000,0.000000,-0.000000,-5.000000,-0.000000,3.995193,0.000000,0.000000,0.000033,1.000000,0.000000,-0.000000,0.000000,0.000000,-0.000000,-0.000000,4512.599676,-0.000000,0.000000,-0.000000,2000.188780,2110.881334,2000.188780,2110.881334,2000.188780,2110.881334,2000.188780,2110.881334,0.008248,75
7.455311,1,-5.000000,-0.000000,3.995227,0.000000,0.000000,0.000000,0.000000,0.000000,0.000000,-0.000000,-5.000000,-0.000000,3.995193,0.000000,0.000000,0.000033,1.000000,0.000000,-0.000000,0.000000,0.000000,-0.000000,0.000000,4512.599304,-0.000000,0.000000,-0.000000,2000.188700,2110.881249,2000.188700,2110.881249,2000.188700,2110.881249,2000.188700,2110.881249,0.008248,75
7.460333,1,-5.000000,-0.000000,3.995227,0.000000,0.000000,0.000000,0.000000,0.000000,0.000000,-0.000000,-5.000000,-0.000000,3.995194,0.000000,0.000000,0.000033,1.000000,0.000000,-0.000000,0.000000,0.000000,-0.000000,0.000000,4512.598938,-0.000000,0.000000,-0.000000,2000.188622,2110.881165,2000.188622,2110.881165,2000.188622,2110.881165,2000.188622,2110.881165,0.008248,75
7.465330,1,-5.000000,-0.000000,3.995227,0.000000,0.000000,0.000000,0.000000,0.000000,0.000000,-0.000000,-5.000000,-0.000000,3.995194,0.000000,0.000000,0.000033,1.000000,0.000000,-0.000000,0.000000,0.000000,-0.000000,0.000000,4512.598573,-0.000000,0.000000,-0.000000,2000.188544,2110.881081,2000.188544,2110.881081,2000.188544,2110.881081,2000.188544,2110.881081,0.008248,75
7.470336,1,-5.000000,-0.000000,3.995227,0.000000,0.000000,0.000000,0.000000,0.000000,0.000000,-0.000000,-5.000000,-0.000000,3.995194,0.000000,0.000000,0.000034,1.000000,0.000000,-0.000000,0.000000,0.000000,-0.000000,0.000000,4512.598214,-0.000000,0.000000,-0.000000,2000.188466,2110.880999,2000.188466,2110.880999,2000.188466,2110.880999,2000.188466,2110.880999,0.008248,75
7.475314,1,-5.000000,-0.000000,3.995227,0.000000,0.000000,0.000000,0.000000,0.000000,0.000000,-0.000000,-5.000000,-0.000000,3.995194,0.000000,0.000000,0.000034,1.000000,0.000000,-0.000000,0.000000,0.000000,-0.000000,0.000000,4512.597858,-0.000000,0.000000,-0.000000,2000.188390,2110.880917,2000.188390,2110.880917,2000.188390,2110.880917,2000.188390,2110.880917,0.008248,75
7.480312,1,-5.000000,-0.000000,3.995227,0.000000,0.000000,0.000000,0.000000,0.000000,0.000000,-0.000000,-5.000000,-0.000000,3.995194,0.000000,0.000000,0.000034,1.000000,0.000000,-0.000000,0.000000,0.000000,-0.000000,0.000000,4512.597507,-0.000000,0.000000,-0.000000,2000.188315,2110.880837,2000.188315,2110.880837,2000.188315,2110.880837,2000.188315,2110.880837,0.008248,75
7.485301,1,-5.000000,-0.000000,3.995227,0.000000,0.000000,0.000000,0.000000,0.000000,0.000000,-0.000000,-5.000000,-0.000000,3.995194,0.000000,0.000000,0.000034,1.000000,0.000000,-0.000000,0.000000,0.000000,-0.000000,0.000000,4512.597159,-0.000000,0.000000,-0.000000,2000.188240,2110.880757,2000.188240,2110.880757,2000.188240,2110.880757,2000.188240,2110.880757,0.008248,75
7.490311,1,-5.000000,-0.000000,3.995227,0.000000,0.000000,0.000000,0.000000,0.000000,0.000000,-0.000000,-5.000000,-0.000000,3.995195,0.000000,0.000000,0.000034,1.000000,0.000000,-0.000000,0.000000,0.000000,-0.000000,0.000000,4512.596815,-0.000000,0.000000,-0.000000,2000.188166,2110.880679,2000.188166,2110.880679,2000.188166,2110.880679,2000.188166,2110.880679,0.008248,75
7.495334,1,-5.000000,-0.000000,3.995227,0.000000,0.000000,0.000000,0.000000,0.000000,0.000000,-0.000000,-5.000000,-0.000000,3.995195,0.000000,0.000000,0.000034,1.000000,0.000000,-0.000000,0.000000,0.000000,-0.000000,0.000000,4512.596473,-0.000000,0.000000,-0.000000,2000.188093,2110.880600,2000.188093,2110.880600,2000.188093,2110.880600,2000.188093,2110.880600,0.008248,75
7.500303,1,-5.000000,-0.000000,3.995227,0.000000,0.000000,0.000000,0.000000,0.000000,0.000000,-0.000000,-5.000000,-0.000000,3.995195,0.000000,0.000000,0.000034,1.000000,0.000000,-0.000000,0.000000,0.000000,-0.000000,0.000000,4512.596134,-0.000000,0.000000,-0.000000,2000.188020,2110.880523,2000.188020,2110.880523,2000.188020,2110.880523,2000.188020,2110.880523,0.008248,75
7.505315,1,-5.000000,-0.000000,3.995227,0.000000,0.000000,0.000000,0.000000,0.000000,0.000000,-0.000000,-5.000000,-0.000000,3.995195,0.000000,0.000000,0.000035,1.000000,0.000000,-0.000000,0.000000,0.000000,-0.000000,0.000000,4512.595803,-0.000000,0.000000,-0.000000,2000.187949,2110.880447,2000.187949,2110.880447,2000.187949,2110.880447,2000.187949,2110.880447,0.008248,75
7.510325,1,-5.000000,-0.000000,3.995227,0.000000,0.000000,0.000000,0.000000,0.000000,0.000000,-0.000000,-5.000000,-0.000000,3.995195,0.000000,0.000000,0.000035,1.000000,0.000000,-0.000000,0.000000,0.000000,-0.000000,0.000000,4512.595471,-0.000000,0.000000,-0.000000,2000.187878,2110.880371,2000.187878,2110.880371,2000.187878,2110.880371,2000.187878,2110.880371,0.008248,75
7.515308,1,-5.000000,-0.000000,3.995227,0.000000,0.000000,0.000000,0.000000,0.000000,0.000000,-0.000000,-5.000000,-0.000000,3.995195,0.000000,0.000000,0.000035,1.000000,0.000000,-0.000000,0.000000,0.000000,-0.000000,0.000000,4512.595144,-0.000000,0.000000,-0.000000,2000.187807,2110.880296,2000.187807,2110.880296,2000.187807,2110.880296,2000.187807,2110.880296,0.008248,75
7.520338,1,-5.000000,-0.000000,3.995227,0.000000,0.000000,0.000000,0.000000,0.000000,0.000000,-0.000000,-5.000000,-0.000000,3.995196,0.000000,0.000000,0.000035,1.000000,0.000000,-0.000000,0.000000,0.000000,-0.000000,0.000000,4512.594822,-0.000000,0.000000,-0.000000,2000.187738,2110.880222,2000.187738,2110.880222,2000.187738,2110.880222,2000.187738,2110.880222,0.008248,75
7.525312,1,-5.000000,-0.000000,3.995227,0.000000,0.000000,0.000000,0.000000,0.000000,0.000000,-0.000000,-5.000000,-0.000000,3.995196,0.000000,0.000000,0.000035,1.000000,0.000000,-0.000000,0.000000,0.000000,-0.000000,0.000000,4512.594500,-0.000000,0.000000,-0.000000,2000.187669,2110.880148,2000.187669,2110.880148,2000.187669,2110.880148,2000.187669,2110.880148,0.008248,75
7.530313,1,-5.000000,-0.000000,3.995227,0.000000,0.000000,0.000000,0.000000,0.000000,0.000000,-0.000000,-5.000000,-0.000000,3.995196,0.000000,0.000000,0.000035,1.000000,0.000000,-0.000000,0.000000,0.000000,-0.000000,0.000000,4512.594186,-0.000000,0.000000,-0.000000,2000.187602,2110.880076,2000.187602,2110.880076,2000.187602,2110.880076,2000.187602,2110.880076,0.008248,75
7.535309,1,-5.000000,-0.000000,3.995227,0.000000,0.000000,0.000000,0.000000,0.000000,0.000000,-0.000000,-5.000000,-0.000000,3.995196,0.000000,0.000000,0.000035,1.000000,0.000000,-0.000000,0.000000,0.000000,-0.000000,0.000000,4512.593873,-0.000000,0.000000,-0.000000,2000.187535,2110.880005,2000.187535,2110.880005,2000.187535,2110.880005,2000.187535,2110.880005,0.008248,75
7.540329,1,-5.000000,-0.000000,3.995227,0.000000,0.000000,0.000000,0.000000,0.000000,0.000000,-0.000000,-5.000000,-0.000000,3.995196,0.000000,0.000000,0.000035,1.000000,0.000000,-0.000000,0.000000,0.000000,-0.000000,0.000000,4512.593564,-0.000000,-0.000000,-0.000000,2000.187468,2110.879934,2000.187468,2110.879934,2000.187468,2110.879934,2000.187468,2110.879934,0.008248,75
7.545330,1,-5.000000,-0.000000,3.995227,0.000000,0.000000,0.000000,0.000000,0.000000,0.000000,-0.000000,-5.000000,-0.000000,3.995197,0.000000,0.000000,0.000036,1.000000,0.000000,-0.000000,0.000000,0.000000,-0.000000,0.000000,4512.593256,-0.000000,0.000000,-0.000000,2000.187402,2110.879863,2000.187402,2110.879863,2000.187402,2110.879863,2000.187402,2110.879863,0.008248,75
7.550336,1,-5.000000,-0.000000,3.995227,0.000000,0.000000,0.000000,0.000000,0.000000,0.000000,-0.000000,-5.000000,-0.000000,3.995197,0.000000,0.000000,0.000036,1.000000,0.000000,-0.000000,0.000000,0.000000,-0.000000,-0.000000,4512.592954,-0.000000,0.000000,-0.000000,2000.187337,2110.879794,2000.187337,2110.879794,2000.187337,2110.879794,2000.187337,2110.879794,0.008248,75
7.555331,1,-5.000000,-0.000000,3.995227,0.000000,0.000000,0.000000,0.000000,0.000000,0.000000,-0.000000,-5.000000,-0.000000,3.995197,0.000000,0.000000,0.000036,1.000000,0.000000,-0.000000,0.000000,0.000000,-0.000000,-0.000000,4512.592654,-0.000000,0.000000,-0.000000,2000.187273,2110.879725,2000.187273,2110.879725,2000.187273,2110.879725,2000.187273,2110.879725,0.008248,75
7.560252,1,-5.000000,-0.000000,3.995227,0.000000,0.000000,0.000000,0.000000,0.000000,0.000000,-0.000000,-5.000000,-0.000000,3.995197,0.000000,0.000000,0.000036,1.000000,0.000000,-0.000000,0.000000,0.000000,0.000000,-0.000000,4512.592359,-0.000000,0.000000,-0.000000,2000.187209,2110.879658,2000.187209,2110.879658,2000.187209,2110.879658,2000.187209,2110.879658,0.008248,75
7.565209,1,-5.000000,-0.000000,3.995227,0.000000,0.000000,0.000000,0.000000,0.000000,0.000000,-0.000000,-5.000000,-0.000000,3.995197,0.000000,0.000000,0.000036,1.000000,0.000000,-0.000000,0.000000,0.000000,0.000000,-0.000000,4512.592070,-0.000000,-0.000000,-0.000000,2000.187148,2110.879592,2000.187148,2110.879592,2000.187148,2110.879592,2000.187148,2110.879592,0.008248,75
7.570322,1,-5.000000,-0.000000,3.995227,0.000000,0.000000,0.000000,0.000000,0.000000,0.000000,-0.000000,-5.000000,-0.000000,3.995197,0.000000,0.000000,0.000036,1.000000,0.000000,-0.000000,0.000000,0.000000,0.000000,-0.000000,4512.591784,-0.000000,-0.000000,-0.000000,2000.187086,2110.879526,2000.187086,2110.879526,2000.187086,2110.879526,2000.187086,2110.879526,0.008248,75
7.575322,1,-5.000000,-0.000000,3.995227,0.000000,0.000000,0.000000,0.000000,0.000000,0.000000,-0.000000,-5.000000,-0.000000,3.995198,0.000000,0.000000,0.000036,1.000000,0.000000,-0.000000,0.000000,0.000000,0.000000,-0.000000,4512.591491,-0.000000,-0.000000,-0.000000,2000.187023,2110.879459,2000.187023,2110.879459,2000.187023,2110.879459,2000.187023,2110.879459,0.008248,75
7.580338,1,-5.000000,-0.000000,3.995227,0.000000,0.000000,0.000000,0.000000,0.000000,0.000000,-0.000000,-5.000000,-0.000000,3.995198,0.000000,0.000000,0.000036,1.000000,0.000000,-0.000000,0.000000,0.000000,0.000000,-0.000000,4512.591208,-0.000000,-0.000000,-0.000000,2000.186962,2110.879394,2000.186962,2110.879394,2000.186962,2110.879394,2000.186962,2110.879394,0.008248,75
7.585320,1,-5.000000,-0.000000,3.995227,0.000000,0.000000,0.000000,0.000000,0.000000,0.000000,-0.000000,-5.000000,-0.000000,3.995198,0.000000,0.000000,0.000036,1.000000,0.000000,-0.000000,0.000000,0.000000,0.000000,-0.000000,4512.590927,-0.000000,-0.000000,0.000000,2000.186902,2110.879330,2000.186902,2110.879330,2000.186902,2110.879330,2000.186902,2110.879330,0.008248,75
7.590308,1,-5.000000,-0.000000,3.995227,0.000000,0.000000,0.000000,0.000000,0.000000,0.000000,-0.000000,-5.000000,-0.000000,3.995198,0.000000,0.000000,0.000036,1.000000,0.000000,-0.000000,0.000000,0.000000,0.000000,-0.000000,4512.590652,-0.000000,-0.000000,0.000000,2000.186843,2110.879267,2000.186843,2110.879267,2000.186843,2110.879267,2000.186843,2110.879267,0.008248,75
7.595320,1,-5.000000,-0.000000,3.995227,0.000000,0.000000,0.000000,0.000000,0.000000,0.000000,-0.000000,-5.000000,-0.000000,3.995198,0.000000,0.000000,0.000036,1.000000,0.000000,-0.000000,0.000000,0.000000,0.000000,-0.000000,4512.590379,-0.000000,-0.000000,0.000000,2000.186785,2110.879204,2000.186785,2110.879204,2000.186785,2110.879204,2000.186785,2110.879204,0.008248,75
7.600318,1,-5.000000,-0.000000,3.995227,0.000000,0.000000,0.000000,0.000000,0.000000,0.000000,-0.000000,-5.000000,-0.000000,3.995199,0.000000,0.000000,0.000036,1.000000,0.000000,-0.000000,0.000000,0.000000,0.000000,-0.000000,4512.590108,-0.000000,-0.000000,-0.000000,2000.186726,2110.879142,2000.186726,2110.879142,2000.186726,2110.879142,2000.186726,2110.879142,0.008248,75
7.605312,1,-5.000000,-0.000000,3.995227,0.000000,0.000000,0.000000,0.000000,0.000000,0.000000,-0.000000,-5.000000,-0.000000,3.995199,0.000000,0.000000,0.000037,1.000000,0.000000,-0.000000,0.000000,0.000000,0.000000,-0.000000,4512.589841,-0.000000,-0.000000,-0.000000,2000.186669,2110.879081,2000.186669,2110.879081,2000.186669,2110.879081,2000.186669,2110.879081,0.008248,75
7.610315,1,-5.000000,-0.000000,3.995227,0.000000,0.000000,0.000000,0.000000,0.000000,0.000000,-0.000000,-5.000000,-0.000000,3.995199,0.000000,0.000000,0.000037,1.000000,0.000000,-0.000000,0.000000,-0.000000,0.000000,-0.000000,4512.589578,-0.000000,-0.000000,-0.000000,2000.186612,2110.879020,2000.186612,2110.879020,2000.186612,2110.879020,2000.186612,2110.879020,0.008248,75
7.615323,1,-5.000000,-0.000000,3.995227,0.000000,0.000000,0.000000,0.000000,0.000000,0.000000,-0.000000,-5.000000,-0.000000,3.995199,0.000000,0.000000,0.000037,1.000000,0.000000,-0.000000,0.000000,-0.000000,0.000000,-0.000000,4512.589317,-0.000000,-0.000000,-0.000000,2000.186556,2110.878961,2000.186556,2110.878961,2000.186556,2110.878961,2000.186556,2110.878961,0.008248,75
7.620311,1,-5.000000,-0.000000,3.995227,0.000000,0.000000,0.000000,0.000000,0.000000,0.000000,-0.000000,-5.000000,-0.000000,3.995199,0.000000,0.000000,0.000037,1.000000,0.000000,-0.000000,0.000000,-0.000000,0.000000,-0.000000,4512.589058,-0.000000,-0.000000,-0.000000,2000.186501,2110.878901,2000.186501,2110.878901,2000.186501,2110.878901,2000.186501,2110.878901,0.008248,75
7.625311,1,-5.000000,-0.000000,3.995227,0.000000,0.000000,0.000000,0.000000,0.000000,0.000000,-0.000000,-5.000000,-0.000000,3.995199,0.000000,0.000000,0.000037,1.000000,0.000000,-0.000000,0.000000,-0.000000,0.000000,-0.000000,4512.588804,-0.000000,-0.000000,-0.000000,2000.186446,2110.878843,2000.186446,2110.878843,2000.186446,2110.878843,2000.186446,2110.878843,0.008248,75
7.630317,1,-5.000000,-0.000000,3.995227,0.000000,0.000000,0.000000,0.000000,0.000000,0.000000,-0.000000,-5.000000,-0.000000,3.995200,0.000000,0.000000,0.000037,1.000000,0.000000,-0.000000,0.000000,-0.000000,0.000000,-0.000000,4512.588552,-0.000000,-0.000000,-0.000000,2000.186392,2110.878786,2000.186392,2110.878786,2000.186392,2110.878786,2000.186392,2110.878786,0.008248,75
7.635325,1,-5.000000,-0.000000,3.995227,0.000000,0.000000,0.000000,0.000000,0.000000,0.000000,-0.000000,-5.000000,-0.000000,3.995200,0.000000,0.000000,0.000037,1.000000,0.000000,-0.000000,0.000000,-0.000000,0.000000,-0.000000,4512.588303,-0.000000,-0.000000,-0.000000,2000.186339,2110.878728,2000.186339,2110.878728,2000.186339,2110.878728,2000.186339,2110.878728,0.008248,75
7.640304,1,-5.000000,-0.000000,3.995227,0.000000,0.000000,0.000000,0.000000,0.000000,0.000000,-0.000000,-5.000000,-0.000000,3.995200,0.000000,0.000000,0.000037,1.000000,0.000000,-0.000000,0.000000,-0.000000,0.000000,-0.000000,4512.588057,-0.000000,-0.000000,-0.000000,2000.186286,2110.878672,2000.186286,2110.878672,2000.186286,2110.878672,2000.186286,2110.878672,0.008248,75
7.645315,1,-5.000000,-0.000000,3.995227,0.000000,0.000000,0.000000,0.000000,0.000000,0.000000,-0.000000,-5.000000,-0.000000,3.995200,0.000000,0.000000,0.000037,1.000000,0.000000,-0.000000,0.000000,-0.000000,0.000000,-0.000000,4512.587815,-0.000000,-0.000000,0.000000,2000.186234,2110.878617,2000.186234,2110.878617,2000.186234,2110.878617,2000.186234,2110.878617,0.008248,75
7.650332,1,-5.000000,-0.000000,3.995227,0.000000,0.000000,0.000000,0.000000,0.000000,0.000000,-0.000000,-5.000000,-0.000000,3.995200,0.000000,0.000000,0.000037,1.000000,0.000000,-0.000000,0.000000,-0.000000,0.000000,-0.000000,4512.587574,-0.000000,-0.000000,0.000000,2000.186182,2110.878561,2000.186182,2110.878561,2000.186182,2110.878561,2000.186182,2110.878561,0.008248,75
7.655306,1,-5.000000,-0.000000,3.995227,0.000000,0.000000,0.000000,0.000000,0.000000,0.000000,-0.000000,-5.000000,-0.000000,3.995201,0.000000,0.000000,0.000037,1.000000,0.000000,-0.000000,0.000000,-0.000000,0.000000,-0.000000,4512.587336,-0.000000,-0.000000,0.000000,2000.186131,2110.878507,2000.186131,2110.878507,2000.186131,2110.878507,2000.186131,2110.878507,0.008248,75
7.660309,1,-5.000000,-0.000000,3.995227,0.000000,0.000000,0.000000,0.000000,0.000000,0.000000,-0.000000,-5.000000,-0.000000,3.995201,0.000000,0.000000,0.000037,1.000000,0.000000,-0.000000,0.000000,-0.000000,0.000000,-0.000000,4512.587103,-0.000000,-0.000000,0.000000,2000.186081,2110.878453,2000.186081,2110.878453,2000.186081,2110.878453,2000.186081,2110.878453,0.008248,75
7.665352,1,-5.000000,-0.000000,3.995227,0.000000,0.000000,0.000000,0.000000,0.000000,0.000000,-0.000000,-5.000000,-0.000000,3.995201,0.000000,0.000000,0.000037,1.000000,0.000000,-0.000000,0.000000,-0.000000,0.000000,-0.000000,4512.586871,-0.000000,-0.000000,0.000000,2000.186031,2110.878400,2000.186031,2110.878400,2000.186031,2110.878400,2000.186031,2110.878400,0.008248,75
7.670314,1,-5.000000,-0.000000,3.995227,0.000000,0.000000,0.000000,0.000000,0.000000,0.000000,-0.000000,-5.000000,-0.000000,3.995201,0.000000,0.000000,0.000037,1.000000,0.000000,-0.000000,0.000000,-0.000000,0.000000,-0.000000,4512.586641,-0.000000,-0.000000,0.000000,2000.185982,2110.878348,2000.185982,2110.878348,2000.185982,2110.878348,2000.185982,2110.878348,0.008248,75
7.675350,1,-5.000000,-0.000000,3.995227,0.000000,0.000000,0.000000,0.000000,0.000000,0.000000,-0.000000,-5.000000,-0.000000,3.995201,0.000000,0.000000,0.000037,1.000000,0.000000,-0.000000,0.000000,-0.000000,0.000000,-0.000000,4512.586416,-0.000000,-0.000000,0.000000,2000.185934,2110.878296,2000.185934,2110.878296,2000.185934,2110.878296,2000.185934,2110.878296,0.008248,75
7.680320,1,-5.000000,-0.000000,3.995227,0.000000,0.000000,0.000000,0.000000,0.000000,0.000000,-0.000000,-5.000000,-0.000000,3.995201,0.000000,0.000000,0.000037,1.000000,0.000000,-0.000000,0.000000,-0.000000,0.000000,-0.000000,4512.586192,-0.000000,-0.000000,0.000000,2000.185886,2110.878245,2000.185886,2110.878245,2000.185886,2110.878245,2000.185886,2110.878245,0.008248,75
7.685319,1,-5.000000,-0.000000,3.995227,0.000000,0.000000,0.000000,0.000000,0.000000,0.000000,-0.000000,-5.000000,-0.000000,3.995202,0.000000,0.000000,0.000037,1.000000,0.000000,-0.000000,0.000000,-0.000000,0.000000,-0.000000,4512.585973,-0.000000,-0.000000,0.000000,2000.185839,2110.878195,2000.185839,2110.878195,2000.185839,2110.878195,2000.185839,2110.878195,0.008248,75
7.690347,1,-5.000000,-0.000000,3.995227,0.000000,0.000000,0.000000,0.000000,0.000000,0.000000,-0.000000,-5.000000,-0.000000,3.995202,0.000000,0.000000,0.000037,1.000000,0.000000,-0.000000,0.000000,-0.000000,0.000000,-0.000000,4512.585755,-0.000000,-0.000000,0.000000,2000.185792,2110.878145,2000.185792,2110.878145,2000.185792,2110.878145,2000.185792,2110.878145,0.008248,75
7.695347,1,-5.000000,-0.000000,3.995227,0.000000,0.000000,0.000000,0.000000,0.000000,0.000000,-0.000000,-5.000000,-0.000000,3.995202,0.000000,0.000000,0.000037,1.000000,0.000000,-0.000000,0.000000,-0.000000,0.000000,-0.000000,4512.585539,-0.000000,-0.000000,0.000000,2000.185745,2110.878095,2000.185745,2110.878095,2000.185745,2110.878095,2000.185745,2110.878095,0.008248,75
7.700253,1,-5.000000,-0.000000,3.995227,0.000000,0.000000,0.000000,0.000000,0.000000,0.000000,-0.000000,-5.000000,-0.000000,3.995202,0.000000,0.000000,0.000037,1.000000,0.000000,-0.000000,0.000000,-0.000000,0.000000,-0.000000,4512.585327,-0.000000,-0.000000,0.000000,2000.185700,2110.878047,2000.185700,2110.878047,2000.185700,2110.878047,2000.185700,2110.878047,0.008248,75
7.705212,1,-5.000000,-0.000000,3.995227,0.000000,0.000000,0.000000,0.000000,0.000000,0.000000,-0.000000,-5.000000,-0.000000,3.995202,0.000000,0.000000,0.000037,1.000000,0.000000,-0.000000,0.000000,-0.000000,0.000000,-0.000000,4512.585121,-0.000000,-0.000000,-0.000000,2000.185656,2110.877999,2000.185656,2110.877999,2000.185656,2110.877999,2000.185656,2110.877999,0.008248,75
7.710209,1,-5.000000,-0.000000,3.995227,0.000000,0.000000,0.000000,0.000000,0.000000,0.000000,-0.000000,-5.000000,-0.000000,3.995203,0.000000,0.000000,0.000037,1.000000,0.000000,-0.000000,0.000000,-0.000000,0.000000,0.000000,4512.584916,-0.000000,-0.000000,-0.000000,2000.185612,2110.877952,2000.185612,2110.877952,2000.185612,2110.877952,2000.185612,2110.877952,0.008248,75
7.715301,1,-5.000000,-0.000000,3.995227,0.000000,0.000000,0.000000,0.000000,0.000000,0.000000,-0.000000,-5.000000,-0.000000,3.995203,0.000000,0.000000,0.000037,1.000000,0.000000,-0.000000,0.000000,-0.000000,0.000000,-0.000000,4512.584712,-0.000000,-0.000000,-0.000000,2000.185568,2110.877906,2000.185568,2110.877906,2000.185568,2110.877906,2000.185568,2110.877906,0.008248,75
7.720315,1,-5.000000,-0.000000,3.995227,0.000000,0.000000,0.000000,0.000000,0.000000,0.000000,-0.000000,-5.000000,-0.000000,3.995203,0.000000,0.000000,0.000037,1.000000,0.000000,0.000000,0.000000,-0.000000,0.000000,0.000000,4512.584507,-0.000000,-0.000000,-0.000000,2000.185524,2110.877859,2000.185524,2110.877859,2000.185524,2110.877859,2000.185524,2110.877859,0.008248,75
7.725304,1,-5.000000,-0.000000,3.995227,0.000000,0.000000,0.000000,0.000000,0.000000,0.000000,-0.000000,-5.000000,-0.000000,3.995203,0.000000,0.000000,0.000037,1.000000,0.000000,0.000000,0.000000,-0.000000,0.000000,0.000000,4512.584307,-0.000000,-0.000000,-0.000000,2000.185481,2110.877813,2000.185481,2110.877813,2000.185481,2110.877813,2000.185481,2110.877813,0.008248,75
7.730317,1,-5.000000,-0.000000,3.995227,0.000000,0.000000,0.000000,0.000000,0.000000,0.000000,-0.000000,-5.000000,-0.000000,3.995203,0.000000,0.000000,0.000037,1.000000,0.000000,0.000000,0.000000,-0.000000,0.000000,0.000000,4512.584111,-0.000000,-0.000000,-0.000000,2000.185439,2110.877768,2000.185439,2110.877768,2000.185439,2110.877768,2000.185439,2110.877768,0.008248,75
7.735302,1,-5.000000,-0.000000,3.995227,0.000000,0.000000,0.000000,0.000000,0.000000,0.000000,-0.000000,-5.000000,-0.000000,3.995204,0.000000,0.000000,0.000037,1.000000,0.000000,0.000000,0.000000,-0.000000,0.000000,0.000000,4512.583917,-0.000000,-0.000000,-0.000000,2000.185397,2110.877723,2000.185397,2110.877723,2000.185397,2110.877723,2000.185397,2110.877723,0.008248,75
7.740306,1,-5.000000,-0.000000,3.995227,0.000000,0.000000,0.000000,0.000000,0.000000,0.000000,-0.000000,-5.000000,-0.000000,3.995204,0.000000,0.000000,0.000037,1.000000,0.000000,0.000000,0.000000,-0.000000,0.000000,-0.000000,4512.583726,-0.000000,-0.000000,-0.000000,2000.185356,2110.877680,2000.185356,2110.877680,2000.185356,2110.877680,2000.185356,2110.877680,0.008248,75
7.745342,1,-5.000000,-0.000000,3.995227,0.000000,0.000000,0.000000,0.000000,0.000000,0.000000,-0.000000,-5.000000,-0.000000,3.995204,0.000000,0.000000,0.000037,1.000000,0.000000,0.000000,0.000000,-0.000000,0.000000,0.000000,4512.583537,-0.000000,-0.000000,-0.000000,2000.185316,2110.877636,2000.185316,2110.877636,2000.185316,2110.877636,2000.185316,2110.877636,0.008248,75
7.750331,1,-5.000000,-0.000000,3.995227,0.000000,0.000000,0.000000,0.000000,0.000000,0.000000,-0.000000,-5.000000,-0.000000,3.995204,0.000000,-0.000000,0.000037,1.000000,0.000000,0.000000,0.000000,-0.000000,0.000000,0.000000,4512.583349,-0.000000,-0.000000,-0.000000,2000.185275,2110.877593,2000.185275,2110.877593,2000.185275,2110.877593,2000.185275,2110.877593,0.008248,75
7.755345,1,-5.000000,-0.000000,3.995227,0.000000,0.000000,0.000000,0.000000,0.000000,0.000000,-0.000000,-5.000000,-0.000000,3.995204,0.000000,-0.000000,0.000037,1.000000,0.000000,0.000000,0.000000,-0.000000,0.000000,0.000000,4512.583166,-0.000000,-0.000000,-0.000000,2000.185236,2110.877551,2000.185236,2110.877551,2000.185236,2110.877551,2000.185236,2110.877551,0.008248,75
7.760224,1,-5.000000,-0.000000,3.995227,0.000000,0.000000,0.000000,0.000000,0.000000,0.000000,-0.000000,-5.000000,-0.000000,3.995204,0.000000,-0.000000,0.000037,1.000000,0.000000,0.000000,0.000000,-0.000000,0.000000,0.000000,4512.582984,-0.000000,-0.000000,-0.000000,2000.185197,2110.877510,2000.185197,2110.877510,2000.185197,2110.877510,2000.185197,2110.877510,0.008248,75
7.765217,1,-5.000000,-0.000000,3.995227,0.000000,0.000000,0.000000,0.000000,0.000000,0.000000,-0.000000,-5.000000,-0.000000,3.995205,0.000000,-0.000000,0.000037,1.000000,0.000000,0.000000,0.000000,-0.000000,0.000000,0.000000,4512.582809,-0.000000,-0.000000,-0.000000,2000.185159,2110.877470,2000.185159,2110.877470,2000.185159,2110.877470,2000.185159,2110.877470,0.008248,75
7.770302,1,-5.000000,-0.000000,3.995227,0.000000,0.000000,0.000000,0.000000,0.000000,0.000000,-0.000000,-5.000000,-0.000000,3.995205,0.000000,-0.000000,0.000037,1.000000,0.000000,0.000000,0.000000,-0.000000,0.000000,0.000000,4512.582632,-0.000000,-0.000000,-0.000000,2000.185121,2110.877429,2000.185121,2110.877429,2000.185121,2110.877429,2000.185121,2110.877429,0.008248,75
7.775314,1,-5.000000,-0.000000,3.995227,0.000000,0.000000,0.000000,0.000000,0.000000,0.000000,-0.000000,-5.000000,-0.000000,3.995205,0.000000,-0.000000,0.000037,1.000000,0.000000,0.000000,0.000000,-0.000000,0.000000,0.000000,4512.582455,-0.000000,-0.000000,-0.000000,2000.185083,2110.877389,2000.185083,2110.877389,2000.185083,2110.877389,2000.185083,2110.877389,0.008248,75
7.780216,1,-5.000000,-0.000000,3.995227,0.000000,0.000000,0.000000,0.000000,0.000000,0.000000,-0.000000,-5.000000,-0.000000,3.995205,0.000000,-0.000000,0.000037,1.000000,0.000000,0.000000,0.000000,-0.000000,0.000000,0.000000,4512.582283,-0.000000,-0.000000,-0.000000,2000.185046,2110.877349,2000.185046,2110.877349,2000.185046,2110.877349,2000.185046,2110.877349,0.008248,75
7.785226,1,-5.000000,-0.000000,3.995227,0.000000,0.000000,0.000000,0.000000,0.000000,0.000000,-0.000000,-5.000000,-0.000000,3.995205,0.000000,-0.000000,0.000037,1.000000,0.000000,0.000000,0.000000,-0.000000,0.000000,0.000000,4512.582117,-0.000000,-0.000000,-0.000000,2000.185011,2110.877311,2000.185011,2110.877311,2000.185011,2110.877311,2000.185011,2110.877311,0.008248,75
7.790306,1,-5.000000,-0.000000,3.995227,0.000000,0.000000,0.000000,0.000000,0.000000,0.000000,-0.000000,-5.000000,-0.000000,3.995206,0.000000,-0.000000,0.000037,1.000000,0.000000,0.000000,0.000000,-0.000000,0.000000,0.000000,4512.581949,-0.000000,-0.000000,-0.000000,2000.184975,2110.877273,2000.184975,2110.877273,2000.184975,2110.877273,2000.184975,2110.877273,0.008248,75
7.795364,1,-5.000000,-0.000000,3.995227,0.000000,0.000000,0.000000,0.000000,0.000000,0.000000,-0.000000,-5.000000,-0.000000,3.995206,0.000000,-0.000000,0.000037,1.000000,0.000000,0.000000,0.000000,-0.000000,0.000000,0.000000,4512.581782,-0.000000,-0.000000,-0.000000,2000.184939,2110.877234,2000.184939,2110.877234,2000.184939,2110.877234,2000.184939,2110.877234,0.008248,75
7.800342,1,-5.000000,-0.000000,3.995227,0.000000,0.000000,0.000000,0.000000,0.000000,0.000000,-0.000000,-5.000000,-0.000000,3.995206,0.000000,-0.000000,0.000037,1.000000,0.000000,0.000000,0.000000,-0.000000,0.000000,0.000000,4512.581617,-0.000000,-0.000000,-0.000000,2000.184903,2110.877197,2000.184903,2110.877197,2000.184903,2110.877197,2000.184903,2110.877197,0.008248,75
7.805227,1,-5.000000,-0.000000,3.995227,0.000000,0.000000,0.000000,0.000000,0.000000,0.000000,-0.000000,-5.000000,-0.000000,3.995206,0.000000,-0.000000,0.000037,1.000000,0.000000,0.000000,0.000000,-0.000000,0.000000,0.000000,4512.581458,-0.000000,-0.000000,-0.000000,2000.184869,2110.877160,2000.184869,2110.877160,2000.184869,2110.877160,2000.184869,2110.877160,0.008248,75
7.810250,1,-5.000000,-0.000000,3.995227,0.000000,0.000000,0.000000,0.000000,0.000000,0.000000,-0.000000,-5.000000,-0.000000,3.995206,0.000000,-0.000000,0.000037,1.000000,0.000000,0.000000,0.000000,-0.000000,0.000000,0.000000,4512.581303,-0.000000,-0.000000,-0.000000,2000.184836,2110.877125,2000.184836,2110.877125,2000.184836,2110.877125,2000.184836,2110.877125,0.008248,75
7.815220,1,-5.000000,-0.000000,3.995227,0.000000,0.000000,0.000000,0.000000,0.000000,0.000000,-0.000000,-5.000000,-0.000000,3.995206,0.000000,-0.000000,0.000037,1.000000,0.000000,0.000000,0.000000,-0.000000,0.000000,0.000000,4512.581147,-0.000000,-0.000000,-0.000000,2000.184802,2110.877089,2000.184802,2110.877089,2000.184802,2110.877089,2000.184802,2110.877089,0.008248,75
7.820215,1,-5.000000,-0.000000,3.995227,0.000000,0.000000,0.000000,0.000000,0.000000,0.000000,-0.000000,-5.000000,-0.000000,3.995207,0.000000,-0.000000,0.000037,1.000000,0.000000,0.000000,0.000000,-0.000000,0.000000,0.000000,4512.580994,-0.000000,-0.000000,-0.000000,2000.184770,2110.877054,2000.184770,2110.877054,2000.184770,2110.877054,2000.184770,2110.877054,0.008248,75
7.825215,1,-5.000000,-0.000000,3.995227,0.000000,0.000000,0.000000,0.000000,0.000000,0.000000,-0.000000,-5.000000,-0.000000,3.995207,0.000000,-0.000000,0.000037,1.000000,0.000000,0.000000,0.000000,-0.000000,0.000000,0.000000,4512.580843,-0.000000,-0.000000,-0.000000,2000.184737,2110.877019,2000.184737,2110.877019,2000.184737,2110.877019,2000.184737,2110.877019,0.008248,75
7.830329,1,-5.000000,-0.000000,3.995227,0.000000,0.000000,0.000000,0.000000,0.000000,0.000000,-0.000000,-5.000000,-0.000000,3.995207,0.000000,-0.000000,0.000037,1.000000,0.000000,0.000000,0.000000,-0.000000,0.000000,0.000000,4512.580694,-0.000000,-0.000000,-0.000000,2000.184705,2110.876985,2000.184705,2110.876985,2000.184705,2110.876985,2000.184705,2110.876985,0.008248,75
7.835321,1,-5.000000,-0.000000,3.995227,0.000000,0.000000,0.000000,0.000000,0.000000,0.000000,-0.000000,-5.000000,-0.000000,3.995207,0.000000,-0.000000,0.000037,1.000000,0.000000,0.000000,0.000000,-0.000000,0.000000,0.000000,4512.580543,-0.000000,-0.000000,-0.000000,2000.184673,2110.876951,2000.184673,2110.876951,2000.184673,2110.876951,2000.184673,2110.876951,0.008248,75
7.840326,1,-5.000000,-0.000000,3.995227,0.000000,0.000000,0.000000,0.000000,0.000000,0.000000,-0.000000,-5.000000,-0.000000,3.995207,0.000000,-0.000000,0.000037,1.000000,0.000000,0.000000,0.000000,-0.000000,0.000000,0.000000,4512.580398,-0.000000,-0.000000,-0.000000,2000.184642,2110.876917,2000.184642,2110.876917,2000.184642,2110.876917,2000.184642,2110.876917,0.008248,75
7.845339,1,-5.000000,-0.000000,3.995227,0.000000,0.000000,0.000000,0.000000,0.000000,0.000000,-0.000000,-5.000000,-0.000000,3.995208,0.000000,-0.000000,0.000037,1.000000,0.000000,0.000000,0.000000,-0.000000,0.000000,0.000000,4512.580256,-0.000000,-0.000000,-0.000000,2000.184611,2110.876885,2000.184611,2110.876885,2000.184611,2110.876885,2000.184611,2110.876885,0.008248,75
7.850216,1,-5.000000,-0.000000,3.995227,0.000000,0.000000,0.000000,0.000000,0.000000,0.000000,-0.000000,-5.000000,-0.000000,3.995208,0.000000,-0.000000,0.000037,1.000000,0.000000,0.000000,0.000000,-0.000000,0.000000,0.000000,4512.580115,-0.000000,-0.000000,-0.000000,2000.184581,2110.876852,2000.184581,2110.876852,2000.184581,2110.876852,2000.184581,2110.876852,0.008248,75
7.855254,1,-5.000000,-0.000000,3.995227,0.000000,0.000000,0.000000,0.000000,0.000000,0.000000,-0.000000,-5.000000,-0.000000,3.995208,0.000000,-0.000000,0.000037,1.000000,0.000000,0.000000,0.000000,-0.000000,0.000000,0.000000,4512.579979,-0.000000,-0.000000,-0.000000,2000.184552,2110.876821,2000.184552,2110.876821,2000.184552,2110.876821,2000.184552,2110.876821,0.008248,75
7.860263,1,-5.000000,-0.000000,3.995227,0.000000,0.000000,0.000000,0.000000,0.000000,0.000000,-0.000000,-5.000000,-0.000000,3.995208,0.000000,-0.000000,0.000036,1.000000,0.000000,0.000000,0.000000,-0.000000,0.000000,0.000000,4512.579842,-0.000000,-0.000000,-0.000000,2000.184522,2110.876790,2000.184522,2110.876790,2000.184522,2110.876790,2000.184522,2110.876790,0.008248,75
7.865317,1,-5.000000,-0.000000,3.995227,0.000000,0.000000,0.000000,0.000000,0.000000,0.000000,-0.000000,-5.000000,-0.000000,3.995208,0.000000,-0.000000,0.000036,1.000000,0.000000,0.000000,0.000000,-0.000000,0.000000,0.000000,4512.579707,-0.000000,-0.000000,-0.000000,2000.184493,2110.876759,2000.184493,2110.876759,2000.184493,2110.876759,2000.184493,2110.876759,0.008248,75
7.870317,1,-5.000000,-0.000000,3.995227,0.000000,0.000000,0.000000,0.000000,0.000000,0.000000,-0.000000,-5.000000,-0.000000,3.995209,0.000000,-0.000000,0.000036,1.000000,0.000000,0.000000,0.000000,-0.000000,0.000000,0.000000,4512.579573,-0.000000,-0.000000,-0.000000,2000.184465,2110.876728,2000.184465,2110.876728,2000.184465,2110.876728,2000.184465,2110.876728,0.008248,75
7.875341,1,-5.000000,-0.000000,3.995227,0.000000,0.000000,0.000000,0.000000,0.000000,0.000000,-0.000000,-5.000000,-0.000000,3.995209,0.000000,-0.000000,0.000036,1.000000,0.000000,0.000000,0.000000,-0.000000,0.000000,0.000000,4512.579443,-0.000000,-0.000000,-0.000000,2000.184437,2110.876699,2000.184437,2110.876699,2000.184437,2110.876699,2000.184437,2110.876699,0.008248,75
7.880315,1,-5.000000,-0.000000,3.995227,0.000000,0.000000,0.000000,0.000000,0.000000,0.000000,-0.000000,-5.000000,-0.000000,3.995209,0.000000,-0.000000,0.000036,1.000000,0.000000,0.000000,0.000000,-0.000000,0.000000,0.000000,4512.579314,-0.000000,-0.000000,-0.000000,2000.184409,2110.876669,2000.184409,2110.876669,2000.184409,2110.876669,2000.184409,2110.876669,0.008248,75
7.885351,1,-5.000000,-0.000000,3.995227,0.000000,0.000000,0.000000,0.000000,0.000000,0.000000,-0.000000,-5.000000,-0.000000,3.995209,0.000000,-0.000000,0.000036,1.000000,0.000000,0.000000,0.000000,0.000000,0.000000,0.000000,4512.579188,-0.000000,-0.000000,-0.000000,2000.184382,2110.876640,2000.184382,2110.876640,2000.184382,2110.876640,2000.184382,2110.876640,0.008248,75
7.890326,1,-5.000000,-0.000000,3.995227,0.000000,0.000000,0.000000,0.000000,0.000000,0.000000,-0.000000,-5.000000,-0.000000,3.995209,0.000000,-0.000000,0.000036,1.000000,0.000000,0.000000,0.000000,0.000000,0.000000,-0.000000,4512.579063,-0.000000,-0.000000,-0.000000,2000.184355,2110.876611,2000.184355,2110.876611,2000.184355,2110.876611,2000.184355,2110.876611,0.008248,75
7.895218,1,-5.000000,-0.000000,3.995227,0.000000,0.000000,0.000000,0.000000,0.000000,0.000000,-0.000000,-5.000000,-0.000000,3.995209,0.000000,-0.000000,0.000036,1.000000,0.000000,0.000000,0.000000,-0.000000,0.000000,-0.000000,4512.578941,-0.000000,-0.000000,-0.000000,2000.184329,2110.876584,2000.184329,2110.876584,2000.184329,2110.876584,2000.184329,2110.876584,0.008248,75
7.900220,1,-5.000000,-0.000000,3.995227,0.000000,0.000000,0.000000,0.000000,0.000000,0.000000,-0.000000,-5.000000,-0.000000,3.995210,0.000000,-0.000000,0.000036,1.000000,0.000000,0.000000,0.000000,-0.000000,0.000000,-0.000000,4512.578823,-0.000000,-0.000000,-0.000000,2000.184304,2110.876557,2000.184304,2110.876557,2000.184304,2110.876557,2000.184304,2110.876557,0.008248,75
7.905329,1,-5.000000,-0.000000,3.995227,0.000000,0.000000,0.000000,0.000000,0.000000,0.000000,-0.000000,-5.000000,-0.000000,3.995210,0.000000,-0.000000,0.000036,1.000000,0.000000,0.000000,0.000000,-0.000000,0.000000,-0.000000,4512.578705,-0.000000,-0.000000,-0.000000,2000.184278,2110.876529,2000.184278,2110.876529,2000.184278,2110.876529,2000.184278,2110.876529,0.008248,75
7.910351,1,-5.000000,-0.000000,3.995227,0.000000,0.000000,0.000000,0.000000,0.000000,0.000000,-0.000000,-5.000000,-0.000000,3.995210,0.000000,-0.000000,0.000036,1.000000,0.000000,0.000000,0.000000,-0.000000,0.000000,-0.000000,4512.578585,-0.000000,-0.000000,-0.000000,2000.184253,2110.876502,2000.184253,2110.876502,2000.184253,2110.876502,2000.184253,2110.876502,0.008248,75
7.915222,1,-5.000000,-0.000000,3.995227,0.000000,0.000000,0.000000,0.000000,0.000000,0.000000,-0.000000,-5.000000,-0.000000,3.995210,0.000000,-0.000000,0.000036,1.000000,0.000000,0.000000,0.000000,-0.000000,0.000000,-0.000000,4512.578470,-0.000000,-0.000000,-0.000000,2000.184228,2110.876476,2000.184228,2110.876476,2000.184228,2110.876476,2000.184228,2110.876476,0.008248,75
7.920220,1,-5.000000,-0.000000,3.995227,0.000000,0.000000,0.000000,0.000000,0.000000,0.000000,-0.000000,-5.000000,-0.000000,3.995210,0.000000,-0.000000,0.000036,1.000000,0.000000,0.000000,0.000000,0.000000,0.000000,-0.000000,4512.578360,-0.000000,-0.000000,-0.000000,2000.184204,2110.876450,2000.184204,2110.876450,2000.184204,2110.876450,2000.184204,2110.876450,0.008248,75
7.925213,1,-5.000000,-0.000000,3.995227,0.000000,0.000000,0.000000,0.000000,0.000000,0.000000,-0.000000,-5.000000,-0.000000,3.995210,0.000000,-0.000000,0.000036,1.000000,0.000000,0.000000,0.000000,0.000000,0.000000,-0.000000,4512.578249,-0.000000,-0.000000,-0.000000,2000.184180,2110.876425,2000.184180,2110.876425,2000.184180,2110.876425,2000.184180,2110.876425,0.008248,75
7.930215,1,-5.000000,-0.000000,3.995227,0.000000,0.000000,0.000000,0.000000,0.000000,0.000000,-0.000000,-5.000000,-0.000000,3.995211,0.000000,-0.000000,0.000036,1.000000,0.000000,0.000000,0.000000,0.000000,0.000000,-0.000000,4512.578140,-0.000000,-0.000000,-0.000000,2000.184157,2110.876400,2000.184157,2110.876400,2000.184157,2110.876400,2000.184157,2110.876400,0.008248,75
7.935323,1,-5.000000,-0.000000,3.995227,0.000000,0.000000,0.000000,0.000000,0.000000,0.000000,-0.000000,-5.000000,-0.000000,3.995211,0.000000,-0.000000,0.000036,1.000000,0.000000,0.000000,0.000000,0.000000,0.000000,-0.000000,4512.578032,-0.000000,-0.000000,-0.000000,2000.184134,2110.876375,2000.184134,2110.876375,2000.184134,2110.876375,2000.184134,2110.876375,0.008248,75
7.940217,1,-5.000000,-0.000000,3.995227,0.000000,0.000000,0.000000,0.000000,0.000000,0.000000,-0.000000,-5.000000,-0.000000,3.995211,0.000000,-0.000000,0.000035,1.000000,0.000000,0.000000,0.000000,0.000000,0.000000,-0.000000,4512.577924,-0.000000,-0.000000,-0.000000,2000.184111,2110.876351,2000.184111,2110.876351,2000.184111,2110.876351,2000.184111,2110.876351,0.008248,75
7.945219,1,-5.000000,-0.000000,3.995227,0.000000,0.000000,0.000000,0.000000,0.000000,0.000000,-0.000000,-5.000000,-0.000000,3.995211,0.000000,-0.000000,0.000035,1.000000,0.000000,0.000000,0.000000,0.000000,0.000000,-0.000000,4512.577822,-0.000000,-0.000000,0.000000,2000.184089,2110.876327,2000.184089,2110.876327,2000.184089,2110.876327,2000.184089,2110.876327,0.008248,75
7.950314,1,-5.000000,-0.000000,3.995227,0.000000,0.000000,0.000000,0.000000,0.000000,0.000000,-0.000000,-5.000000,-0.000000,3.995211,0.000000,-0.000000,0.000035,1.000000,0.000000,0.000000,0.000000,0.000000,0.000000,-0.000000,4512.577720,-0.000000,-0.000000,0.000000,2000.184067,2110.876304,2000.184067,2110.876304,2000.184067,2110.876304,2000.184067,2110.876304,0.008248,75
7.955321,1,-5.000000,-0.000000,3.995227,0.000000,0.000000,0.000000,0.000000,0.000000,0.000000,-0.000000,-5.000000,-0.000000,3.995212,0.000000,-0.000000,0.000035,1.000000,0.000000,0.000000,0.000000,0.000000,0.000000,-0.000000,4512.577618,-0.000000,-0.000000,0.000000,2000.184045,2110.876280,2000.184045,2110.876280,2000.184045,2110.876280,2000.184045,2110.876280,0.008248,75
7.960335,1,-5.000000,-0.000000,3.995227,0.000000,0.000000,0.000000,0.000000,0.000000,0.000000,-0.000000,-5.000000,-0.000000,3.995212,0.000000,-0.000000,0.000035,1.000000,0.000000,0.000000,0.000000,0.000000,0.000000,-0.000000,4512.577519,-0.000000,-0.000000,0.000000,2000.184024,2110.876258,2000.184024,2110.876258,2000.184024,2110.876258,2000.184024,2110.876258,0.008248,75
7.965312,1,-5.000000,-0.000000,3.995227,0.000000,0.000000,0.000000,0.000000,0.000000,0.000000,-0.000000,-5.000000,-0.000000,3.995212,0.000000,-0.000000,0.000035,1.000000,0.000000,0.000000,0.000000,0.000000,0.000000,-0.000000,4512.577422,-0.000000,-0.000000,0.000000,2000.184003,2110.876236,2000.184003,2110.876236,2000.184003,2110.876236,2000.184003,2110.876236,0.008248,75
7.970313,1,-5.000000,-0.000000,3.995227,0.000000,0.000000,0.000000,0.000000,0.000000,0.000000,-0.000000,-5.000000,-0.000000,3.995212,0.000000,-0.000000,0.000035,1.000000,0.000000,0.000000,0.000000,0.000000,0.000000,-0.000000,4512.577327,-0.000000,-0.000000,0.000000,2000.183983,2110.876214,2000.183983,2110.876214,2000.183983,2110.876214,2000.183983,2110.876214,0.008248,75
7.975387,1,-5.000000,-0.000000,3.995227,0.000000,0.000000,0.000000,0.000000,0.000000,0.000000,-0.000000,-5.000000,-0.000000,3.995212,0.000000,-0.000000,0.000035,1.000000,0.000000,0.000000,0.000000,0.000000,0.000000,-0.000000,4512.577234,-0.000000,-0.000000,0.000000,2000.183962,2110.876192,2000.183962,2110.876192,2000.183962,2110.876192,2000.183962,2110.876192,0.008248,75
7.980274,1,-5.000000,-0.000000,3.995227,0.000000,0.000000,0.000000,0.000000,0.000000,0.000000,-0.000000,-5.000000,-0.000000,3.995212,0.000000,-0.000000,0.000035,1.000000,0.000000,0.000000,0.000000,0.000000,0.000000,-0.000000,4512.577141,-0.000000,-0.000000,0.000000,2000.183942,2110.876171,2000.183942,2110.876171,2000.183942,2110.876171,2000.183942,2110.876171,0.008248,75
7.985224,1,-5.000000,-0.000000,3.995227,0.000000,0.000000,0.000000,0.000000,0.000000,0.000000,-0.000000,-5.000000,-0.000000,3.995213,0.000000,-0.000000,0.000035,1.000000,0.000000,0.000000,0.000000,0.000000,0.000000,-0.000000,4512.577052,-0.000000,-0.000000,0.000000,2000.183924,2110.876151,2000.183924,2110.876151,2000.183924,2110.876151,2000.183924,2110.876151,0.008248,75
7.990216,1,-5.000000,-0.000000,3.995227,0.000000,0.000000,0.000000,0.000000,0.000000,0.000000,-0.000000,-5.000000,-0.000000,3.995213,0.000000,-0.000000,0.000035,1.000000,0.000000,0.000000,0.000000,0.000000,0.000000,-0.000000,4512.576965,-0.000000,-0.000000,0.000000,2000.183905,2110.876131,2000.183905,2110.876131,2000.183905,2110.876131,2000.183905,2110.876131,0.008248,75
7.995316,1,-5.000000,-0.000000,3.995227,0.000000,0.000000,0.000000,0.000000,0.000000,0.000000,-0.000000,-5.000000,-0.000000,3.995213,0.000000,-0.000000,0.000035,1.000000,0.000000,0.000000,0.000000,0.000000,0.000000,-0.000000,4512.576878,-0.000000,-0.000000,0.000000,2000.183886,2110.876111,2000.183886,2110.876111,2000.183886,2110.876111,2000.183886,2110.876111,0.008248,75
8.000307,1,-5.000000,-0.000000,3.995227,0.000000,0.000000,0.000000,0.000000,0.000000,0.000000,-0.000000,-5.000000,-0.000000,3.995213,0.000000,-0.000000,0.000034,1.000000,0.000000,0.000000,0.000000,0.000000,0.000000,-0.000000,4512.576791,-0.000000,-0.000000,0.000000,2000.183867,2110.876091,2000.183867,2110.876091,2000.183867,2110.876091,2000.183867,2110.876091,0.008248,75
8.005317,1,-5.000000,-0.000000,3.995227,0.000000,0.000000,0.000000,0.000000,0.000000,0.000000,-0.000000,-5.000000,-0.000000,3.995213,0.000000,-0.000000,0.000034,1.000000,0.000000,0.000000,0.000000,0.000000,0.000000,-0.000000,4512.576707,-0.000000,-0.000000,0.000000,2000.183849,2110.876072,2000.183849,2110.876072,2000.183849,2110.876072,2000.183849,2110.876072,0.008248,75
8.010321,1,-5.000000,-0.000000,3.995227,0.000000,0.000000,0.000000,0.000000,0.000000,0.000000,-0.000000,-5.000000,-0.000000,3.995213,0.000000,-0.000000,0.000034,1.000000,0.000000,0.000000,0.000000,-0.000000,0.000000,-0.000000,4512.576625,-0.000000,-0.000000,0.000000,2000.183832,2110.876053,2000.183832,2110.876053,2000.183832,2110.876053,2000.183832,2110.876053,0.008248,75
8.015255,1,-5.000000,-0.000000,3.995227,0.000000,0.000000,0.000000,0.000000,0.000000,0.000000,-0.000000,-5.000000,-0.000000,3.995214,0.000000,-0.000000,0.000034,1.000000,0.000000,0.000000,0.000000,-0.000000,0.000000,-0.000000,4512.576545,-0.000000,-0.000000,0.000000,2000.183814,2110.876034,2000.183814,2110.876034,2000.183814,2110.876034,2000.183814,2110.876034,0.008248,75
8.020245,1,-5.000000,-0.000000,3.995227,0.000000,0.000000,0.000000,0.000000,0.000000,0.000000,-0.000000,-5.000000,-0.000000,3.995214,0.000000,-0.000000,0.000034,1.000000,0.000000,0.000000,-0.000000,-0.000000,0.000000,-0.000000,4512.576467,-0.000000,-0.000000,0.000000,2000.183798,2110.876017,2000.183798,2110.876017,2000.183798,2110.876017,2000.183798,2110.876017,0.008248,75
8.025317,1,-5.000000,-0.000000,3.995227,0.000000,0.000000,0.000000,0.000000,0.000000,0.000000,-0.000000,-5.000000,-0.000000,3.995214,0.000000,-0.000000,0.000034,1.000000,0.000000,0.000000,-0.000000,-0.000000,0.000000,-0.000000,4512.576389,-0.000000,-0.000000,0.000000,2000.183781,2110.875999,2000.183781,2110.875999,2000.183781,2110.875999,2000.183781,2110.875999,0.008248,75
8.030335,1,-5.000000,-0.000000,3.995227,0.000000,0.000000,0.000000,0.000000,0.000000,0.000000,-0.000000,-5.000000,-0.000000,3.995214,0.000000,-0.000000,0.000034,1.000000,0.000000,0.000000,-0.000000,-0.000000,0.000000,-0.000000,4512.576312,-0.000000,-0.000000,0.000000,2000.183765,2110.875981,2000.183765,2110.875981,2000.183765,2110.875981,2000.183765,2110.875981,0.008248,75
8.035331,1,-5.000000,-0.000000,3.995227,0.000000,0.000000,0.000000,0.000000,0.000000,0.000000,-0.000000,-5.000000,-0.000000,3.995214,0.000000,-0.000000,0.000034,1.000000,0.000000,0.000000,-0.000000,-0.000000,0.000000,-0.000000,4512.576238,-0.000000,-0.000000,0.000000,2000.183749,2110.875964,2000.183749,2110.875964,2000.183749,2110.875964,2000.183749,2110.875964,0.008248,75
8.040330,1,-5.000000,-0.000000,3.995227,0.000000,0.000000,0.000000,0.000000,0.000000,0.000000,-0.000000,-5.000000,-0.000000,3.995214,0.000000,-0.000000,0.000034,1.000000,0.000000,0.000000,-0.000000,-0.000000,-0.000000,-0.000000,4512.576165,-0.000000,-0.000000,0.000000,2000.183733,2110.875947,2000.183733,2110.875947,2000.183733,2110.875947,2000.183733,2110.875947,0.008248,75
8.045330,1,-5.000000,-0.000000,3.995227,0.000000,0.000000,0.000000,0.000000,0.000000,0.000000,-0.000000,-5.000000,-0.000000,3.995215,0.000000,-0.000000,0.000034,1.000000,0.000000,0.000000,-0.000000,-0.000000,-0.000000,-0.000000,4512.576093,-0.000000,-0.000000,0.000000,2000.183718,2110.875931,2000.183718,2110.875931,2000.183718,2110.875931,2000.183718,2110.875931,0.008248,75
8.050326,1,-5.000000,-0.000000,3.995227,0.000000,0.000000,0.000000,0.000000,0.000000,0.000000,-0.000000,-5.000000,-0.000000,3.995215,0.000000,-0.000000,0.000034,1.000000,0.000000,0.000000,-0.000000,-0.000000,-0.000000,-0.000000,4512.576023,-0.000000,-0.000000,0.000000,2000.183703,2110.875915,2000.183703,2110.875915,2000.183703,2110.875915,2000.183703,2110.875915,0.008248,75
8.055328,1,-5.000000,-0.000000,3.995227,0.000000,0.000000,0.000000,0.000000,0.000000,0.000000,-0.000000,-5.000000,-0.000000,3.995215,0.000000,-0.000000,0.000033,1.000000,0.000000,0.000000,-0.000000,-0.000000,-0.000000,-0.000000,4512.575955,-0.000000,-0.000000,0.000000,2000.183688,2110.875899,2000.183688,2110.875899,2000.183688,2110.875899,2000.183688,2110.875899,0.008248,75
8.060323,1,-5.000000,-0.000000,3.995227,0.000000,0.000000,0.000000,0.000000,0.000000,0.000000,-0.000000,-5.000000,-0.000000,3.995215,0.000000,-0.000000,0.000033,1.000000,0.000000,0.000000,-0.000000,-0.000000,-0.000000,-0.000000,4512.575888,-0.000000,-0.000000,0.000000,2000.183673,2110.875884,2000.183673,2110.875884,2000.183673,2110.875884,2000.183673,2110.875884,0.008248,75
8.065316,1,-5.000000,-0.000000,3.995227,0.000000,0.000000,0.000000,0.000000,0.000000,0.000000,-0.000000,-5.000000,-0.000000,3.995215,0.000000,-0.000000,0.000033,1.000000,0.000000,0.000000,-0.000000,-0.000000,-0.000000,-0.000000,4512.575822,-0.000000,-0.000000,0.000000,2000.183659,2110.875869,2000.183659,2110.875869,2000.183659,2110.875869,2000.183659,2110.875869,0.008248,75
8.070311,1,-5.000000,-0.000000,3.995227,0.000000,0.000000,0.000000,0.000000,0.000000,0.000000,-0.000000,-5.000000,-0.000000,3.995215,0.000000,-0.000000,0.000033,1.000000,0.000000,0.000000,-0.000000,-0.000000,-0.000000,-0.000000,4512.575758,-0.000000,-0.000000,0.000000,2000.183646,2110.875854,2000.183646,2110.875854,2000.183646,2110.875854,2000.183646,2110.875854,0.008248,75
8.075313,1,-5.000000,-0.000000,3.995227,0.000000,0.000000,0.000000,0.000000,0.000000,0.000000,-0.000000,-5.000000,-0.000000,3.995216,0.000000,-0.000000,0.000033,1.000000,0.000000,0.000000,-0.000000,-0.000000,-0.000000,-0.000000,4512.575695,-0.000000,-0.000000,0.000000,2000.183632,2110.875840,2000.183632,2110.875840,2000.183632,2110.875840,2000.183632,2110.875840,0.008248,75
8.080303,1,-5.000000,-0.000000,3.995227,0.000000,0.000000,0.000000,0.000000,0.000000,0.000000,-0.000000,-5.000000,-0.000000,3.995216,0.000000,-0.000000,0.000033,1.000000,0.000000,0.000000,-0.000000,-0.000000,-0.000000,-0.000000,4512.575634,-0.000000,-0.000000,0.000000,2000.183619,2110.875826,2000.183619,2110.875826,2000.183619,2110.875826,2000.183619,2110.875826,0.008248,75
8.085310,1,-5.000000,-0.000000,3.995227,0.000000,0.000000,0.000000,0.000000,0.000000,0.000000,-0.000000,-5.000000,-0.000000,3.995216,0.000000,-0.000000,0.000033,1.000000,0.000000,0.000000,-0.000000,-0.000000,-0.000000,-0.000000,4512.575574,-0.000000,-0.000000,0.000000,2000.183606,2110.875812,2000.183606,2110.875812,2000.183606,2110.875812,2000.183606,2110.875812,0.008248,75
8.090326,1,-5.000000,-0.000000,3.995227,0.000000,0.000000,0.000000,0.000000,0.000000,0.000000,-0.000000,-5.000000,-0.000000,3.995216,0.000000,-0.000000,0.000033,1.000000,0.000000,0.000000,-0.000000,-0.000000,-0.000000,-0.000000,4512.575515,-0.000000,-0.000000,0.000000,2000.183593,2110.875799,2000.183593,2110.875799,2000.183593,2110.875799,2000.183593,2110.875799,0.008248,75
8.095249,1,-5.000000,-0.000000,3.995227,0.000000,0.000000,0.000000,0.000000,0.000000,0.000000,-0.000000,-5.000000,-0.000000,3.995216,0.000000,-0.000000,0.000033,1.000000,0.000000,0.000000,-0.000000,-0.000000,-0.000000,-0.000000,4512.575457,-0.000000,-0.000000,0.000000,2000.183581,2110.875785,2000.183581,2110.875785,2000.183581,2110.875785,2000.183581,2110.875785,0.008248,75
8.100249,1,-5.000000,-0.000000,3.995227,0.000000,0.000000,0.000000,0.000000,0.000000,0.000000,-0.000000,-5.000000,-0.000000,3.995216,0.000000,-0.000000,0.000033,1.000000,0.000000,0.000000,-0.000000,-0.000000,-0.000000,-0.000000,4512.575402,-0.000000,-0.000000,0.000000,2000.183569,2110.875773,2000.183569,2110.875773,2000.183569,2110.875773,2000.183569,2110.875773,0.008248,75
8.105314,1,-5.000000,-0.000000,3.995227,0.000000,0.000000,0.000000,0.000000,0.000000,0.000000,-0.000000,-5.000000,-0.000000,3.995217,0.000000,-0.000000,0.000032,1.000000,0.000000,0.000000,-0.000000,-0.000000,-0.000000,-0.000000,4512.575347,-0.000000,-0.000000,0.000000,2000.183557,2110.875760,2000.183557,2110.875760,2000.183557,2110.875760,2000.183557,2110.875760,0.008248,75
8.110322,1,-5.000000,-0.000000,3.995227,0.000000,0.000000,0.000000,0.000000,0.000000,0.000000,-0.000000,-5.000000,-0.000000,3.995217,0.000000,-0.000000,0.000032,1.000000,0.000000,0.000000,-0.000000,-0.000000,-0.000000,-0.000000,4512.575293,-0.000000,-0.000000,0.000000,2000.183546,2110.875748,2000.183546,2110.875748,2000.183546,2110.875748,2000.183546,2110.875748,0.008248,75
8.115311,1,-5.000000,-0.000000,3.995227,0.000000,0.000000,0.000000,0.000000,0.000000,0.000000,-0.000000,-5.000000,-0.000000,3.995217,0.000000,-0.000000,0.000032,1.000000,0.000000,0.000000,-0.000000,-0.000000,-0.000000,-0.000000,4512.575241,-0.000000,-0.000000,0.000000,2000.183535,2110.875736,2000.183535,2110.875736,2000.183535,2110.875736,2000.183535,2110.875736,0.008248,75
8.120280,1,-5.000000,-0.000000,3.995227,0.000000,0.000000,0.000000,0.000000,0.000000,0.000000,-0.000000,-5.000000,-0.000000,3.995217,0.000000,-0.000000,0.000032,1.000000,0.000000,0.000000,-0.000000,-0.000000,-0.000000,-0.000000,4512.575190,-0.000000,-0.000000,0.000000,2000.183524,2110.875724,2000.183524,2110.875724,2000.183524,2110.875724,2000.183524,2110.875724,0.008248,75
8.125220,1,-5.000000,-0.000000,3.995227,0.000000,0.000000,0.000000,0.000000,0.000000,0.000000,-0.000000,-5.000000,-0.000000,3.995217,0.000000,-0.000000,0.000032,1.000000,0.000000,0.000000,-0.000000,-0.000000,-0.000000,-0.000000,4512.575140,-0.000000,-0.000000,0.000000,2000.183513,2110.875713,2000.183513,2110.875713,2000.183513,2110.875713,2000.183513,2110.875713,0.008248,75
8.130320,1,-5.000000,-0.000000,3.995227,0.000000,0.000000,0.000000,0.000000,0.000000,0.000000,-0.000000,-5.000000,-0.000000,3.995217,0.000000,-0.000000,0.000032,1.000000,-0.000000,0.000000,-0.000000,-0.000000,-0.000000,0.000000,4512.575093,-0.000000,-0.000000,0.000000,2000.183503,2110.875702,2000.183503,2110.875702,2000.183503,2110.875702,2000.183503,2110.875702,0.008248,75
8.135310,1,-5.000000,-0.000000,3.995227,0.000000,0.000000,0.000000,0.000000,0.000000,0.000000,-0.000000,-5.000000,-0.000000,3.995218,0.000000,-0.000000,0.000032,1.000000,-0.000000,0.000000,-0.000000,-0.000000,-0.000000,0.000000,4512.575044,-0.000000,-0.000000,-0.000000,2000.183492,2110.875691,2000.183492,2110.875691,2000.183492,2110.875691,2000.183492,2110.875691,0.008248,75
8.140329,1,-5.000000,-0.000000,3.995227,0.000000,0.000000,0.000000,0.000000,0.000000,0.000000,-0.000000,-5.000000,-0.000000,3.995218,0.000000,-0.000000,0.000032,1.000000,-0.000000,0.000000,-0.000000,-0.000000,-0.000000,0.000000,4512.574999,-0.000000,-0.000000,-0.000000,2000.183483,2110.875680,2000.183483,2110.875680,2000.183483,2110.875680,2000.183483,2110.875680,0.008248,75
8.145338,1,-5.000000,-0.000000,3.995227,0.000000,0.000000,0.000000,0.000000,0.000000,0.000000,-0.000000,-5.000000,-0.000000,3.995218,0.000000,-0.000000,0.000032,1.000000,-0.000000,0.000000,-0.000000,-0.000000,-0.000000,0.000000,4512.574954,-0.000000,-0.000000,-0.000000,2000.183473,2110.875670,2000.183473,2110.875670,2000.183473,2110.875670,2000.183473,2110.875670,0.008248,75
8.150335,1,-5.000000,-0.000000,3.995227,0.000000,0.000000,0.000000,0.000000,0.000000,0.000000,-0.000000,-5.000000,-0.000000,3.995218,0.000000,-0.000000,0.000031,1.000000,-0.000000,0.000000,-0.000000,-0.000000,-0.000000,0.000000,4512.574910,-0.000000,-0.000000,-0.000000,2000.183464,2110.875660,2000.183464,2110.875660,2000.183464,2110.875660,2000.183464,2110.875660,0.008248,75
8.155226,1,-5.000000,-0.000000,3.995227,0.000000,0.000000,0.000000,0.000000,0.000000,0.000000,-0.000000,-5.000000,-0.000000,3.995218,0.000000,-0.000000,0.000031,1.000000,-0.000000,0.000000,-0.000000,-0.000000,-0.000000,0.000000,4512.574868,-0.000000,-0.000000,-0.000000,2000.183454,2110.875650,2000.183454,2110.875650,2000.183454,2110.875650,2000.183454,2110.875650,0.008248,75
8.160225,1,-5.000000,-0.000000,3.995227,0.000000,0.000000,0.000000,0.000000,0.000000,0.000000,-0.000000,-5.000000,-0.000000,3.995218,0.000000,-0.000000,0.000031,1.000000,-0.000000,0.000000,-0.000000,-0.000000,-0.000000,0.000000,4512.574827,-0.000000,-0.000000,-0.000000,2000.183446,2110.875641,2000.183446,2110.875641,2000.183446,2110.875641,2000.183446,2110.875641,0.008248,75
8.165318,1,-5.000000,-0.000000,3.995227,0.000000,0.000000,0.000000,0.000000,0.000000,0.000000,-0.000000,-5.000000,-0.000000,3.995219,0.000000,-0.000000,0.000031,1.000000,-0.000000,0.000000,-0.000000,-0.000000,-0.000000,0.000000,4512.574787,-0.000000,-0.000000,-0.000000,2000.183437,2110.875632,2000.183437,2110.875632,2000.183437,2110.875632,2000.183437,2110.875632,0.008248,75
8.170318,1,-5.000000,-0.000000,3.995227,0.000000,0.000000,0.000000,0.000000,0.000000,0.000000,-0.000000,-5.000000,-0.000000,3.995219,0.000000,-0.000000,0.000031,1.000000,-0.000000,0.000000,-0.000000,-0.000000,-0.000000,0.000000,4512.574748,-0.000000,-0.000000,-0.000000,2000.183429,2110.875623,2000.183429,2110.875623,2000.183429,2110.875623,2000.183429,2110.875623,0.008248,75
8.175322,1,-5.000000,-0.000000,3.995227,0.000000,0.000000,0.000000,0.000000,0.000000,0.000000,-0.000000,-5.000000,-0.000000,3.995219,0.000000,-0.000000,0.000031,1.000000,-0.000000,0.000000,-0.000000,-0.000000,-0.000000,0.000000,4512.574710,-0.000000,-0.000000,-0.000000,2000.183421,2110.875614,2000.183421,2110.875614,2000.183421,2110.875614,2000.183421,2110.875614,0.008248,75
8.180224,1,-5.000000,-0.000000,3.995227,0.000000,0.000000,0.000000,0.000000,0.000000,0.000000,-0.000000,-5.000000,-0.000000,3.995219,0.000000,-0.000000,0.000031,1.000000,-0.000000,0.000000,-0.000000,-0.000000,-0.000000,0.000000,4512.574673,-0.000000,-0.000000,-0.000000,2000.183413,2110.875606,2000.183413,2110.875606,2000.183413,2110.875606,2000.183413,2110.875606,0.008248,75
8.185221,1,-5.000000,-0.000000,3.995227,0.000000,0.000000,0.000000,0.000000,0.000000,0.000000,-0.000000,-5.000000,-0.000000,3.995219,0.000000,-0.000000,0.000031,1.000000,-0.000000,0.000000,-0.000000,-0.000000,-0.000000,0.000000,4512.574639,-0.000000,-0.000000,-0.000000,2000.183405,2110.875598,2000.183405,2110.875598,2000.183405,2110.875598,2000.183405,2110.875598,0.008248,75
8.190315,1,-5.000000,-0.000000,3.995227,0.000000,0.000000,0.000000,0.000000,0.000000,0.000000,-0.000000,-5.000000,-0.000000,3.995219,0.000000,-0.000000,0.000031,1.000000,-0.000000,0.000000,-0.000000,-0.000000,-0.000000,0.000000,4512.574604,-0.000000,-0.000000,-0.000000,2000.183398,2110.875590,2000.183398,2110.875590,2000.183398,2110.875590,2000.183398,2110.875590,0.008248,75
8.195336,1,-5.000000,-0.000000,3.995227,0.000000,0.000000,0.000000,0.000000,0.000000,0.000000,-0.000000,-5.000000,-0.000000,3.995219,0.000000,-0.000000,0.000030,1.000000,-0.000000,0.000000,-0.000000,-0.000000,-0.000000,0.000000,4512.574570,-0.000000,-0.000000,-0.000000,2000.183391,2110.875582,2000.183391,2110.875582,2000.183391,2110.875582,2000.183391,2110.875582,0.008248,75
8.200249,1,-5.000000,-0.000000,3.995227,0.000000,0.000000,0.000000,0.000000,0.000000,0.000000,-0.000000,-5.000000,-0.000000,3.995220,0.000000,-0.000000,0.000030,1.000000,-0.000000,0.000000,-0.000000,-0.000000,-0.000000,0.000000,4512.574538,-0.000000,-0.000000,-0.000000,2000.183384,2110.875575,2000.183384,2110.875575,2000.183384,2110.875575,2000.183384,2110.875575,0.008248,75
8.205219,1,-5.000000,-0.000000,3.995227,0.000000,0.000000,0.000000,0.000000,0.000000,0.000000,-0.000000,-5.000000,-0.000000,3.995220,0.000000,-0.000000,0.000030,1.000000,-0.000000,0.000000,-0.000000,-0.000000,-0.000000,0.000000,4512.574507,-0.000000,-0.000000,-0.000000,2000.183377,2110.875568,2000.183377,2110.875568,2000.183377,2110.875568,2000.183377,2110.875568,0.008248,75
8.210317,1,-5.000000,-0.000000,3.995227,0.000000,0.000000,0.000000,0.000000,0.000000,0.000000,-0.000000,-5.000000,-0.000000,3.995220,0.000000,-0.000000,0.000030,1.000000,-0.000000,0.000000,-0.000000,-0.000000,-0.000000,0.000000,4512.574477,-0.000000,-0.000000,-0.000000,2000.183371,2110.875561,2000.183371,2110.875561,2000.183371,2110.875561,2000.183371,2110.875561,0.008248,75
8.215315,1,-5.000000,-0.000000,3.995227,0.000000,0.000000,0.000000,0.000000,0.000000,0.000000,-0.000000,-5.000000,-0.000000,3.995220,0.000000,-0.000000,0.000030,1.000000,-0.000000,0.000000,-0.000000,-0.000000,-0.000000,0.000000,4512.574448,-0.000000,-0.000000,-0.000000,2000.183364,2110.875554,2000.183364,2110.875554,2000.183364,2110.875554,2000.183364,2110.875554,0.008248,75
8.220221,1,-5.000000,-0.000000,3.995227,0.000000,0.000000,0.000000,0.000000,0.000000,0.000000,-0.000000,-5.000000,-0.000000,3.995220,0.000000,-0.000000,0.000030,1.000000,-0.000000,0.000000,-0.000000,-0.000000,-0.000000,0.000000,4512.574420,-0.000000,-0.000000,-0.000000,2000.183358,2110.875548,2000.183358,2110.875548,2000.183358,2110.875548,2000.183358,2110.875548,0.008248,75
8.225224,1,-5.000000,-0.000000,3.995227,0.000000,0.000000,0.000000,0.000000,0.000000,0.000000,-0.000000,-5.000000,-0.000000,3.995220,0.000000,-0.000000,0.000030,1.000000,-0.000000,0.000000,-0.000000,-0.000000,-0.000000,0.000000,4512.574393,-0.000000,-0.000000,-0.000000,2000.183353,2110.875542,2000.183353,2110.875542,2000.183353,2110.875542,2000.183353,2110.875542,0.008248,75
8.230322,1,-5.000000,-0.000000,3.995227,0.000000,0.000000,0.000000,0.000000,0.000000,0.000000,-0.000000,-5.000000,-0.000000,3.995220,0.000000,-0.000000,0.000030,1.000000,-0.000000,0.000000,-0.000000,-0.000000,-0.000000,0.000000,4512.574367,-0.000000,-0.000000,-0.000000,2000.183347,2110.875536,2000.183347,2110.875536,2000.183347,2110.875536,2000.183347,2110.875536,0.008248,75
8.235322,1,-5.000000,-0.000000,3.995227,0.000000,0.000000,0.000000,0.000000,0.000000,0.000000,-0.000000,-5.000000,-0.000000,3.995221,0.000000,-0.000000,0.000029,1.000000,-0.000000,0.000000,-0.000000,-0.000000,-0.000000,0.000000,4512.574342,-0.000000,-0.000000,-0.000000,2000.183342,2110.875530,2000.183342,2110.875530,2000.183342,2110.875530,2000.183342,2110.875530,0.008248,75
8.240311,1,-5.000000,-0.000000,3.995227,0.000000,0.000000,0.000000,0.000000,0.000000,0.000000,-0.000000,-5.000000,-0.000000,3.995221,0.000000,-0.000000,0.000029,1.000000,-0.000000,0.000000,-0.000000,-0.000000,-0.000000,0.000000,4512.574317,0.000000,-0.000000,-0.000000,2000.183336,2110.875524,2000.183336,2110.875524,2000.183336,2110.875524,2000.183336,2110.875524,0.008248,75
8.245336,1,-5.000000,-0.000000,3.995227,0.000000,0.000000,0.000000,0.000000,0.000000,0.000000,-0.000000,-5.000000,-0.000000,3.995221,0.000000,-0.000000,0.000029,1.000000,-0.000000,0.000000,-0.000000,-0.000000,-0.000000,0.000000,4512.574294,0.000000,-0.000000,-0.000000,2000.183331,2110.875519,2000.183331,2110.875519,2000.183331,2110.875519,2000.183331,2110.875519,0.008248,75
8.250313,1,-5.000000,-0.000000,3.995227,0.000000,0.000000,0.000000,0.000000,0.000000,0.000000,-0.000000,-5.000000,-0.000000,3.995221,0.000000,-0.000000,0.000029,1.000000,-0.000000,0.000000,-0.000000,-0.000000,-0.000000,0.000000,4512.574272,0.000000,-0.000000,-0.000000,2000.183327,2110.875514,2000.183327,2110.875514,2000.183327,2110.875514,2000.183327,2110.875514,0.008248,75
8.255253,1,-5.000000,-0.000000,3.995227,0.000000,0.000000,0.000000,0.000000,0.000000,0.000000,-0.000000,-5.000000,-0.000000,3.995221,0.000000,-0.000000,0.000029,1.000000,-0.000000,0.000000,-0.000000,-0.000000,-0.000000,0.000000,4512.574251,0.000000,-0.000000,-0.000000,2000.183322,2110.875509,2000.183322,2110.875509,2000.183322,2110.875509,2000.183322,2110.875509,0.008248,75
8.260313,1,-5.000000,-0.000000,3.995227,0.000000,0.000000,0.000000,0.000000,0.000000,0.000000,-0.000000,-5.000000,-0.000000,3.995221,0.000000,-0.000000,0.000029,1.000000,-0.000000,0.000000,-0.000000,-0.000000,-0.000000,0.000000,4512.574231,0.000000,-0.000000,-0.000000,2000.183318,2110.875504,2000.183318,2110.875504,2000.183318,2110.875504,2000.183318,2110.875504,0.008248,75
8.265335,1,-5.000000,-0.000000,3.995227,0.000000,0.000000,0.000000,0.000000,0.000000,0.000000,-0.000000,-5.000000,-0.000000,3.995222,0.000000,-0.000000,0.000029,1.000000,-0.000000,0.000000,-0.000000,-0.000000,-0.000000,0.000000,4512.574212,0.000000,-0.000000,-0.000000,2000.183314,2110.875500,2000.183314,2110.875500,2000.183314,2110.875500,2000.183314,2110.875500,0.008248,75
8.270322,1,-5.000000,-0.000000,3.995227,0.000000,0.000000,0.000000,0.000000,0.000000,0.000000,-0.000000,-5.000000,-0.000000,3.995222,0.000000,-0.000000,0.000029,1.000000,-0.000000,0.000000,-0.000000,-0.000000,-0.000000,0.000000,4512.574193,0.000000,-0.000000,-0.000000,2000.183310,2110.875496,2000.183310,2110.875496,2000.183310,2110.875496,2000.183310,2110.875496,0.008248,75
8.275323,1,-5.000000,-0.000000,3.995227,0.000000,0.000000,0.000000,0.000000,0.000000,0.000000,-0.000000,-5.000000,-0.000000,3.995222,0.000000,-0.000000,0.000029,1.000000,-0.000000,0.000000,-0.000000,-0.000000,-0.000000,0.000000,4512.574176,0.000000,-0.000000,-0.000000,2000.183306,2110.875492,2000.183306,2110.875492,2000.183306,2110.875492,2000.183306,2110.875492,0.008248,75
8.280231,1,-5.000000,-0.000000,3.995227,0.000000,0.000000,0.000000,0.000000,0.000000,0.000000,-0.000000,-5.000000,-0.000000,3.995222,0.000000,-0.000000,0.000028,1.000000,-0.000000,0.000000,-0.000000,-0.000000,-0.000000,-0.000000,4512.574160,0.000000,-0.000000,-0.000000,2000.183302,2110.875488,2000.183302,2110.875488,2000.183302,2110.875488,2000.183302,2110.875488,0.008248,75
8.285252,1,-5.000000,-0.000000,3.995227,0.000000,0.000000,0.000000,0.000000,0.000000,0.000000,-0.000000,-5.000000,-0.000000,3.995222,0.000000,-0.000000,0.000028,1.000000,-0.000000,0.000000,-0.000000,-0.000000,-0.000000,-0.000000,4512.574144,0.000000,-0.000000,-0.000000,2000.183299,2110.875485,2000.183299,2110.875485,2000.183299,2110.875485,2000.183299,2110.875485,0.008248,75
8.290312,1,-5.000000,-0.000000,3.995227,0.000000,0.000000,0.000000,0.000000,0.000000,0.000000,-0.000000,-5.000000,-0.000000,3.995222,0.000000,-0.000000,0.000028,1.000000,-0.000000,0.000000,-0.000000,-0.000000,-0.000000,-0.000000,4512.574129,0.000000,-0.000000,0.000000,2000.183296,2110.875481,2000.183296,2110.875481,2000.183296,2110.875481,2000.183296,2110.875481,0.008248,75
8.295316,1,-5.000000,-0.000000,3.995227,0.000000,0.000000,0.000000,0.000000,0.000000,0.000000,-0.000000,-5.000000,-0.000000,3.995222,0.000000,-0.000000,0.000028,1.000000,-0.000000,0.000000,-0.000000,-0.000000,-0.000000,-0.000000,4512.574115,0.000000,-0.000000,0.000000,2000.183293,2110.875478,2000.183293,2110.875478,2000.183293,2110.875478,2000.183293,2110.875478,0.008248,75
8.300314,1,-5.000000,-0.000000,3.995227,0.000000,0.000000,0.000000,0.000000,0.000000,0.000000,-0.000000,-5.000000,-0.000000,3.995223,0.000000,-0.000000,0.000028,1.000000,-0.000000,0.000000,-0.000000,-0.000000,-0.000000,0.000000,4512.574102,0.000000,-0.000000,0.000000,2000.183290,2110.875475,2000.183290,2110.875475,2000.183290,2110.875475,2000.183290,2110.875475,0.008248,75
8.305326,1,-5.000000,-0.000000,3.995227,0.000000,0.000000,0.000000,0.000000,0.000000,0.000000,-0.000000,-5.000000,-0.000000,3.995223,0.000000,-0.000000,0.000028,1.000000,-0.000000,0.000000,-0.000000,-0.000000,-0.000000,0.000000,4512.574090,0.000000,-0.000000,-0.000000,2000.183288,2110.875472,2000.183288,2110.875472,2000.183288,2110.875472,2000.183288,2110.875472,0.008248,75
8.310332,1,-5.000000,-0.000000,3.995227,0.000000,0.000000,0.000000,0.000000,0.000000,0.000000,-0.000000,-5.000000,-0.000000,3.995223,0.000000,-0.000000,0.000028,1.000000,-0.000000,0.000000,-0.000000,-0.000000,-0.000000,0.000000,4512.574079,0.000000,-0.000000,-0.000000,2000.183285,2110.875470,2000.183285,2110.875470,2000.183285,2110.875470,2000.183285,2110.875470,0.008248,75
8.315315,1,-5.000000,-0.000000,3.995227,0.000000,0.000000,0.000000,0.000000,0.000000,0.000000,-0.000000,-5.000000,-0.000000,3.995223,0.000000,-0.000000,0.000028,1.000000,-0.000000,0.000000,-0.000000,-0.000000,-0.000000,0.000000,4512.574068,0.000000,-0.000000,-0.000000,2000.183283,2110.875467,2000.183283,2110.875467,2000.183283,2110.875467,2000.183283,2110.875467,0.008248,75
8.320311,1,-5.000000,-0.000000,3.995227,0.000000,0.000000,0.000000,0.000000,0.000000,0.000000,-0.000000,-5.000000,-0.000000,3.995223,0.000000,-0.000000,0.000027,1.000000,-0.000000,0.000000,-0.000000,-0.000000,-0.000000,0.000000,4512.574059,0.000000,-0.000000,-0.000000,2000.183281,2110.875465,2000.183281,2110.875465,2000.183281,2110.875465,2000.183281,2110.875465,0.008248,75
8.325308,1,-5.000000,-0.000000,3.995227,0.000000,0.000000,0.000000,0.000000,0.000000,0.000000,-0.000000,-5.000000,-0.000000,3.995223,0.000000,-0.000000,0.000027,1.000000,-0.000000,0.000000,-0.000000,-0.000000,-0.000000,0.000000,4512.574050,0.000000,-0.000000,-0.000000,2000.183279,2110.875463,2000.183279,2110.875463,2000.183279,2110.875463,2000.183279,2110.875463,0.008248,75
8.330308,1,-5.000000,-0.000000,3.995227,0.000000,0.000000,0.000000,0.000000,0.000000,0.000000,-0.000000,-5.000000,-0.000000,3.995223,0.000000,-0.000000,0.000027,1.000000,-0.000000,0.000000,-0.000000,-0.000000,-0.000000,0.000000,4512.574042,0.000000,-0.000000,-0.000000,2000.183277,2110.875461,2000.183277,2110.875461,2000.183277,2110.875461,2000.183277,2110.875461,0.008248,75
8.335332,1,-5.000000,-0.000000,3.995227,0.000000,0.000000,0.000000,0.000000,0.000000,0.000000,-0.000000,-5.000000,-0.000000,3.995223,0.000000,-0.000000,0.000027,1.000000,-0.000000,0.000000,-0.000000,-0.000000,-0.000000,0.000000,4512.574035,0.000000,-0.000000,-0.000000,2000.183276,2110.875459,2000.183276,2110.875459,2000.183276,2110.875459,2000.183276,2110.875459,0.008248,75
8.340323,1,-5.000000,-0.000000,3.995227,0.000000,0.000000,0.000000,0.000000,0.000000,0.000000,-0.000000,-5.000000,-0.000000,3.995224,0.000000,-0.000000,0.000027,1.000000,-0.000000,0.000000,-0.000000,-0.000000,-0.000000,0.000000,4512.574028,0.000000,-0.000000,-0.000000,2000.183274,2110.875458,2000.183274,2110.875458,2000.183274,2110.875458,2000.183274,2110.875458,0.008248,75
8.345312,1,-5.000000,-0.000000,3.995227,0.000000,0.000000,0.000000,0.000000,0.000000,0.000000,-0.000000,-5.000000,-0.000000,3.995224,0.000000,-0.000000,0.000027,1.000000,-0.000000,0.000000,0.000000,-0.000000,-0.000000,0.000000,4512.574022,0.000000,0.000000,-0.000000,2000.183273,2110.875457,2000.183273,2110.875457,2000.183273,2110.875457,2000.183273,2110.875457,0.008248,75
8.350248,1,-5.000000,-0.000000,3.995227,0.000000,0.000000,0.000000,0.000000,0.000000,0.000000,-0.000000,-5.000000,-0.000000,3.995224,0.000000,-0.000000,0.000027,1.000000,-0.000000,0.000000,0.000000,-0.000000,-0.000000,0.000000,4512.574017,0.000000,0.000000,-0.000000,2000.183272,2110.875455,2000.183272,2110.875455,2000.183272,2110.875455,2000.183272,2110.875455,0.008248,75
8.355365,1,-5.000000,-0.000000,3.995227,0.000000,0.000000,0.000000,0.000000,0.000000,0.000000,-0.000000,-5.000000,-0.000000,3.995224,0.000000,-0.000000,0.000027,1.000000,-0.000000,0.000000,0.000000,-0.000000,-0.000000,0.000000,4512.574013,0.000000,0.000000,-0.000000,2000.183271,2110.875455,2000.183271,2110.875455,2000.183271,2110.875455,2000.183271,2110.875455,0.008248,75
8.360360,1,-5.000000,-0.000000,3.995227,0.000000,0.000000,0.000000,0.000000,0.000000,0.000000,-0.000000,-5.000000,-0.000000,3.995224,0.000000,-0.000000,0.000026,1.000000,-0.000000,0.000000,0.000000,-0.000000,-0.000000,0.000000,4512.574010,0.000000,0.000000,-0.000000,2000.183270,2110.875454,2000.183270,2110.875454,2000.183270,2110.875454,2000.183270,2110.875454,0.008248,75
8.365361,1,-5.000000,-0.000000,3.995227,0.000000,0.000000,0.000000,0.000000,0.000000,0.000000,-0.000000,-5.000000,-0.000000,3.995224,0.000000,-0.000000,0.000026,1.000000,-0.000000,0.000000,0.000000,-0.000000,-0.000000,0.000000,4512.574007,0.000000,0.000000,-0.000000,2000.183270,2110.875453,2000.183270,2110.875453,2000.183270,2110.875453,2000.183270,2110.875453,0.008248,75
8.370369,1,-5.000000,-0.000000,3.995227,0.000000,0.000000,0.000000,0.000000,0.000000,0.000000,-0.000000,-5.000000,-0.000000,3.995224,0.000000,-0.000000,0.000026,1.000000,-0.000000,0.000000,0.000000,-0.000000,-0.000000,0.000000,4512.574005,0.000000,0.000000,-0.000000,2000.183269,2110.875453,2000.183269,2110.875453,2000.183269,2110.875453,2000.183269,2110.875453,0.008248,75
8.375351,1,-5.000000,-0.000000,3.995227,0.000000,0.000000,0.000000,0.000000,0.000000,0.000000,-0.000000,-5.000000,-0.000000,3.995225,0.000000,-0.000000,0.000026,1.000000,-0.000000,0.000000,0.000000,-0.000000,-0.000000,0.000000,4512.574004,0.000000,0.000000,-0.000000,2000.183269,2110.875452,2000.183269,2110.875452,2000.183269,2110.875452,2000.183269,2110.875452,0.008248,75
8.380337,1,-5.000000,-0.000000,3.995227,0.000000,0.000000,0.000000,0.000000,0.000000,0.000000,-0.000000,-5.000000,-0.000000,3.995225,0.000000,-0.000000,0.000026,1.000000,-0.000000,0.000000,0.000000,-0.000000,-0.000000,0.000000,4512.574003,0.000000,0.000000,-0.000000,2000.183269,2110.875452,2000.183269,2110.875452,2000.183269,2110.875452,2000.183269,2110.875452,0.008248,75
8.385220,1,-5.000000,-0.000000,3.995227,0.000000,0.000000,0.000000,0.000000,0.000000,0.000000,-0.000000,-5.000000,-0.000000,3.995225,0.000000,-0.000000,0.000026,1.000000,-0.000000,0.000000,0.000000,-0.000000,-0.000000,0.000000,4512.574003,0.000000,0.000000,-0.000000,2000.183269,2110.875452,2000.183269,2110.875452,2000.183269,2110.875452,2000.183269,2110.875452,0.008248,75
8.390248,1,-5.000000,-0.000000,3.995227,0.000000,0.000000,0.000000,0.000000,0.000000,0.000000,-0.000000,-5.000000,-0.000000,3.995225,0.000000,-0.000000,0.000026,1.000000,-0.000000,0.000000,0.000000,-0.000000,-0.000000,-0.000000,4512.574004,0.000000,0.000000,-0.000000,2000.183269,2110.875452,2000.183269,2110.875452,2000.183269,2110.875452,2000.183269,2110.875452,0.008248,75
8.395261,1,-5.000000,-0.000000,3.995227,0.000000,0.000000,0.000000,0.000000,0.000000,0.000000,-0.000000,-5.000000,-0.000000,3.995225,0.000000,-0.000000,0.000026,1.000000,-0.000000,0.000000,0.000000,-0.000000,-0.000000,0.000000,4512.574006,0.000000,0.000000,-0.000000,2000.183269,2110.875453,2000.183269,2110.875453,2000.183269,2110.875453,2000.183269,2110.875453,0.008248,75
8.400314,1,-5.000000,-0.000000,3.995227,0.000000,0.000000,0.000000,0.000000,0.000000,0.000000,-0.000000,-5.000000,-0.000000,3.995225,0.000000,-0.000000,0.000025,1.000000,-0.000000,0.000000,0.000000,-0.000000,-0.000000,0.000000,4512.574008,0.000000,0.000000,-0.000000,2000.183270,2110.875453,2000.183270,2110.875453,2000.183270,2110.875453,2000.183270,2110.875453,0.008248,75
8.405324,1,-5.000000,-0.000000,3.995227,0.000000,0.000000,0.000000,0.000000,0.000000,0.000000,-0.000000,-5.000000,-0.000000,3.995225,0.000000,-0.000000,0.000025,1.000000,-0.000000,0.000000,0.000000,-0.000000,-0.000000,0.000000,4512.574011,0.000000,0.000000,-0.000000,2000.183271,2110.875454,2000.183271,2110.875454,2000.183271,2110.875454,2000.183271,2110.875454,0.008248,75
8.410312,1,-5.000000,-0.000000,3.995227,0.000000,0.000000,0.000000,0.000000,0.000000,0.000000,-0.000000,-5.000000,-0.000000,3.995225,0.000000,-0.000000,0.000025,1.000000,-0.000000,-0.000000,0.000000,-0.000000,-0.000000,0.000000,4512.574014,0.000000,0.000000,-0.000000,2000.183271,2110.875455,2000.183271,2110.875455,2000.183271,2110.875455,2000.183271,2110.875455,0.008248,75
8.415322,1,-5.000000,-0.000000,3.995227,0.000000,0.000000,0.000000,0.000000,0.000000,0.000000,-0.000000,-5.000000,-0.000000,3.995226,0.000000,-0.000000,0.000025,1.000000,-0.000000,-0.000000,0.000000,-0.000000,-0.000000,0.000000,4512.574018,0.000000,0.000000,-0.000000,2000.183272,2110.875456,2000.183272,2110.875456,2000.183272,2110.875456,2000.183272,2110.875456,0.008248,75
8.420324,1,-5.000000,-0.000000,3.995227,0.000000,0.000000,0.000000,0.000000,0.000000,0.000000,-0.000000,-5.000000,-0.000000,3.995226,0.000000,-0.000000,0.000025,1.000000,-0.000000,-0.000000,0.000000,-0.000000,-0.000000,0.000000,4512.574023,0.000000,0.000000,-0.000000,2000.183273,2110.875457,2000.183273,2110.875457,2000.183273,2110.875457,2000.183273,2110.875457,0.008248,75
8.425336,1,-5.000000,-0.000000,3.995227,0.000000,0.000000,0.000000,0.000000,0.000000,0.000000,-0.000000,-5.000000,-0.000000,3.995226,0.000000,-0.000000,0.000025,1.000000,-0.000000,-0.000000,0.000000,-0.000000,-0.000000,0.000000,4512.574029,0.000000,0.000000,-0.000000,2000.183274,2110.875458,2000.183274,2110.875458,2000.183274,2110.875458,2000.183274,2110.875458,0.008248,75
8.430337,1,-5.000000,-0.000000,3.995227,0.000000,0.000000,0.000000,0.000000,0.000000,0.000000,-0.000000,-5.000000,-0.000000,3.995226,0.000000,-0.000000,0.000025,1.000000,-0.000000,-0.000000,0.000000,-0.000000,-0.000000,0.000000,4512.574035,0.000000,0.000000,-0.000000,2000.183276,2110.875459,2000.183276,2110.875459,2000.183276,2110.875459,2000.183276,2110.875459,0.008248,75
8.435255,1,-5.000000,-0.000000,3.995227,0.000000,0.000000,0.000000,0.000000,0.000000,0.000000,-0.000000,-5.000000,-0.000000,3.995226,0.000000,-0.000000,0.000025,1.000000,-0.000000,-0.000000,0.000000,-0.000000,-0.000000,0.000000,4512.574041,0.000000,0.000000,-0.000000,2000.183277,2110.875461,2000.183277,2110.875461,2000.183277,2110.875461,2000.183277,2110.875461,0.008248,75
8.440256,1,-5.000000,-0.000000,3.995227,0.000000,0.000000,0.000000,0.000000,0.000000,0.000000,-0.000000,-5.000000,-0.000000,3.995226,0.000000,-0.000000,0.000024,1.000000,-0.000000,-0.000000,0.000000,-0.000000,-0.000000,0.000000,4512.574049,0.000000,0.000000,-0.000000,2000.183279,2110.875463,2000.183279,2110.875463,2000.183279,2110.875463,2000.183279,2110.875463,0.008248,75
8.445335,1,-5.000000,-0.000000,3.995227,0.000000,0.000000,0.000000,0.000000,0.000000,0.000000,-0.000000,-5.000000,-0.000000,3.995226,0.000000,-0.000000,0.000024,1.000000,-0.000000,-0.000000,0.000000,-0.000000,-0.000000,0.000000,4512.574056,0.000000,0.000000,-0.000000,2000.183280,2110.875464,2000.183280,2110.875464,2000.183280,2110.875464,2000.183280,2110.875464,0.008248,75
8.450337,1,-5.000000,-0.000000,3.995227,0.000000,0.000000,0.000000,0.000000,0.000000,0.000000,-0.000000,-5.000000,-0.000000,3.995226,0.000000,-0.000000,0.000024,1.000000,-0.000000,-0.000000,0.000000,-0.000000,-0.000000,0.000000,4512.574065,0.000000,0.000000,-0.000000,2000.183282,2110.875466,2000.183282,2110.875466,2000.183282,2110.875466,2000.183282,2110.875466,0.008248,75
8.455337,1,-5.000000,-0.000000,3.995227,0.000000,0.000000,0.000000,0.000000,0.000000,0.000000,-0.000000,-5.000000,-0.000000,3.995227,0.000000,-0.000000,0.000024,1.000000,-0.000000,-0.000000,0.000000,-0.000000,-0.000000,0.000000,4512.574074,0.000000,0.000000,-0.000000,2000.183284,2110.875468,2000.183284,2110.875468,2000.183284,2110.875468,2000.183284,2110.875468,0.008248,75
8.460339,1,-5.000000,-0.000000,3.995227,0.000000,0.000000,0.000000,0.000000,0.000000,0.000000,-0.000000,-5.000000,-0.000000,3.995227,0.000000,-0.000000,0.000024,1.000000,-0.000000,-0.000000,0.000000,-0.000000,-0.000000,0.000000,4512.574084,0.000000,0.000000,-0.000000,2000.183286,2110.875471,2000.183286,2110.875471,2000.183286,2110.875471,2000.183286,2110.875471,0.008248,75
8.465315,1,-5.000000,-0.000000,3.995227,0.000000,0.000000,0.000000,0.000000,0.000000,0.000000,-0.000000,-5.000000,-0.000000,3.995227,0.000000,-0.000000,0.000024,1.000000,-0.000000,-0.000000,0.000000,-0.000000,-0.000000,0.000000,4512.574094,0.000000,0.000000,-0.000000,2000.183288,2110.875473,2000.183288,2110.875473,2000.183288,2110.875473,2000.183288,2110.875473,0.008248,75
8.470327,1,-5.000000,-0.000000,3.995227,0.000000,0.000000,0.000000,0.000000,0.000000,0.000000,-0.000000,-5.000000,-0.000000,3.995227,0.000000,-0.000000,0.000024,1.000000,-0.000000,-0.000000,0.000000,-0.000000,-0.000000,0.000000,4512.574105,0.000000,0.000000,-0.000000,2000.183291,2110.875475,2000.183291,2110.875475,2000.183291,2110.875475,2000.183291,2110.875475,0.008248,75
8.475324,1,-5.000000,-0.000000,3.995227,0.000000,0.000000,0.000000,0.000000,0.000000,0.000000,-0.000000,-5.000000,-0.000000,3.995227,0.000000,-0.000000,0.000024,1.000000,-0.000000,-0.000000,0.000000,-0.000000,-0.000000,0.000000,4512.574116,0.000000,0.000000,-0.000000,2000.183293,2110.875478,2000.183293,2110.875478,2000.183293,2110.875478,2000.183293,2110.875478,0.008248,75
8.480318,1,-5.000000,-0.000000,3.995227,0.000000,0.000000,0.000000,0.000000,0.000000,0.000000,-0.000000,-5.000000,-0.000000,3.995227,0.000000,-0.000000,0.000024,1.000000,-0.000000,-0.000000,0.000000,-0.000000,-0.000000,0.000000,4512.574128,0.000000,0.000000,-0.000000,2000.183296,2110.875481,2000.183296,2110.875481,2000.183296,2110.875481,2000.183296,2110.875481,0.008248,75
8.485224,1,-5.000000,-0.000000,3.995227,0.000000,0.000000,0.000000,0.000000,0.000000,0.000000,-0.000000,-5.000000,-0.000000,3.995227,0.000000,-0.000000,0.000023,1.000000,-0.000000,-0.000000,0.000000,-0.000000,-0.000000,0.000000,4512.574140,0.000000,0.000000,-0.000000,2000.183298,2110.875484,2000.183298,2110.875484,2000.183298,2110.875484,2000.183298,2110.875484,0.008248,75
8.490316,1,-5.000000,-0.000000,3.995227,0.000000,0.000000,0.000000,0.000000,0.000000,0.000000,-0.000000,-5.000000,-0.000000,3.995227,0.000000,-0.000000,0.000023,1.000000,-0.000000,-0.000000,0.000000,-0.000000,-0.000000,0.000000,4512.574153,0.000000,0.000000,-0.000000,2000.183301,2110.875486,2000.183301,2110.875486,2000.183301,2110.875486,2000.183301,2110.875486,0.008248,75
8.495333,1,-5.000000,-0.000000,3.995227,0.000000,0.000000,0.000000,0.000000,0.000000,0.000000,-0.000000,-5.000000,-0.000000,3.995227,0.000000,-0.000000,0.000023,1.000000,-0.000000,-0.000000,0.000000,-0.000000,-0.000000,0.000000,4512.574166,0.000000,0.000000,-0.000000,2000.183304,2110.875490,2000.183304,2110.875490,2000.183304,2110.875490,2000.183304,2110.875490,0.008248,75
